ID,raw_index,raw_token,raw_start,raw_end,corr_index,corr_token,corr_start,corr_end,op,equal_ci,error_type,CorrSentenceID,Sentence Boundaries,TITLE,DIALOGUE,SentenceRef,BoundaryCheck
BBCMHJPT,0.0,There,0.0,5.0,0,There,0,5,equal,True,Equal,0,Sentence Beginning,False,False,BBCMHJPT_s000,Correct Beginning
BBCMHJPT,1.0,once,6.0,10.0,1,once,6,10,equal,True,Equal,0,,False,False,BBCMHJPT_s000,
BBCMHJPT,2.0,was,11.0,14.0,2,was,11,14,equal,True,Equal,0,,False,False,BBCMHJPT_s000,
BBCMHJPT,3.0,a,15.0,16.0,3,a,15,16,equal,True,Equal,0,,False,False,BBCMHJPT_s000,
BBCMHJPT,4.0,girl,17.0,21.0,4,girl,17,21,equal,True,Equal,0,,False,False,BBCMHJPT_s000,
BBCMHJPT,5.0,called,22.0,28.0,5,called,22,28,equal,True,Equal,0,,False,False,BBCMHJPT_s000,
BBCMHJPT,6.0,lilly,29.0,34.0,6,lilly,29,34,equal,True,Equal,0,,False,False,BBCMHJPT_s000,
BBCMHJPT,7.0,she,35.0,38.0,7,she,35,38,equal,True,Equal,0,,False,False,BBCMHJPT_s000,
BBCMHJPT,8.0,had,39.0,42.0,8,had,39,42,equal,True,Equal,0,,False,False,BBCMHJPT_s000,
BBCMHJPT,9.0,pet,43.0,46.0,9,pet,43,46,equal,True,Equal,0,,False,False,BBCMHJPT_s000,
BBCMHJPT,10.0,horse,47.0,52.0,10,horse,47,52,equal,True,Equal,0,,False,False,BBCMHJPT_s000,
BBCMHJPT,11.0,they,53.0,57.0,11,they,53,57,equal,True,Equal,0,,False,False,BBCMHJPT_s000,
BBCMHJPT,12.0,went,58.0,62.0,12,went,58,62,equal,True,Equal,0,,False,False,BBCMHJPT_s000,
BBCMHJPT,13.0,for,63.0,66.0,13,for,63,66,equal,True,Equal,0,,False,False,BBCMHJPT_s000,
BBCMHJPT,14.0,walk,67.0,71.0,14,walk,67,71,equal,True,Equal,0,,False,False,BBCMHJPT_s000,
BBCMHJPT,15.0,oh,72.0,74.0,15,oh,72,74,equal,True,Equal,0,,False,False,BBCMHJPT_s000,
BBCMHJPT,16.0,no,75.0,77.0,16,no,75,77,equal,True,Equal,0,,False,False,BBCMHJPT_s000,
BBCMHJPT,17.0,she,78.0,81.0,17,she,78,81,equal,True,Equal,0,,False,False,BBCMHJPT_s000,
BBCMHJPT,18.0,said,82.0,86.0,18,said,82,86,equal,True,Equal,0,,False,False,BBCMHJPT_s000,
BBCMHJPT,19.0,we,87.0,89.0,19,we,87,89,equal,True,Equal,0,,False,False,BBCMHJPT_s000,
BBCMHJPT,20.0,are,90.0,93.0,20,are,90,93,equal,True,Equal,0,,False,False,BBCMHJPT_s000,
BBCMHJPT,21.0,lost,94.0,98.0,21,lost,94,98,equal,True,Equal,0,,False,False,BBCMHJPT_s000,
BBCMHJPT,22.0,what,99.0,103.0,22,what,99,103,equal,True,Equal,0,,False,False,BBCMHJPT_s000,
BBCMHJPT,23.0,should,104.0,110.0,23,should,104,110,equal,True,Equal,0,,False,False,BBCMHJPT_s000,
BBCMHJPT,24.0,we,111.0,113.0,24,we,111,113,equal,True,Equal,0,,False,False,BBCMHJPT_s000,
BBCMHJPT,25.0,do,114.0,116.0,25,do,114,116,equal,True,Equal,0,,False,False,BBCMHJPT_s000,
BBCMHJPT,26.0,.,116.0,117.0,26,.,116,117,equal,True,Equal,0,Sentence Ending,False,False,BBCMHJPT_s000,Correct Ending
BBCMHJPT,27.0,They,118.0,122.0,27,They,118,122,equal,True,Equal,1,Sentence Beginning,False,False,BBCMHJPT_s001,Correct Beginning
BBCMHJPT,28.0,finaly,123.0,129.0,28,finaly,123,129,equal,True,Equal,1,,False,False,BBCMHJPT_s001,
BBCMHJPT,29.0,got,130.0,133.0,29,got,130,133,equal,True,Equal,1,,False,False,BBCMHJPT_s001,
BBCMHJPT,30.0,home,134.0,138.0,30,home,134,138,equal,True,Equal,1,,False,False,BBCMHJPT_s001,
BBCMHJPT,31.0,YAAAYwe,139.0,146.0,31,YAAAYwe,139,146,equal,True,Equal,1,,False,False,BBCMHJPT_s001,
BBCMHJPT,32.0,are,147.0,150.0,32,are,147,150,equal,True,Equal,1,,False,False,BBCMHJPT_s001,
BBCMHJPT,33.0,home,151.0,155.0,33,home,151,155,equal,True,Equal,1,,False,False,BBCMHJPT_s001,
BBCMHJPT,34.0,that,156.0,160.0,34,that,156,160,equal,True,Equal,1,,False,False,BBCMHJPT_s001,
BBCMHJPT,35.0,was,161.0,164.0,35,was,161,164,equal,True,Equal,1,,False,False,BBCMHJPT_s001,
BBCMHJPT,36.0,a,165.0,166.0,36,a,165,166,equal,True,Equal,1,,False,False,BBCMHJPT_s001,
BBCMHJPT,37.0,long,167.0,171.0,37,long,167,171,equal,True,Equal,1,,False,False,BBCMHJPT_s001,
BBCMHJPT,38.0,trip,172.0,176.0,38,trip,172,176,equal,True,Equal,1,,False,False,BBCMHJPT_s001,
BBCMHJPT,39.0,lest,177.0,181.0,39,lest,177,181,equal,True,Equal,1,,False,False,BBCMHJPT_s001,
BBCMHJPT,40.0,',181.0,182.0,40,',181,182,equal,True,Equal,1,,False,False,BBCMHJPT_s001,
BBCMHJPT,41.0,s,182.0,183.0,41,s,182,183,equal,True,Equal,1,,False,False,BBCMHJPT_s001,
BBCMHJPT,42.0,go,184.0,186.0,42,go,184,186,equal,True,Equal,1,,False,False,BBCMHJPT_s001,
BBCMHJPT,43.0,to,187.0,189.0,43,to,187,189,equal,True,Equal,1,,False,False,BBCMHJPT_s001,
BBCMHJPT,44.0,bed,190.0,193.0,44,bed,190,193,equal,True,Equal,1,,False,False,BBCMHJPT_s001,
BBCMHJPT,45.0,now,194.0,197.0,45,now,194,197,equal,True,Equal,1,,False,False,BBCMHJPT_s001,
BBCMHJPT,46.0,the,198.0,201.0,46,the,198,201,equal,True,Equal,1,,False,False,BBCMHJPT_s001,
BBCMHJPT,47.0,horse,202.0,207.0,47,horse,202,207,equal,True,Equal,1,,False,False,BBCMHJPT_s001,
BBCMHJPT,48.0,said,208.0,212.0,48,said,208,212,equal,True,Equal,1,,False,False,BBCMHJPT_s001,
BBCMHJPT,49.0,why,213.0,216.0,49,why,213,216,equal,True,Equal,1,,False,False,BBCMHJPT_s001,
BBCMHJPT,50.0,you,217.0,220.0,50,you,217,220,equal,True,Equal,1,,False,False,BBCMHJPT_s001,
BBCMHJPT,51.0,can,221.0,224.0,51,can,221,224,equal,True,Equal,1,,False,False,BBCMHJPT_s001,
BBCMHJPT,52.0,talk,225.0,229.0,52,talk,225,229,equal,True,Equal,1,,False,False,BBCMHJPT_s001,
BBCMHJPT,53.0,lilly,230.0,235.0,53,lilly,230,235,equal,True,Equal,1,,False,False,BBCMHJPT_s001,
BBCMHJPT,54.0,said,236.0,240.0,54,said,236,240,equal,True,Equal,1,,False,False,BBCMHJPT_s001,
BBCMHJPT,55.0,.,240.0,241.0,55,.,240,241,equal,True,Equal,1,Sentence Ending,False,False,BBCMHJPT_s001,Correct Ending
BBKBYNDW,0.0,wrire,0.0,5.0,0,Wrire,0,5,equal,False,Equal,0,Sentence Beginning,False,False,BBKBYNDW_s000,Incorrect Beginning
BBKBYNDW,1.0,a,6.0,7.0,1,a,6,7,equal,True,Equal,0,,False,False,BBKBYNDW_s000,
BBKBYNDW,2.0,narrative,8.0,17.0,2,narrative,8,17,equal,True,Equal,0,,False,False,BBKBYNDW_s000,
BBKBYNDW,3.0,story,18.0,23.0,3,story,18,23,equal,True,Equal,0,,False,False,BBKBYNDW_s000,
BBKBYNDW,4.0,abouta,24.0,30.0,4,abouta,24,30,equal,True,Equal,0,,False,False,BBKBYNDW_s000,
BBKBYNDW,5.0,search,31.0,37.0,5,search,31,37,equal,True,Equal,0,,False,False,BBKBYNDW_s000,
BBKBYNDW,6.0,for,38.0,41.0,6,for,38,41,equal,True,Equal,0,,False,False,BBKBYNDW_s000,
BBKBYNDW,7.0,some,42.0,46.0,7,some,42,46,equal,True,Equal,0,,False,False,BBKBYNDW_s000,
BBKBYNDW,8.0,thing,47.0,52.0,8,thing,47,52,equal,True,Equal,0,,False,False,BBKBYNDW_s000,
BBKBYNDW,9.0,.,52.0,53.0,9,.,52,53,equal,True,Equal,0,Sentence Ending,False,False,BBKBYNDW_s000,Correct Ending
BBKBYNDW,10.0,your,54.0,58.0,10,your,54,58,equal,True,Equal,1,Sentence Beginning,False,False,BBKBYNDW_s001,Incorrect Beginning
BBKBYNDW,11.0,story,59.0,64.0,11,story,59,64,equal,True,Equal,1,,False,False,BBKBYNDW_s001,
BBKBYNDW,12.0,could,65.0,70.0,12,could,65,70,equal,True,Equal,1,,False,False,BBKBYNDW_s001,
BBKBYNDW,13.0,be,71.0,73.0,13,be,71,73,equal,True,Equal,1,,False,False,BBKBYNDW_s001,
BBKBYNDW,14.0,about,74.0,79.0,14,about,74,79,equal,True,Equal,1,,False,False,BBKBYNDW_s001,
BBKBYNDW,15.0,a,80.0,81.0,15,a,80,81,equal,True,Equal,1,,False,False,BBKBYNDW_s001,
BBKBYNDW,16.0,plaace,82.0,88.0,16,plaace,82,88,equal,True,Equal,1,,False,False,BBKBYNDW_s001,
BBKBYNDW,17.0,or,89.0,91.0,17,or,89,91,equal,True,Equal,1,,False,False,BBKBYNDW_s001,
BBKBYNDW,18.0,a,92.0,93.0,18,a,92,93,equal,True,Equal,1,,False,False,BBKBYNDW_s001,
BBKBYNDW,19.0,searck,94.0,100.0,19,searck,94,100,equal,True,Equal,1,,False,False,BBKBYNDW_s001,
BBKBYNDW,20.0,for,101.0,104.0,20,for,101,104,equal,True,Equal,1,,False,False,BBKBYNDW_s001,
BBKBYNDW,21.0,an,105.0,107.0,21,an,105,107,equal,True,Equal,1,,False,False,BBKBYNDW_s001,
BBKBYNDW,22.0,obj,108.0,111.0,22,obj,108,111,equal,True,Equal,1,,False,False,BBKBYNDW_s001,
BBKBYNDW,23.0,ect,112.0,115.0,23,ect,112,115,equal,True,Equal,1,,False,False,BBKBYNDW_s001,
BBKBYNDW,24.0,.,115.0,116.0,24,.,115,116,equal,True,Equal,1,Sentence Ending,False,False,BBKBYNDW_s001,Correct Ending
BBKBYNDW,25.0,lt,117.0,119.0,25,lt,117,119,equal,True,Equal,2,Sentence Beginning,False,False,BBKBYNDW_s002,Incorrect Beginning
BBKBYNDW,26.0,could,120.0,125.0,26,could,120,125,equal,True,Equal,2,,False,False,BBKBYNDW_s002,
BBKBYNDW,27.0,be,126.0,128.0,27,be,126,128,equal,True,Equal,2,,False,False,BBKBYNDW_s002,
BBKBYNDW,28.0,you,129.0,132.0,28,you,129,132,equal,True,Equal,2,,False,False,BBKBYNDW_s002,
BBKBYNDW,29.0,can,133.0,136.0,29,can,133,136,equal,True,Equal,2,,False,False,BBKBYNDW_s002,
BBKBYNDW,30.0,what,137.0,141.0,30,what,137,141,equal,True,Equal,2,,False,False,BBKBYNDW_s002,
BBKBYNDW,31.0,happens,142.0,149.0,31,happens,142,149,equal,True,Equal,2,,False,False,BBKBYNDW_s002,
BBKBYNDW,32.0,if,150.0,152.0,32,if,150,152,equal,True,Equal,2,,False,False,BBKBYNDW_s002,
BBKBYNDW,33.0,it,153.0,155.0,33,it,153,155,equal,True,Equal,2,,False,False,BBKBYNDW_s002,
BBKBYNDW,34.0,isn,156.0,159.0,34,isn,156,159,equal,True,Equal,2,,False,False,BBKBYNDW_s002,
BBKBYNDW,35.0,own,160.0,163.0,35,own,160,163,equal,True,Equal,2,,False,False,BBKBYNDW_s002,
BBKBYNDW,36.0,idea,164.0,168.0,36,idea,164,168,equal,True,Equal,2,,False,False,BBKBYNDW_s002,
BBKBYNDW,37.0,adout,169.0,174.0,37,adout,169,174,equal,True,Equal,2,,False,False,BBKBYNDW_s002,
BBKBYNDW,38.0,a,175.0,176.0,38,a,175,176,equal,True,Equal,2,,False,False,BBKBYNDW_s002,
BBKBYNDW,39.0,search,177.0,183.0,39,search,177,183,equal,True,Equal,2,,False,False,BBKBYNDW_s002,
BBKBYNDW,40.0,for,184.0,187.0,40,for,184,187,equal,True,Equal,2,,False,False,BBKBYNDW_s002,
BBKBYNDW,41.0,something,188.0,197.0,41,something,188,197,equal,True,Equal,2,,False,False,BBKBYNDW_s002,
BBKBYNDW,42.0,.,197.0,198.0,42,.,197,198,equal,True,Equal,2,Sentence Ending,False,False,BBKBYNDW_s002,Correct Ending
BBKBYNDW,43.0,information,199.0,210.0,43,information,199,210,equal,True,Equal,3,Sentence Beginning,False,False,BBKBYNDW_s003,Incorrect Beginning
BBKBYNDW,44.0,orbs,211.0,215.0,44,orbs,211,215,equal,True,Equal,3,,False,False,BBKBYNDW_s003,
BBKBYNDW,45.0,WH,216.0,218.0,45,WH,216,218,equal,True,Equal,3,,False,False,BBKBYNDW_s003,
BBKBYNDW,,,,,46,.,218,219,insert,False,PunctuationInsertion,3,Sentence Ending,False,False,BBKBYNDW_s003,Incorrect Ending
BBRWTLYV,0.0,The,0.0,3.0,0,The,0,3,equal,True,Equal,0,Sentence Beginning,False,False,BBRWTLYV_s000,Correct Beginning
BBRWTLYV,1.0,Failed,4.0,10.0,1,Failed,4,10,equal,True,Equal,0,,False,False,BBRWTLYV_s000,
BBRWTLYV,2.0,Submarine,11.0,20.0,2,Submarine,11,20,equal,True,Equal,0,,False,False,BBRWTLYV_s000,
BBRWTLYV,3.0,I,21.0,22.0,3,I,21,22,equal,True,Equal,0,,False,False,BBRWTLYV_s000,
BBRWTLYV,4.0,had,23.0,26.0,4,had,23,26,equal,True,Equal,0,,False,False,BBRWTLYV_s000,
BBRWTLYV,5.0,always,27.0,33.0,5,always,27,33,equal,True,Equal,0,,False,False,BBRWTLYV_s000,
BBRWTLYV,6.0,wanted,34.0,40.0,6,wanted,34,40,equal,True,Equal,0,,False,False,BBRWTLYV_s000,
BBRWTLYV,7.0,go,41.0,43.0,7,go,41,43,equal,True,Equal,0,,False,False,BBRWTLYV_s000,
BBRWTLYV,8.0,on,44.0,46.0,8,on,44,46,equal,True,Equal,0,,False,False,BBRWTLYV_s000,
BBRWTLYV,9.0,a,47.0,48.0,9,a,47,48,equal,True,Equal,0,,False,False,BBRWTLYV_s000,
BBRWTLYV,10.0,submarine,49.0,58.0,10,submarine,49,58,equal,True,Equal,0,,False,False,BBRWTLYV_s000,
BBRWTLYV,11.0,",",58.0,59.0,11,",",58,59,equal,True,Equal,0,,False,False,BBRWTLYV_s000,
BBRWTLYV,12.0,especially,60.0,70.0,12,especially,60,70,equal,True,Equal,0,,False,False,BBRWTLYV_s000,
BBRWTLYV,13.0,a,71.0,72.0,13,a,71,72,equal,True,Equal,0,,False,False,BBRWTLYV_s000,
BBRWTLYV,14.0,Sub,73.0,76.0,14,Sub,73,76,equal,True,Equal,0,,False,False,BBRWTLYV_s000,
BBRWTLYV,15.0,2,77.0,78.0,15,2,77,78,equal,True,Equal,0,,False,False,BBRWTLYV_s000,
BBRWTLYV,16.0,",",78.0,79.0,16,",",78,79,equal,True,Equal,0,,False,False,BBRWTLYV_s000,
BBRWTLYV,17.0,a,80.0,81.0,17,a,80,81,equal,True,Equal,0,,False,False,BBRWTLYV_s000,
BBRWTLYV,18.0,type,82.0,86.0,18,type,82,86,equal,True,Equal,0,,False,False,BBRWTLYV_s000,
BBRWTLYV,19.0,of,87.0,89.0,19,of,87,89,equal,True,Equal,0,,False,False,BBRWTLYV_s000,
BBRWTLYV,20.0,submarine,90.0,99.0,20,submarine,90,99,equal,True,Equal,0,,False,False,BBRWTLYV_s000,
BBRWTLYV,21.0,that,100.0,104.0,21,that,100,104,equal,True,Equal,0,,False,False,BBRWTLYV_s000,
BBRWTLYV,22.0,has,105.0,108.0,22,has,105,108,equal,True,Equal,0,,False,False,BBRWTLYV_s000,
BBRWTLYV,23.0,every,109.0,114.0,23,every,109,114,equal,True,Equal,0,,False,False,BBRWTLYV_s000,
BBRWTLYV,24.0,thing,115.0,120.0,24,thing,115,120,equal,True,Equal,0,,False,False,BBRWTLYV_s000,
BBRWTLYV,25.0,you,121.0,124.0,25,you,121,124,equal,True,Equal,0,,False,False,BBRWTLYV_s000,
BBRWTLYV,26.0,can,125.0,128.0,26,can,125,128,equal,True,Equal,0,,False,False,BBRWTLYV_s000,
BBRWTLYV,27.0,think,129.0,134.0,27,think,129,134,equal,True,Equal,0,,False,False,BBRWTLYV_s000,
BBRWTLYV,28.0,of,135.0,137.0,28,of,135,137,equal,True,Equal,0,,False,False,BBRWTLYV_s000,
BBRWTLYV,29.0,.,137.0,138.0,29,.,137,138,equal,True,Equal,0,Sentence Ending,False,False,BBRWTLYV_s000,Correct Ending
BBRWTLYV,30.0,Floating,139.0,147.0,30,Floating,139,147,equal,True,Equal,1,Sentence Beginning,False,False,BBRWTLYV_s001,Correct Beginning
BBRWTLYV,31.0,chairs,148.0,154.0,31,chairs,148,154,equal,True,Equal,1,,False,False,BBRWTLYV_s001,
BBRWTLYV,32.0,",",154.0,155.0,32,",",154,155,equal,True,Equal,1,,False,False,BBRWTLYV_s001,
BBRWTLYV,33.0,luxurious,156.0,165.0,33,luxurious,156,165,equal,True,Equal,1,,False,False,BBRWTLYV_s001,
BBRWTLYV,34.0,king,166.0,170.0,34,king,166,170,equal,True,Equal,1,,False,False,BBRWTLYV_s001,
BBRWTLYV,35.0,sized,171.0,176.0,35,sized,171,176,equal,True,Equal,1,,False,False,BBRWTLYV_s001,
BBRWTLYV,36.0,beds,177.0,181.0,36,beds,177,181,equal,True,Equal,1,,False,False,BBRWTLYV_s001,
BBRWTLYV,37.0,",",181.0,182.0,37,",",181,182,equal,True,Equal,1,,False,False,BBRWTLYV_s001,
BBRWTLYV,38.0,rooms,183.0,188.0,38,rooms,183,188,equal,True,Equal,1,,False,False,BBRWTLYV_s001,
BBRWTLYV,39.0,as,189.0,191.0,39,as,189,191,equal,True,Equal,1,,False,False,BBRWTLYV_s001,
BBRWTLYV,40.0,large,192.0,197.0,40,large,192,197,equal,True,Equal,1,,False,False,BBRWTLYV_s001,
BBRWTLYV,41.0,as,198.0,200.0,41,as,198,200,equal,True,Equal,1,,False,False,BBRWTLYV_s001,
BBRWTLYV,42.0,a,201.0,202.0,42,a,201,202,equal,True,Equal,1,,False,False,BBRWTLYV_s001,
BBRWTLYV,43.0,house,203.0,208.0,43,house,203,208,equal,True,Equal,1,,False,False,BBRWTLYV_s001,
BBRWTLYV,44.0,",",208.0,209.0,44,",",208,209,equal,True,Equal,1,,False,False,BBRWTLYV_s001,
BBRWTLYV,45.0,those,210.0,215.0,45,those,210,215,equal,True,Equal,1,,False,False,BBRWTLYV_s001,
BBRWTLYV,46.0,were,216.0,220.0,46,were,216,220,equal,True,Equal,1,,False,False,BBRWTLYV_s001,
BBRWTLYV,47.0,all,221.0,224.0,47,all,221,224,equal,True,Equal,1,,False,False,BBRWTLYV_s001,
BBRWTLYV,48.0,average,225.0,232.0,48,average,225,232,equal,True,Equal,1,,False,False,BBRWTLYV_s001,
BBRWTLYV,49.0,features,233.0,241.0,49,features,233,241,equal,True,Equal,1,,False,False,BBRWTLYV_s001,
BBRWTLYV,50.0,on,242.0,244.0,50,on,242,244,equal,True,Equal,1,,False,False,BBRWTLYV_s001,
BBRWTLYV,51.0,a,245.0,246.0,51,a,245,246,equal,True,Equal,1,,False,False,BBRWTLYV_s001,
BBRWTLYV,52.0,Sub,247.0,250.0,52,Sub,247,250,equal,True,Equal,1,,False,False,BBRWTLYV_s001,
BBRWTLYV,53.0,2,251.0,252.0,53,2,251,252,equal,True,Equal,1,,False,False,BBRWTLYV_s001,
BBRWTLYV,54.0,.,252.0,253.0,54,.,252,253,equal,True,Equal,1,Sentence Ending,False,False,BBRWTLYV_s001,Correct Ending
BBRWTLYV,55.0,But,254.0,257.0,55,But,254,257,equal,True,Equal,2,Sentence Beginning,False,False,BBRWTLYV_s002,Correct Beginning
BBRWTLYV,56.0,the,258.0,261.0,56,the,258,261,equal,True,Equal,2,,False,False,BBRWTLYV_s002,
BBRWTLYV,57.0,major,262.0,267.0,57,major,262,267,equal,True,Equal,2,,False,False,BBRWTLYV_s002,
BBRWTLYV,58.0,problem,268.0,275.0,58,problem,268,275,equal,True,Equal,2,,False,False,BBRWTLYV_s002,
BBRWTLYV,59.0,was,276.0,279.0,59,was,276,279,equal,True,Equal,2,,False,False,BBRWTLYV_s002,
BBRWTLYV,60.0,the,280.0,283.0,60,the,280,283,equal,True,Equal,2,,False,False,BBRWTLYV_s002,
BBRWTLYV,61.0,',284.0,285.0,61,',284,285,equal,True,Equal,2,,False,False,BBRWTLYV_s002,
BBRWTLYV,62.0,bargain,285.0,292.0,62,bargain,285,292,equal,True,Equal,2,,False,False,BBRWTLYV_s002,
BBRWTLYV,63.0,',292.0,293.0,63,',292,293,equal,True,Equal,2,,False,False,BBRWTLYV_s002,
BBRWTLYV,64.0,price,294.0,299.0,64,price,294,299,equal,True,Equal,2,,False,False,BBRWTLYV_s002,
BBRWTLYV,65.0,.,299.0,300.0,65,.,299,300,equal,True,Equal,2,Sentence Ending,False,False,BBRWTLYV_s002,Correct Ending
BBRWTLYV,66.0,It,301.0,303.0,66,It,301,303,equal,True,Equal,3,Sentence Beginning,False,False,BBRWTLYV_s003,Correct Beginning
BBRWTLYV,67.0,was,304.0,307.0,67,was,304,307,equal,True,Equal,3,,False,False,BBRWTLYV_s003,
BBRWTLYV,68.0,only,308.0,312.0,68,only,308,312,equal,True,Equal,3,,False,False,BBRWTLYV_s003,
BBRWTLYV,69.0,about,313.0,318.0,69,about,313,318,equal,True,Equal,3,,False,False,BBRWTLYV_s003,
BBRWTLYV,70.0,a,319.0,320.0,70,a,319,320,equal,True,Equal,3,,False,False,BBRWTLYV_s003,
BBRWTLYV,71.0,few,321.0,324.0,71,few,321,324,equal,True,Equal,3,,False,False,BBRWTLYV_s003,
BBRWTLYV,72.0,thousand,325.0,333.0,72,thousand,325,333,equal,True,Equal,3,,False,False,BBRWTLYV_s003,
BBRWTLYV,73.0,dollars,334.0,341.0,73,dollars,334,341,equal,True,Equal,3,,False,False,BBRWTLYV_s003,
BBRWTLYV,74.0,a,342.0,343.0,74,a,342,343,equal,True,Equal,3,,False,False,BBRWTLYV_s003,
BBRWTLYV,75.0,night,344.0,349.0,75,night,344,349,equal,True,Equal,3,,False,False,BBRWTLYV_s003,
BBRWTLYV,76.0,to,350.0,352.0,76,to,350,352,equal,True,Equal,3,,False,False,BBRWTLYV_s003,
BBRWTLYV,77.0,go,353.0,355.0,77,go,353,355,equal,True,Equal,3,,False,False,BBRWTLYV_s003,
BBRWTLYV,78.0,on,356.0,358.0,78,on,356,358,equal,True,Equal,3,,False,False,BBRWTLYV_s003,
BBRWTLYV,79.0,an,359.0,361.0,79,an,359,361,equal,True,Equal,3,,False,False,BBRWTLYV_s003,
BBRWTLYV,80.0,underwater,362.0,372.0,80,underwater,362,372,equal,True,Equal,3,,False,False,BBRWTLYV_s003,
BBRWTLYV,81.0,and,373.0,376.0,81,and,373,376,equal,True,Equal,3,,False,False,BBRWTLYV_s003,
BBRWTLYV,82.0,moving,377.0,383.0,82,moving,377,383,equal,True,Equal,3,,False,False,BBRWTLYV_s003,
BBRWTLYV,83.0,',384.0,385.0,83,',384,385,equal,True,Equal,3,,False,False,BBRWTLYV_s003,
BBRWTLYV,84.0,hotel,385.0,390.0,84,hotel,385,390,equal,True,Equal,3,,False,False,BBRWTLYV_s003,
BBRWTLYV,85.0,',390.0,391.0,85,',390,391,equal,True,Equal,3,,False,False,BBRWTLYV_s003,
BBRWTLYV,86.0,.,391.0,392.0,86,.,391,392,equal,True,Equal,3,Sentence Ending,False,False,BBRWTLYV_s003,Correct Ending
BBRWTLYV,87.0,But,393.0,396.0,87,But,393,396,equal,True,Equal,4,Sentence Beginning,False,False,BBRWTLYV_s004,Correct Beginning
BBRWTLYV,88.0,that,397.0,401.0,88,that,397,401,equal,True,Equal,4,,False,False,BBRWTLYV_s004,
BBRWTLYV,89.0,became,402.0,408.0,89,became,402,408,equal,True,Equal,4,,False,False,BBRWTLYV_s004,
BBRWTLYV,90.0,possible,409.0,417.0,90,possible,409,417,equal,True,Equal,4,,False,False,BBRWTLYV_s004,
BBRWTLYV,91.0,after,418.0,423.0,91,after,418,423,equal,True,Equal,4,,False,False,BBRWTLYV_s004,
BBRWTLYV,92.0,we,424.0,426.0,92,we,424,426,equal,True,Equal,4,,False,False,BBRWTLYV_s004,
BBRWTLYV,93.0,got,427.0,430.0,93,got,427,430,equal,True,Equal,4,,False,False,BBRWTLYV_s004,
BBRWTLYV,94.0,an,431.0,433.0,94,an,431,433,equal,True,Equal,4,,False,False,BBRWTLYV_s004,
BBRWTLYV,95.0,email,434.0,439.0,95,email,434,439,equal,True,Equal,4,,False,False,BBRWTLYV_s004,
BBRWTLYV,96.0,from,440.0,444.0,96,from,440,444,equal,True,Equal,4,,False,False,BBRWTLYV_s004,
BBRWTLYV,97.0,the,445.0,448.0,97,the,445,448,equal,True,Equal,4,,False,False,BBRWTLYV_s004,
BBRWTLYV,98.0,NSW,449.0,452.0,98,NSW,449,452,equal,True,Equal,4,,False,False,BBRWTLYV_s004,
BBRWTLYV,99.0,Lotteries,453.0,462.0,99,Lotteries,453,462,equal,True,Equal,4,,False,False,BBRWTLYV_s004,
BBRWTLYV,100.0,giving,463.0,469.0,100,giving,463,469,equal,True,Equal,4,,False,False,BBRWTLYV_s004,
BBRWTLYV,101.0,us,470.0,472.0,101,us,470,472,equal,True,Equal,4,,False,False,BBRWTLYV_s004,
BBRWTLYV,102.0,a,473.0,474.0,102,a,473,474,equal,True,Equal,4,,False,False,BBRWTLYV_s004,
BBRWTLYV,103.0,few,475.0,478.0,103,few,475,478,equal,True,Equal,4,,False,False,BBRWTLYV_s004,
BBRWTLYV,104.0,million,479.0,486.0,104,million,479,486,equal,True,Equal,4,,False,False,BBRWTLYV_s004,
BBRWTLYV,105.0,dollars,487.0,494.0,105,dollars,487,494,equal,True,Equal,4,,False,False,BBRWTLYV_s004,
BBRWTLYV,106.0,after,495.0,500.0,106,after,495,500,equal,True,Equal,4,,False,False,BBRWTLYV_s004,
BBRWTLYV,107.0,we,501.0,503.0,107,we,501,503,equal,True,Equal,4,,False,False,BBRWTLYV_s004,
BBRWTLYV,108.0,won,504.0,507.0,108,won,504,507,equal,True,Equal,4,,False,False,BBRWTLYV_s004,
BBRWTLYV,109.0,.,507.0,508.0,109,.,507,508,equal,True,Equal,4,Sentence Ending,False,False,BBRWTLYV_s004,Correct Ending
BBRWTLYV,110.0,The,509.0,512.0,110,The,509,512,equal,True,Equal,5,Sentence Beginning,False,False,BBRWTLYV_s005,Correct Beginning
BBRWTLYV,111.0,first,513.0,518.0,111,first,513,518,equal,True,Equal,5,,False,False,BBRWTLYV_s005,
BBRWTLYV,112.0,thing,519.0,524.0,112,thing,519,524,equal,True,Equal,5,,False,False,BBRWTLYV_s005,
BBRWTLYV,113.0,I,525.0,526.0,113,I,525,526,equal,True,Equal,5,,False,False,BBRWTLYV_s005,
BBRWTLYV,114.0,did,527.0,530.0,114,did,527,530,equal,True,Equal,5,,False,False,BBRWTLYV_s005,
BBRWTLYV,115.0,was,531.0,534.0,115,was,531,534,equal,True,Equal,5,,False,False,BBRWTLYV_s005,
BBRWTLYV,116.0,persuade,535.0,543.0,116,persuade,535,543,equal,True,Equal,5,,False,False,BBRWTLYV_s005,
BBRWTLYV,117.0,my,544.0,546.0,117,my,544,546,equal,True,Equal,5,,False,False,BBRWTLYV_s005,
BBRWTLYV,118.0,mum,547.0,550.0,118,mum,547,550,equal,True,Equal,5,,False,False,BBRWTLYV_s005,
BBRWTLYV,119.0,into,551.0,555.0,119,into,551,555,equal,True,Equal,5,,False,False,BBRWTLYV_s005,
BBRWTLYV,120.0,going,556.0,561.0,120,going,556,561,equal,True,Equal,5,,False,False,BBRWTLYV_s005,
BBRWTLYV,121.0,on,562.0,564.0,121,on,562,564,equal,True,Equal,5,,False,False,BBRWTLYV_s005,
BBRWTLYV,122.0,a,565.0,566.0,122,a,565,566,equal,True,Equal,5,,False,False,BBRWTLYV_s005,
BBRWTLYV,123.0,Sub,567.0,570.0,123,Sub,567,570,equal,True,Equal,5,,False,False,BBRWTLYV_s005,
BBRWTLYV,124.0,2,571.0,572.0,124,2,571,572,equal,True,Equal,5,,False,False,BBRWTLYV_s005,
BBRWTLYV,125.0,trip,573.0,577.0,125,trip,573,577,equal,True,Equal,5,,False,False,BBRWTLYV_s005,
BBRWTLYV,126.0,for,578.0,581.0,126,for,578,581,equal,True,Equal,5,,False,False,BBRWTLYV_s005,
BBRWTLYV,127.0,a,582.0,583.0,127,a,582,583,equal,True,Equal,5,,False,False,BBRWTLYV_s005,
BBRWTLYV,128.0,few,584.0,587.0,128,few,584,587,equal,True,Equal,5,,False,False,BBRWTLYV_s005,
BBRWTLYV,129.0,nights,588.0,594.0,129,nights,588,594,equal,True,Equal,5,,False,False,BBRWTLYV_s005,
BBRWTLYV,130.0,",",594.0,595.0,130,",",594,595,equal,True,Equal,5,,False,False,BBRWTLYV_s005,
BBRWTLYV,131.0,and,596.0,599.0,131,and,596,599,equal,True,Equal,5,,False,False,BBRWTLYV_s005,
BBRWTLYV,132.0,she,600.0,603.0,132,she,600,603,equal,True,Equal,5,,False,False,BBRWTLYV_s005,
BBRWTLYV,133.0,",",603.0,604.0,133,",",603,604,equal,True,Equal,5,,False,False,BBRWTLYV_s005,
BBRWTLYV,134.0,at,605.0,607.0,134,at,605,607,equal,True,Equal,5,,False,False,BBRWTLYV_s005,
BBRWTLYV,135.0,last,608.0,612.0,135,last,608,612,equal,True,Equal,5,,False,False,BBRWTLYV_s005,
BBRWTLYV,136.0,",",612.0,613.0,136,",",612,613,equal,True,Equal,5,,False,False,BBRWTLYV_s005,
BBRWTLYV,137.0,reluctantly,614.0,625.0,137,reluctantly,614,625,equal,True,Equal,5,,False,False,BBRWTLYV_s005,
BBRWTLYV,138.0,agreed,626.0,632.0,138,agreed,626,632,equal,True,Equal,5,,False,False,BBRWTLYV_s005,
BBRWTLYV,139.0,to,633.0,635.0,139,to,633,635,equal,True,Equal,5,,False,False,BBRWTLYV_s005,
BBRWTLYV,140.0,go,636.0,638.0,140,go,636,638,equal,True,Equal,5,,False,False,BBRWTLYV_s005,
BBRWTLYV,141.0,on,639.0,641.0,141,on,639,641,equal,True,Equal,5,,False,False,BBRWTLYV_s005,
BBRWTLYV,142.0,a,642.0,643.0,142,a,642,643,equal,True,Equal,5,,False,False,BBRWTLYV_s005,
BBRWTLYV,143.0,few,644.0,647.0,143,few,644,647,equal,True,Equal,5,,False,False,BBRWTLYV_s005,
BBRWTLYV,144.0,nights,648.0,654.0,144,nights,648,654,equal,True,Equal,5,,False,False,BBRWTLYV_s005,
BBRWTLYV,145.0,around,655.0,661.0,145,around,655,661,equal,True,Equal,5,,False,False,BBRWTLYV_s005,
BBRWTLYV,146.0,Australia,662.0,671.0,146,Australia,662,671,equal,True,Equal,5,,False,False,BBRWTLYV_s005,
BBRWTLYV,147.0,.,671.0,672.0,147,.,671,672,equal,True,Equal,5,Sentence Ending,False,False,BBRWTLYV_s005,Correct Ending
BBRWTLYV,148.0,Hopes,673.0,678.0,148,Hopes,673,678,equal,True,Equal,6,Sentence Beginning,False,False,BBRWTLYV_s006,Correct Beginning
BBRWTLYV,149.0,high,679.0,683.0,149,high,679,683,equal,True,Equal,6,,False,False,BBRWTLYV_s006,
BBRWTLYV,150.0,",",683.0,684.0,150,",",683,684,equal,True,Equal,6,,False,False,BBRWTLYV_s006,
BBRWTLYV,151.0,I,685.0,686.0,151,I,685,686,equal,True,Equal,6,,False,False,BBRWTLYV_s006,
BBRWTLYV,152.0,boarded,687.0,694.0,152,boarded,687,694,equal,True,Equal,6,,False,False,BBRWTLYV_s006,
BBRWTLYV,153.0,the,695.0,698.0,153,the,695,698,equal,True,Equal,6,,False,False,BBRWTLYV_s006,
BBRWTLYV,154.0,luxury,699.0,705.0,154,luxury,699,705,equal,True,Equal,6,,False,False,BBRWTLYV_s006,
BBRWTLYV,155.0,submarine,706.0,715.0,155,submarine,706,715,equal,True,Equal,6,,False,False,BBRWTLYV_s006,
BBRWTLYV,156.0,",",715.0,716.0,156,",",715,716,equal,True,Equal,6,,False,False,BBRWTLYV_s006,
BBRWTLYV,157.0,and,717.0,720.0,157,and,717,720,equal,True,Equal,6,,False,False,BBRWTLYV_s006,
BBRWTLYV,158.0,the,721.0,724.0,158,the,721,724,equal,True,Equal,6,,False,False,BBRWTLYV_s006,
BBRWTLYV,159.0,first,725.0,730.0,159,first,725,730,equal,True,Equal,6,,False,False,BBRWTLYV_s006,
BBRWTLYV,160.0,thing,731.0,736.0,160,thing,731,736,equal,True,Equal,6,,False,False,BBRWTLYV_s006,
BBRWTLYV,161.0,my,737.0,739.0,161,my,737,739,equal,True,Equal,6,,False,False,BBRWTLYV_s006,
BBRWTLYV,162.0,family,740.0,746.0,162,family,740,746,equal,True,Equal,6,,False,False,BBRWTLYV_s006,
BBRWTLYV,163.0,and,747.0,750.0,163,and,747,750,equal,True,Equal,6,,False,False,BBRWTLYV_s006,
BBRWTLYV,164.0,I,751.0,752.0,164,I,751,752,equal,True,Equal,6,,False,False,BBRWTLYV_s006,
BBRWTLYV,165.0,did,753.0,756.0,165,did,753,756,equal,True,Equal,6,,False,False,BBRWTLYV_s006,
BBRWTLYV,166.0,was,757.0,760.0,166,was,757,760,equal,True,Equal,6,,False,False,BBRWTLYV_s006,
BBRWTLYV,167.0,go,761.0,763.0,167,go,761,763,equal,True,Equal,6,,False,False,BBRWTLYV_s006,
BBRWTLYV,168.0,to,764.0,766.0,168,to,764,766,equal,True,Equal,6,,False,False,BBRWTLYV_s006,
BBRWTLYV,169.0,the,767.0,770.0,169,the,767,770,equal,True,Equal,6,,False,False,BBRWTLYV_s006,
BBRWTLYV,170.0,dining,771.0,777.0,170,dining,771,777,equal,True,Equal,6,,False,False,BBRWTLYV_s006,
BBRWTLYV,171.0,room,778.0,782.0,171,room,778,782,equal,True,Equal,6,,False,False,BBRWTLYV_s006,
BBRWTLYV,172.0,.,782.0,783.0,172,.,782,783,equal,True,Equal,6,Sentence Ending,False,False,BBRWTLYV_s006,Correct Ending
BBRWTLYV,173.0,We,784.0,786.0,173,We,784,786,equal,True,Equal,7,Sentence Beginning,False,False,BBRWTLYV_s007,Correct Beginning
BBRWTLYV,174.0,sat,787.0,790.0,174,sat,787,790,equal,True,Equal,7,,False,False,BBRWTLYV_s007,
BBRWTLYV,175.0,on,791.0,793.0,175,on,791,793,equal,True,Equal,7,,False,False,BBRWTLYV_s007,
BBRWTLYV,176.0,floating,794.0,802.0,176,floating,794,802,equal,True,Equal,7,,False,False,BBRWTLYV_s007,
BBRWTLYV,177.0,recliners,803.0,812.0,177,recliners,803,812,equal,True,Equal,7,,False,False,BBRWTLYV_s007,
BBRWTLYV,178.0,and,813.0,816.0,178,and,813,816,equal,True,Equal,7,,False,False,BBRWTLYV_s007,
BBRWTLYV,179.0,ate,817.0,820.0,179,ate,817,820,equal,True,Equal,7,,False,False,BBRWTLYV_s007,
BBRWTLYV,180.0,pricey,821.0,827.0,180,pricey,821,827,equal,True,Equal,7,,False,False,BBRWTLYV_s007,
BBRWTLYV,181.0,food,828.0,832.0,181,food,828,832,equal,True,Equal,7,,False,False,BBRWTLYV_s007,
BBRWTLYV,182.0,made,833.0,837.0,182,made,833,837,equal,True,Equal,7,,False,False,BBRWTLYV_s007,
BBRWTLYV,183.0,by,838.0,840.0,183,by,838,840,equal,True,Equal,7,,False,False,BBRWTLYV_s007,
BBRWTLYV,184.0,a,841.0,842.0,184,a,841,842,equal,True,Equal,7,,False,False,BBRWTLYV_s007,
BBRWTLYV,185.0,private,843.0,850.0,185,private,843,850,equal,True,Equal,7,,False,False,BBRWTLYV_s007,
BBRWTLYV,186.0,chef,851.0,855.0,186,chef,851,855,equal,True,Equal,7,,False,False,BBRWTLYV_s007,
BBRWTLYV,187.0,on,856.0,858.0,187,on,856,858,equal,True,Equal,7,,False,False,BBRWTLYV_s007,
BBRWTLYV,188.0,a,859.0,860.0,188,a,859,860,equal,True,Equal,7,,False,False,BBRWTLYV_s007,
BBRWTLYV,189.0,floating,861.0,869.0,189,floating,861,869,equal,True,Equal,7,,False,False,BBRWTLYV_s007,
BBRWTLYV,190.0,table,870.0,875.0,190,table,870,875,equal,True,Equal,7,,False,False,BBRWTLYV_s007,
BBRWTLYV,191.0,the,876.0,879.0,191,the,876,879,equal,True,Equal,7,,False,False,BBRWTLYV_s007,
BBRWTLYV,192.0,size,880.0,884.0,192,size,880,884,equal,True,Equal,7,,False,False,BBRWTLYV_s007,
BBRWTLYV,193.0,of,885.0,887.0,193,of,885,887,equal,True,Equal,7,,False,False,BBRWTLYV_s007,
BBRWTLYV,194.0,a,888.0,889.0,194,a,888,889,equal,True,Equal,7,,False,False,BBRWTLYV_s007,
BBRWTLYV,195.0,bus,890.0,893.0,195,bus,890,893,equal,True,Equal,7,,False,False,BBRWTLYV_s007,
BBRWTLYV,196.0,.,893.0,894.0,196,.,893,894,equal,True,Equal,7,Sentence Ending,False,False,BBRWTLYV_s007,Correct Ending
BBRWTLYV,197.0,But,895.0,898.0,197,But,895,898,equal,True,Equal,8,Sentence Beginning,False,False,BBRWTLYV_s008,Correct Beginning
BBRWTLYV,198.0,the,899.0,902.0,198,the,899,902,equal,True,Equal,8,,False,False,BBRWTLYV_s008,
BBRWTLYV,199.0,highlight,903.0,912.0,199,highlight,903,912,equal,True,Equal,8,,False,False,BBRWTLYV_s008,
BBRWTLYV,200.0,of,913.0,915.0,200,of,913,915,equal,True,Equal,8,,False,False,BBRWTLYV_s008,
BBRWTLYV,201.0,the,916.0,919.0,201,the,916,919,equal,True,Equal,8,,False,False,BBRWTLYV_s008,
BBRWTLYV,202.0,trip,920.0,924.0,202,trip,920,924,equal,True,Equal,8,,False,False,BBRWTLYV_s008,
BBRWTLYV,203.0,around,925.0,931.0,203,around,925,931,equal,True,Equal,8,,False,False,BBRWTLYV_s008,
BBRWTLYV,204.0,Australia,932.0,941.0,204,Australia,932,941,equal,True,Equal,8,,False,False,BBRWTLYV_s008,
BBRWTLYV,205.0,was,942.0,945.0,205,was,942,945,equal,True,Equal,8,,False,False,BBRWTLYV_s008,
BBRWTLYV,206.0,the,946.0,949.0,206,the,946,949,equal,True,Equal,8,,False,False,BBRWTLYV_s008,
BBRWTLYV,207.0,rooms,950.0,955.0,207,rooms,950,955,equal,True,Equal,8,,False,False,BBRWTLYV_s008,
BBRWTLYV,208.0,we,956.0,958.0,208,we,956,958,equal,True,Equal,8,,False,False,BBRWTLYV_s008,
BBRWTLYV,209.0,had,959.0,962.0,209,had,959,962,equal,True,Equal,8,,False,False,BBRWTLYV_s008,
BBRWTLYV,210.0,booked,963.0,969.0,210,booked,963,969,equal,True,Equal,8,,False,False,BBRWTLYV_s008,
BBRWTLYV,211.0,for,970.0,973.0,211,for,970,973,equal,True,Equal,8,,False,False,BBRWTLYV_s008,
BBRWTLYV,212.0,rooms,974.0,979.0,212,rooms,974,979,equal,True,Equal,8,,False,False,BBRWTLYV_s008,
BBRWTLYV,213.0,for,980.0,983.0,213,for,980,983,equal,True,Equal,8,,False,False,BBRWTLYV_s008,
BBRWTLYV,214.0,the,984.0,987.0,214,the,984,987,equal,True,Equal,8,,False,False,BBRWTLYV_s008,
BBRWTLYV,215.0,journey,988.0,995.0,215,journey,988,995,equal,True,Equal,8,,False,False,BBRWTLYV_s008,
BBRWTLYV,216.0,.,995.0,996.0,216,.,995,996,equal,True,Equal,8,Sentence Ending,False,False,BBRWTLYV_s008,Correct Ending
BBRWTLYV,217.0,The,997.0,1000.0,217,The,997,1000,equal,True,Equal,9,Sentence Beginning,False,False,BBRWTLYV_s009,Correct Beginning
BBRWTLYV,218.0,door,1001.0,1005.0,218,door,1001,1005,equal,True,Equal,9,,False,False,BBRWTLYV_s009,
BBRWTLYV,219.0,was,1006.0,1009.0,219,was,1006,1009,equal,True,Equal,9,,False,False,BBRWTLYV_s009,
BBRWTLYV,220.0,unlocked,1010.0,1018.0,220,unlocked,1010,1018,equal,True,Equal,9,,False,False,BBRWTLYV_s009,
BBRWTLYV,221.0,by,1019.0,1021.0,221,by,1019,1021,equal,True,Equal,9,,False,False,BBRWTLYV_s009,
BBRWTLYV,222.0,Face,1022.0,1026.0,222,Face,1022,1026,equal,True,Equal,9,,False,False,BBRWTLYV_s009,
BBRWTLYV,223.0,ID,1027.0,1029.0,223,ID,1027,1029,equal,True,Equal,9,,False,False,BBRWTLYV_s009,
BBRWTLYV,224.0,",",1029.0,1030.0,224,",",1029,1030,equal,True,Equal,9,,False,False,BBRWTLYV_s009,
BBRWTLYV,225.0,and,1031.0,1034.0,225,and,1031,1034,equal,True,Equal,9,,False,False,BBRWTLYV_s009,
BBRWTLYV,226.0,we,1035.0,1037.0,226,we,1035,1037,equal,True,Equal,9,,False,False,BBRWTLYV_s009,
BBRWTLYV,227.0,were,1038.0,1042.0,227,were,1038,1042,equal,True,Equal,9,,False,False,BBRWTLYV_s009,
BBRWTLYV,228.0,greated,1043.0,1050.0,228,greated,1043,1050,equal,True,Equal,9,,False,False,BBRWTLYV_s009,
BBRWTLYV,229.0,to,1051.0,1053.0,229,to,1051,1053,equal,True,Equal,9,,False,False,BBRWTLYV_s009,
BBRWTLYV,230.0,a,1054.0,1055.0,230,a,1054,1055,equal,True,Equal,9,,False,False,BBRWTLYV_s009,
BBRWTLYV,231.0,spectacular,1056.0,1067.0,231,spectacular,1056,1067,equal,True,Equal,9,,False,False,BBRWTLYV_s009,
BBRWTLYV,232.0,dining,1068.0,1074.0,232,dining,1068,1074,equal,True,Equal,9,,False,False,BBRWTLYV_s009,
BBRWTLYV,233.0,room,1075.0,1079.0,233,room,1075,1079,equal,True,Equal,9,,False,False,BBRWTLYV_s009,
BBRWTLYV,234.0,with,1080.0,1084.0,234,with,1080,1084,equal,True,Equal,9,,False,False,BBRWTLYV_s009,
BBRWTLYV,235.0,an,1085.0,1087.0,235,an,1085,1087,equal,True,Equal,9,,False,False,BBRWTLYV_s009,
BBRWTLYV,236.0,underwater,1088.0,1098.0,236,underwater,1088,1098,equal,True,Equal,9,,False,False,BBRWTLYV_s009,
BBRWTLYV,237.0,view,1099.0,1103.0,237,view,1099,1103,equal,True,Equal,9,,False,False,BBRWTLYV_s009,
BBRWTLYV,238.0,.,1103.0,1104.0,238,.,1103,1104,equal,True,Equal,9,Sentence Ending,False,False,BBRWTLYV_s009,Correct Ending
BBRWTLYV,239.0,As,1105.0,1107.0,239,As,1105,1107,equal,True,Equal,10,Sentence Beginning,False,False,BBRWTLYV_s010,Correct Beginning
BBRWTLYV,240.0,we,1108.0,1110.0,240,we,1108,1110,equal,True,Equal,10,,False,False,BBRWTLYV_s010,
BBRWTLYV,241.0,plonked,1111.0,1118.0,241,plonked,1111,1118,equal,True,Equal,10,,False,False,BBRWTLYV_s010,
BBRWTLYV,242.0,down,1119.0,1123.0,242,down,1119,1123,equal,True,Equal,10,,False,False,BBRWTLYV_s010,
BBRWTLYV,243.0,onto,1124.0,1128.0,243,onto,1124,1128,equal,True,Equal,10,,False,False,BBRWTLYV_s010,
BBRWTLYV,244.0,the,1129.0,1132.0,244,the,1129,1132,equal,True,Equal,10,,False,False,BBRWTLYV_s010,
BBRWTLYV,245.0,hovering,1133.0,1141.0,245,hovering,1133,1141,equal,True,Equal,10,,False,False,BBRWTLYV_s010,
BBRWTLYV,246.0,king,1142.0,1146.0,246,king,1142,1146,equal,True,Equal,10,,False,False,BBRWTLYV_s010,
BBRWTLYV,247.0,-,1146.0,1147.0,247,-,1146,1147,equal,True,Equal,10,,False,False,BBRWTLYV_s010,
BBRWTLYV,248.0,sized,1147.0,1152.0,248,sized,1147,1152,equal,True,Equal,10,,False,False,BBRWTLYV_s010,
BBRWTLYV,249.0,beds,1153.0,1157.0,249,beds,1153,1157,equal,True,Equal,10,,False,False,BBRWTLYV_s010,
BBRWTLYV,250.0,",",1157.0,1158.0,250,",",1157,1158,equal,True,Equal,10,,False,False,BBRWTLYV_s010,
BBRWTLYV,251.0,the,1159.0,1162.0,251,the,1159,1162,equal,True,Equal,10,,False,False,BBRWTLYV_s010,
BBRWTLYV,252.0,boat,1163.0,1167.0,252,boat,1163,1167,equal,True,Equal,10,,False,False,BBRWTLYV_s010,
BBRWTLYV,253.0,stopped,1168.0,1175.0,253,stopped,1168,1175,equal,True,Equal,10,,False,False,BBRWTLYV_s010,
BBRWTLYV,254.0,gliding,1176.0,1183.0,254,gliding,1176,1183,equal,True,Equal,10,,False,False,BBRWTLYV_s010,
BBRWTLYV,255.0,through,1184.0,1191.0,255,through,1184,1191,equal,True,Equal,10,,False,False,BBRWTLYV_s010,
BBRWTLYV,256.0,the,1192.0,1195.0,256,the,1192,1195,equal,True,Equal,10,,False,False,BBRWTLYV_s010,
BBRWTLYV,257.0,ocean,1196.0,1201.0,257,ocean,1196,1201,equal,True,Equal,10,,False,False,BBRWTLYV_s010,
BBRWTLYV,258.0,like,1202.0,1206.0,258,like,1202,1206,equal,True,Equal,10,,False,False,BBRWTLYV_s010,
BBRWTLYV,259.0,a,1207.0,1208.0,259,a,1207,1208,equal,True,Equal,10,,False,False,BBRWTLYV_s010,
BBRWTLYV,260.0,knife,1209.0,1214.0,260,knife,1209,1214,equal,True,Equal,10,,False,False,BBRWTLYV_s010,
BBRWTLYV,261.0,.,1214.0,1215.0,261,.,1214,1215,equal,True,Equal,10,Sentence Ending,False,False,BBRWTLYV_s010,Correct Ending
BBRWTLYV,262.0,Assuming,1216.0,1224.0,262,Assuming,1216,1224,equal,True,Equal,11,Sentence Beginning,False,False,BBRWTLYV_s011,Correct Beginning
BBRWTLYV,263.0,that,1225.0,1229.0,263,that,1225,1229,equal,True,Equal,11,,False,False,BBRWTLYV_s011,
BBRWTLYV,264.0,it,1230.0,1232.0,264,it,1230,1232,equal,True,Equal,11,,False,False,BBRWTLYV_s011,
BBRWTLYV,265.0,was,1233.0,1236.0,265,was,1233,1236,equal,True,Equal,11,,False,False,BBRWTLYV_s011,
BBRWTLYV,266.0,normal,1237.0,1243.0,266,normal,1237,1243,equal,True,Equal,11,,False,False,BBRWTLYV_s011,
BBRWTLYV,267.0,",",1243.0,1244.0,267,",",1243,1244,equal,True,Equal,11,,False,False,BBRWTLYV_s011,
BBRWTLYV,268.0,we,1245.0,1247.0,268,we,1245,1247,equal,True,Equal,11,,False,False,BBRWTLYV_s011,
BBRWTLYV,269.0,started,1248.0,1255.0,269,started,1248,1255,equal,True,Equal,11,,False,False,BBRWTLYV_s011,
BBRWTLYV,270.0,jumping,1256.0,1263.0,270,jumping,1256,1263,equal,True,Equal,11,,False,False,BBRWTLYV_s011,
BBRWTLYV,271.0,on,1264.0,1266.0,271,on,1264,1266,equal,True,Equal,11,,False,False,BBRWTLYV_s011,
BBRWTLYV,272.0,the,1267.0,1270.0,272,the,1267,1270,equal,True,Equal,11,,False,False,BBRWTLYV_s011,
BBRWTLYV,273.0,bed,1271.0,1274.0,273,bed,1271,1274,equal,True,Equal,11,,False,False,BBRWTLYV_s011,
BBRWTLYV,274.0,.,1274.0,1275.0,274,.,1274,1275,equal,True,Equal,11,Sentence Ending,False,False,BBRWTLYV_s011,Correct Ending
BBRWTLYV,275.0,Suddenly,1276.0,1284.0,275,Suddenly,1276,1284,equal,True,Equal,12,Sentence Beginning,False,False,BBRWTLYV_s012,Correct Beginning
BBRWTLYV,276.0,",",1284.0,1285.0,276,",",1284,1285,equal,True,Equal,12,,False,False,BBRWTLYV_s012,
BBRWTLYV,277.0,disaster,1286.0,1294.0,277,disaster,1286,1294,equal,True,Equal,12,,False,False,BBRWTLYV_s012,
BBRWTLYV,278.0,struck,1295.0,1301.0,278,struck,1295,1301,equal,True,Equal,12,,False,False,BBRWTLYV_s012,
BBRWTLYV,279.0,",",1301.0,1302.0,279,",",1301,1302,equal,True,Equal,12,,False,False,BBRWTLYV_s012,
BBRWTLYV,280.0,like,1303.0,1307.0,280,like,1303,1307,equal,True,Equal,12,,False,False,BBRWTLYV_s012,
BBRWTLYV,281.0,lightening,1308.0,1318.0,281,lightening,1308,1318,equal,True,Equal,12,,False,False,BBRWTLYV_s012,
BBRWTLYV,282.0,to,1319.0,1321.0,282,to,1319,1321,equal,True,Equal,12,,False,False,BBRWTLYV_s012,
BBRWTLYV,283.0,a,1322.0,1323.0,283,a,1322,1323,equal,True,Equal,12,,False,False,BBRWTLYV_s012,
BBRWTLYV,284.0,tree,1324.0,1328.0,284,tree,1324,1328,equal,True,Equal,12,,False,False,BBRWTLYV_s012,
BBRWTLYV,285.0,.,1328.0,1329.0,285,.,1328,1329,equal,True,Equal,12,Sentence Ending,False,False,BBRWTLYV_s012,Correct Ending
BBRWTLYV,286.0,The,1330.0,1333.0,286,The,1330,1333,equal,True,Equal,13,Sentence Beginning,False,False,BBRWTLYV_s013,Correct Beginning
BBRWTLYV,287.0,glass,1334.0,1339.0,287,glass,1334,1339,equal,True,Equal,13,,False,False,BBRWTLYV_s013,
BBRWTLYV,288.0,pane,1340.0,1344.0,288,pane,1340,1344,equal,True,Equal,13,,False,False,BBRWTLYV_s013,
BBRWTLYV,289.0,that,1345.0,1349.0,289,that,1345,1349,equal,True,Equal,13,,False,False,BBRWTLYV_s013,
BBRWTLYV,290.0,gave,1350.0,1354.0,290,gave,1350,1354,equal,True,Equal,13,,False,False,BBRWTLYV_s013,
BBRWTLYV,291.0,us,1355.0,1357.0,291,us,1355,1357,equal,True,Equal,13,,False,False,BBRWTLYV_s013,
BBRWTLYV,292.0,an,1358.0,1360.0,292,an,1358,1360,equal,True,Equal,13,,False,False,BBRWTLYV_s013,
BBRWTLYV,293.0,underwater,1361.0,1371.0,293,underwater,1361,1371,equal,True,Equal,13,,False,False,BBRWTLYV_s013,
BBRWTLYV,294.0,view,1372.0,1376.0,294,view,1372,1376,equal,True,Equal,13,,False,False,BBRWTLYV_s013,
BBRWTLYV,295.0,cracked,1377.0,1384.0,295,cracked,1377,1384,equal,True,Equal,13,,False,False,BBRWTLYV_s013,
BBRWTLYV,296.0,like,1385.0,1389.0,296,like,1385,1389,equal,True,Equal,13,,False,False,BBRWTLYV_s013,
BBRWTLYV,297.0,hammer,1390.0,1396.0,297,hammer,1390,1396,equal,True,Equal,13,,False,False,BBRWTLYV_s013,
BBRWTLYV,298.0,to,1397.0,1399.0,298,to,1397,1399,equal,True,Equal,13,,False,False,BBRWTLYV_s013,
BBRWTLYV,299.0,a,1400.0,1401.0,299,a,1400,1401,equal,True,Equal,13,,False,False,BBRWTLYV_s013,
BBRWTLYV,300.0,rice,1402.0,1406.0,300,rice,1402,1406,equal,True,Equal,13,,False,False,BBRWTLYV_s013,
BBRWTLYV,301.0,cracker,1407.0,1414.0,301,cracker,1407,1414,equal,True,Equal,13,,False,False,BBRWTLYV_s013,
BBRWTLYV,302.0,.,1414.0,1415.0,302,.,1414,1415,equal,True,Equal,13,Sentence Ending,False,False,BBRWTLYV_s013,Correct Ending
BBRWTLYV,303.0,Pools,1416.0,1421.0,303,Pools,1416,1421,equal,True,Equal,14,Sentence Beginning,False,False,BBRWTLYV_s014,Correct Beginning
BBRWTLYV,304.0,of,1422.0,1424.0,304,of,1422,1424,equal,True,Equal,14,,False,False,BBRWTLYV_s014,
BBRWTLYV,305.0,water,1425.0,1430.0,305,water,1425,1430,equal,True,Equal,14,,False,False,BBRWTLYV_s014,
BBRWTLYV,306.0,rushed,1431.0,1437.0,306,rushed,1431,1437,equal,True,Equal,14,,False,False,BBRWTLYV_s014,
BBRWTLYV,307.0,into,1438.0,1442.0,307,into,1438,1442,equal,True,Equal,14,,False,False,BBRWTLYV_s014,
BBRWTLYV,308.0,the,1443.0,1446.0,308,the,1443,1446,equal,True,Equal,14,,False,False,BBRWTLYV_s014,
BBRWTLYV,309.0,immense,1447.0,1454.0,309,immense,1447,1454,equal,True,Equal,14,,False,False,BBRWTLYV_s014,
BBRWTLYV,310.0,room,1455.0,1459.0,310,room,1455,1459,equal,True,Equal,14,,False,False,BBRWTLYV_s014,
BBRWTLYV,311.0,as,1460.0,1462.0,311,as,1460,1462,equal,True,Equal,14,,False,False,BBRWTLYV_s014,
BBRWTLYV,312.0,the,1463.0,1466.0,312,the,1463,1466,equal,True,Equal,14,,False,False,BBRWTLYV_s014,
BBRWTLYV,313.0,waves,1467.0,1472.0,313,waves,1467,1472,equal,True,Equal,14,,False,False,BBRWTLYV_s014,
BBRWTLYV,314.0,pushed,1473.0,1479.0,314,pushed,1473,1479,equal,True,Equal,14,,False,False,BBRWTLYV_s014,
BBRWTLYV,315.0,against,1480.0,1487.0,315,against,1480,1487,equal,True,Equal,14,,False,False,BBRWTLYV_s014,
BBRWTLYV,316.0,us,1488.0,1490.0,316,us,1488,1490,equal,True,Equal,14,,False,False,BBRWTLYV_s014,
BBRWTLYV,317.0,without,1491.0,1498.0,317,without,1491,1498,equal,True,Equal,14,,False,False,BBRWTLYV_s014,
BBRWTLYV,318.0,mercy,1499.0,1504.0,318,mercy,1499,1504,equal,True,Equal,14,,False,False,BBRWTLYV_s014,
BBRWTLYV,319.0,.,1504.0,1505.0,319,.,1504,1505,equal,True,Equal,14,Sentence Ending,False,False,BBRWTLYV_s014,Correct Ending
BBRWTLYV,320.0,We,1506.0,1508.0,320,We,1506,1508,equal,True,Equal,15,Sentence Beginning,False,False,BBRWTLYV_s015,Correct Beginning
BBRWTLYV,321.0,paddled,1509.0,1516.0,321,paddled,1509,1516,equal,True,Equal,15,,False,False,BBRWTLYV_s015,
BBRWTLYV,322.0,out,1517.0,1520.0,322,out,1517,1520,equal,True,Equal,15,,False,False,BBRWTLYV_s015,
BBRWTLYV,323.0,the,1521.0,1524.0,323,the,1521,1524,equal,True,Equal,15,,False,False,BBRWTLYV_s015,
BBRWTLYV,324.0,window,1525.0,1531.0,324,window,1525,1531,equal,True,Equal,15,,False,False,BBRWTLYV_s015,
BBRWTLYV,325.0,",",1531.0,1532.0,325,",",1531,1532,equal,True,Equal,15,,False,False,BBRWTLYV_s015,
BBRWTLYV,326.0,and,1533.0,1536.0,326,and,1533,1536,equal,True,Equal,15,,False,False,BBRWTLYV_s015,
BBRWTLYV,327.0,for,1537.0,1540.0,327,for,1537,1540,equal,True,Equal,15,,False,False,BBRWTLYV_s015,
BBRWTLYV,328.0,a,1541.0,1542.0,328,a,1541,1542,equal,True,Equal,15,,False,False,BBRWTLYV_s015,
BBRWTLYV,329.0,vertiginous,1543.0,1554.0,329,vertiginous,1543,1554,equal,True,Equal,15,,False,False,BBRWTLYV_s015,
BBRWTLYV,330.0,moment,1555.0,1561.0,330,moment,1555,1561,equal,True,Equal,15,,False,False,BBRWTLYV_s015,
BBRWTLYV,331.0,",",1561.0,1562.0,331,",",1561,1562,equal,True,Equal,15,,False,False,BBRWTLYV_s015,
BBRWTLYV,332.0,my,1563.0,1565.0,332,my,1563,1565,equal,True,Equal,15,,False,False,BBRWTLYV_s015,
BBRWTLYV,333.0,family,1566.0,1572.0,333,family,1566,1572,equal,True,Equal,15,,False,False,BBRWTLYV_s015,
BBRWTLYV,334.0,and,1573.0,1576.0,334,and,1573,1576,equal,True,Equal,15,,False,False,BBRWTLYV_s015,
BBRWTLYV,335.0,I,1577.0,1578.0,335,I,1577,1578,equal,True,Equal,15,,False,False,BBRWTLYV_s015,
BBRWTLYV,336.0,felt,1579.0,1583.0,336,felt,1579,1583,equal,True,Equal,15,,False,False,BBRWTLYV_s015,
BBRWTLYV,337.0,like,1584.0,1588.0,337,like,1584,1588,equal,True,Equal,15,,False,False,BBRWTLYV_s015,
BBRWTLYV,338.0,drowning,1589.0,1597.0,338,drowning,1589,1597,equal,True,Equal,15,,False,False,BBRWTLYV_s015,
BBRWTLYV,339.0,as,1598.0,1600.0,339,as,1598,1600,equal,True,Equal,15,,False,False,BBRWTLYV_s015,
BBRWTLYV,340.0,we,1601.0,1603.0,340,we,1601,1603,equal,True,Equal,15,,False,False,BBRWTLYV_s015,
BBRWTLYV,341.0,realised,1604.0,1612.0,341,realised,1604,1612,equal,True,Equal,15,,False,False,BBRWTLYV_s015,
BBRWTLYV,342.0,we,1613.0,1615.0,342,we,1613,1615,equal,True,Equal,15,,False,False,BBRWTLYV_s015,
BBRWTLYV,343.0,were,1616.0,1620.0,343,were,1616,1620,equal,True,Equal,15,,False,False,BBRWTLYV_s015,
BBRWTLYV,344.0,about,1621.0,1626.0,344,about,1621,1626,equal,True,Equal,15,,False,False,BBRWTLYV_s015,
BBRWTLYV,345.0,a,1627.0,1628.0,345,a,1627,1628,equal,True,Equal,15,,False,False,BBRWTLYV_s015,
BBRWTLYV,346.0,hundred,1629.0,1636.0,346,hundred,1629,1636,equal,True,Equal,15,,False,False,BBRWTLYV_s015,
BBRWTLYV,347.0,meters,1637.0,1643.0,347,meters,1637,1643,equal,True,Equal,15,,False,False,BBRWTLYV_s015,
BBRWTLYV,348.0,below,1644.0,1649.0,348,below,1644,1649,equal,True,Equal,15,,False,False,BBRWTLYV_s015,
BBRWTLYV,349.0,sea,1650.0,1653.0,349,sea,1650,1653,equal,True,Equal,15,,False,False,BBRWTLYV_s015,
BBRWTLYV,350.0,level,1654.0,1659.0,350,level,1654,1659,equal,True,Equal,15,,False,False,BBRWTLYV_s015,
BBRWTLYV,351.0,",",1659.0,1660.0,351,",",1659,1660,equal,True,Equal,15,,False,False,BBRWTLYV_s015,
BBRWTLYV,352.0,but,1661.0,1664.0,352,but,1661,1664,equal,True,Equal,15,,False,False,BBRWTLYV_s015,
BBRWTLYV,353.0,the,1665.0,1668.0,353,the,1665,1668,equal,True,Equal,15,,False,False,BBRWTLYV_s015,
BBRWTLYV,354.0,moment,1669.0,1675.0,354,moment,1669,1675,equal,True,Equal,15,,False,False,BBRWTLYV_s015,
BBRWTLYV,355.0,left,1676.0,1680.0,355,left,1676,1680,equal,True,Equal,15,,False,False,BBRWTLYV_s015,
BBRWTLYV,356.0,as,1681.0,1683.0,356,as,1681,1683,equal,True,Equal,15,,False,False,BBRWTLYV_s015,
BBRWTLYV,357.0,soon,1684.0,1688.0,357,soon,1684,1688,equal,True,Equal,15,,False,False,BBRWTLYV_s015,
BBRWTLYV,358.0,as,1689.0,1691.0,358,as,1689,1691,equal,True,Equal,15,,False,False,BBRWTLYV_s015,
BBRWTLYV,359.0,it,1692.0,1694.0,359,it,1692,1694,equal,True,Equal,15,,False,False,BBRWTLYV_s015,
BBRWTLYV,360.0,had,1695.0,1698.0,360,had,1695,1698,equal,True,Equal,15,,False,False,BBRWTLYV_s015,
BBRWTLYV,361.0,come,1699.0,1703.0,361,come,1699,1703,equal,True,Equal,15,,False,False,BBRWTLYV_s015,
BBRWTLYV,362.0,.,1703.0,1704.0,362,.,1703,1704,equal,True,Equal,15,Sentence Ending,False,False,BBRWTLYV_s015,Correct Ending
BBRWTLYV,363.0,I,1705.0,1706.0,363,I,1705,1706,equal,True,Equal,16,Sentence Beginning,False,False,BBRWTLYV_s016,Correct Beginning
BBRWTLYV,364.0,kicked,1707.0,1713.0,364,kicked,1707,1713,equal,True,Equal,16,,False,False,BBRWTLYV_s016,
BBRWTLYV,365.0,my,1714.0,1716.0,365,my,1714,1716,equal,True,Equal,16,,False,False,BBRWTLYV_s016,
BBRWTLYV,366.0,legs,1717.0,1721.0,366,legs,1717,1721,equal,True,Equal,16,,False,False,BBRWTLYV_s016,
BBRWTLYV,367.0,as,1722.0,1724.0,367,as,1722,1724,equal,True,Equal,16,,False,False,BBRWTLYV_s016,
BBRWTLYV,368.0,brutally,1725.0,1733.0,368,brutally,1725,1733,equal,True,Equal,16,,False,False,BBRWTLYV_s016,
BBRWTLYV,369.0,as,1734.0,1736.0,369,as,1734,1736,equal,True,Equal,16,,False,False,BBRWTLYV_s016,
BBRWTLYV,370.0,I,1737.0,1738.0,370,I,1737,1738,equal,True,Equal,16,,False,False,BBRWTLYV_s016,
BBRWTLYV,371.0,could,1739.0,1744.0,371,could,1739,1744,equal,True,Equal,16,,False,False,BBRWTLYV_s016,
BBRWTLYV,372.0,",",1744.0,1745.0,372,",",1744,1745,equal,True,Equal,16,,False,False,BBRWTLYV_s016,
BBRWTLYV,373.0,one,1746.0,1749.0,373,one,1746,1749,equal,True,Equal,16,,False,False,BBRWTLYV_s016,
BBRWTLYV,374.0,hand,1750.0,1754.0,374,hand,1750,1754,equal,True,Equal,16,,False,False,BBRWTLYV_s016,
BBRWTLYV,375.0,paddling,1755.0,1763.0,375,paddling,1755,1763,equal,True,Equal,16,,False,False,BBRWTLYV_s016,
BBRWTLYV,376.0,and,1764.0,1767.0,376,and,1764,1767,equal,True,Equal,16,,False,False,BBRWTLYV_s016,
BBRWTLYV,377.0,the,1768.0,1771.0,377,the,1768,1771,equal,True,Equal,16,,False,False,BBRWTLYV_s016,
BBRWTLYV,378.0,other,1772.0,1777.0,378,other,1772,1777,equal,True,Equal,16,,False,False,BBRWTLYV_s016,
BBRWTLYV,379.0,clutched,1778.0,1786.0,379,clutched,1778,1786,equal,True,Equal,16,,False,False,BBRWTLYV_s016,
BBRWTLYV,380.0,onto,1787.0,1791.0,380,onto,1787,1791,equal,True,Equal,16,,False,False,BBRWTLYV_s016,
BBRWTLYV,381.0,Mum,1792.0,1795.0,381,Mum,1792,1795,equal,True,Equal,16,,False,False,BBRWTLYV_s016,
BBRWTLYV,382.0,.,1795.0,1796.0,382,.,1795,1796,equal,True,Equal,16,Sentence Ending,False,False,BBRWTLYV_s016,Correct Ending
BBRWTLYV,383.0,At,1797.0,1799.0,383,At,1797,1799,equal,True,Equal,17,Sentence Beginning,False,False,BBRWTLYV_s017,Correct Beginning
BBRWTLYV,384.0,last,1800.0,1804.0,384,last,1800,1804,equal,True,Equal,17,,False,False,BBRWTLYV_s017,
BBRWTLYV,385.0,",",1804.0,1805.0,385,",",1804,1805,equal,True,Equal,17,,False,False,BBRWTLYV_s017,
BBRWTLYV,386.0,I,1806.0,1807.0,386,I,1806,1807,equal,True,Equal,17,,False,False,BBRWTLYV_s017,
BBRWTLYV,387.0,broke,1808.0,1813.0,387,broke,1808,1813,equal,True,Equal,17,,False,False,BBRWTLYV_s017,
BBRWTLYV,388.0,free,1814.0,1818.0,388,free,1814,1818,equal,True,Equal,17,,False,False,BBRWTLYV_s017,
BBRWTLYV,389.0,of,1819.0,1821.0,389,of,1819,1821,equal,True,Equal,17,,False,False,BBRWTLYV_s017,
BBRWTLYV,390.0,the,1822.0,1825.0,390,the,1822,1825,equal,True,Equal,17,,False,False,BBRWTLYV_s017,
BBRWTLYV,391.0,nightmare,1826.0,1835.0,391,nightmare,1826,1835,equal,True,Equal,17,,False,False,BBRWTLYV_s017,
BBRWTLYV,392.0,and,1836.0,1839.0,392,and,1836,1839,equal,True,Equal,17,,False,False,BBRWTLYV_s017,
BBRWTLYV,393.0,I,1840.0,1841.0,393,I,1840,1841,equal,True,Equal,17,,False,False,BBRWTLYV_s017,
BBRWTLYV,394.0,was,1842.0,1845.0,394,was,1842,1845,equal,True,Equal,17,,False,False,BBRWTLYV_s017,
BBRWTLYV,395.0,inhaling,1846.0,1854.0,395,inhaling,1846,1854,equal,True,Equal,17,,False,False,BBRWTLYV_s017,
BBRWTLYV,396.0,lungfulls,1855.0,1864.0,396,lungfulls,1855,1864,equal,True,Equal,17,,False,False,BBRWTLYV_s017,
BBRWTLYV,397.0,of,1865.0,1867.0,397,of,1865,1867,equal,True,Equal,17,,False,False,BBRWTLYV_s017,
BBRWTLYV,398.0,fresh,1868.0,1873.0,398,fresh,1868,1873,equal,True,Equal,17,,False,False,BBRWTLYV_s017,
BBRWTLYV,399.0,",",1873.0,1874.0,399,",",1873,1874,equal,True,Equal,17,,False,False,BBRWTLYV_s017,
BBRWTLYV,400.0,salty,1875.0,1880.0,400,salty,1875,1880,equal,True,Equal,17,,False,False,BBRWTLYV_s017,
BBRWTLYV,401.0,air,1881.0,1884.0,401,air,1881,1884,equal,True,Equal,17,,False,False,BBRWTLYV_s017,
BBRWTLYV,402.0,",",1884.0,1885.0,402,",",1884,1885,equal,True,Equal,17,,False,False,BBRWTLYV_s017,
BBRWTLYV,403.0,overwhelmed,1886.0,1897.0,403,overwhelmed,1886,1897,equal,True,Equal,17,,False,False,BBRWTLYV_s017,
BBRWTLYV,404.0,to,1898.0,1900.0,404,to,1898,1900,equal,True,Equal,17,,False,False,BBRWTLYV_s017,
BBRWTLYV,405.0,be,1901.0,1903.0,405,be,1901,1903,equal,True,Equal,17,,False,False,BBRWTLYV_s017,
BBRWTLYV,406.0,at,1904.0,1906.0,406,at,1904,1906,equal,True,Equal,17,,False,False,BBRWTLYV_s017,
BBRWTLYV,407.0,the,1907.0,1910.0,407,the,1907,1910,equal,True,Equal,17,,False,False,BBRWTLYV_s017,
BBRWTLYV,408.0,surface,1911.0,1918.0,408,surface,1911,1918,equal,True,Equal,17,,False,False,BBRWTLYV_s017,
BBRWTLYV,409.0,rather,1919.0,1925.0,409,rather,1919,1925,equal,True,Equal,17,,False,False,BBRWTLYV_s017,
BBRWTLYV,410.0,than,1926.0,1930.0,410,than,1926,1930,equal,True,Equal,17,,False,False,BBRWTLYV_s017,
BBRWTLYV,411.0,the,1931.0,1934.0,411,the,1931,1934,equal,True,Equal,17,,False,False,BBRWTLYV_s017,
BBRWTLYV,412.0,bottom,1935.0,1941.0,412,bottom,1935,1941,equal,True,Equal,17,,False,False,BBRWTLYV_s017,
BBRWTLYV,413.0,.,1941.0,1942.0,413,.,1941,1942,equal,True,Equal,17,Sentence Ending,False,False,BBRWTLYV_s017,Correct Ending
BBRWTLYV,414.0,But,1943.0,1946.0,414,But,1943,1946,equal,True,Equal,18,Sentence Beginning,False,False,BBRWTLYV_s018,Correct Beginning
BBRWTLYV,415.0,it,1947.0,1949.0,415,it,1947,1949,equal,True,Equal,18,,False,False,BBRWTLYV_s018,
BBRWTLYV,416.0,wasn,1950.0,1954.0,416,wasn,1950,1954,equal,True,Equal,18,,False,False,BBRWTLYV_s018,
BBRWTLYV,417.0,',1954.0,1955.0,417,',1954,1955,equal,True,Equal,18,,False,False,BBRWTLYV_s018,
BBRWTLYV,418.0,t,1955.0,1956.0,418,t,1955,1956,equal,True,Equal,18,,False,False,BBRWTLYV_s018,
BBRWTLYV,419.0,over,1957.0,1961.0,419,over,1957,1961,equal,True,Equal,18,,False,False,BBRWTLYV_s018,
BBRWTLYV,420.0,.,1961.0,1962.0,420,.,1961,1962,equal,True,Equal,18,Sentence Ending,False,False,BBRWTLYV_s018,Correct Ending
BBRWTLYV,421.0,We,1963.0,1965.0,421,We,1963,1965,equal,True,Equal,19,Sentence Beginning,False,False,BBRWTLYV_s019,Correct Beginning
BBRWTLYV,422.0,were,1966.0,1970.0,422,were,1966,1970,equal,True,Equal,19,,False,False,BBRWTLYV_s019,
BBRWTLYV,423.0,still,1971.0,1976.0,423,still,1971,1976,equal,True,Equal,19,,False,False,BBRWTLYV_s019,
BBRWTLYV,424.0,hundreds,1977.0,1985.0,424,hundreds,1977,1985,equal,True,Equal,19,,False,False,BBRWTLYV_s019,
BBRWTLYV,425.0,of,1986.0,1988.0,425,of,1986,1988,equal,True,Equal,19,,False,False,BBRWTLYV_s019,
BBRWTLYV,426.0,meters,1989.0,1995.0,426,meters,1989,1995,equal,True,Equal,19,,False,False,BBRWTLYV_s019,
BBRWTLYV,427.0,away,1996.0,2000.0,427,away,1996,2000,equal,True,Equal,19,,False,False,BBRWTLYV_s019,
BBRWTLYV,428.0,from,2001.0,2005.0,428,from,2001,2005,equal,True,Equal,19,,False,False,BBRWTLYV_s019,
BBRWTLYV,429.0,a,2006.0,2007.0,429,a,2006,2007,equal,True,Equal,19,,False,False,BBRWTLYV_s019,
BBRWTLYV,430.0,sandy,2008.0,2013.0,430,sandy,2008,2013,equal,True,Equal,19,,False,False,BBRWTLYV_s019,
BBRWTLYV,431.0,shore,2014.0,2019.0,431,shore,2014,2019,equal,True,Equal,19,,False,False,BBRWTLYV_s019,
BBRWTLYV,432.0,.,2019.0,2020.0,432,.,2019,2020,equal,True,Equal,19,Sentence Ending,False,False,BBRWTLYV_s019,Correct Ending
BBRWTLYV,433.0,I,2021.0,2022.0,433,I,2021,2022,equal,True,Equal,20,Sentence Beginning,False,False,BBRWTLYV_s020,Correct Beginning
BBRWTLYV,434.0,paddled,2023.0,2030.0,434,paddled,2023,2030,equal,True,Equal,20,,False,False,BBRWTLYV_s020,
BBRWTLYV,435.0,for,2031.0,2034.0,435,for,2031,2034,equal,True,Equal,20,,False,False,BBRWTLYV_s020,
BBRWTLYV,436.0,hours,2035.0,2040.0,436,hours,2035,2040,equal,True,Equal,20,,False,False,BBRWTLYV_s020,
BBRWTLYV,437.0,",",2040.0,2041.0,437,",",2040,2041,equal,True,Equal,20,,False,False,BBRWTLYV_s020,
BBRWTLYV,438.0,my,2042.0,2044.0,438,my,2042,2044,equal,True,Equal,20,,False,False,BBRWTLYV_s020,
BBRWTLYV,439.0,thigh,2045.0,2050.0,439,thigh,2045,2050,equal,True,Equal,20,,False,False,BBRWTLYV_s020,
BBRWTLYV,440.0,and,2051.0,2054.0,440,and,2051,2054,equal,True,Equal,20,,False,False,BBRWTLYV_s020,
BBRWTLYV,441.0,arms,2055.0,2059.0,441,arms,2055,2059,equal,True,Equal,20,,False,False,BBRWTLYV_s020,
BBRWTLYV,442.0,screaming,2060.0,2069.0,442,screaming,2060,2069,equal,True,Equal,20,,False,False,BBRWTLYV_s020,
BBRWTLYV,443.0,at,2070.0,2072.0,443,at,2070,2072,equal,True,Equal,20,,False,False,BBRWTLYV_s020,
BBRWTLYV,444.0,my,2073.0,2075.0,444,my,2073,2075,equal,True,Equal,20,,False,False,BBRWTLYV_s020,
BBRWTLYV,445.0,head,2076.0,2080.0,445,head,2076,2080,equal,True,Equal,20,,False,False,BBRWTLYV_s020,
BBRWTLYV,446.0,in,2081.0,2083.0,446,in,2081,2083,equal,True,Equal,20,,False,False,BBRWTLYV_s020,
BBRWTLYV,447.0,pain,2084.0,2088.0,447,pain,2084,2088,equal,True,Equal,20,,False,False,BBRWTLYV_s020,
BBRWTLYV,448.0,.,2088.0,2089.0,448,.,2088,2089,equal,True,Equal,20,Sentence Ending,False,False,BBRWTLYV_s020,Correct Ending
BBRWTLYV,449.0,My,2090.0,2092.0,449,My,2090,2092,equal,True,Equal,21,Sentence Beginning,False,False,BBRWTLYV_s021,Correct Beginning
BBRWTLYV,450.0,family,2093.0,2099.0,450,family,2093,2099,equal,True,Equal,21,,False,False,BBRWTLYV_s021,
BBRWTLYV,451.0,was,2100.0,2103.0,451,was,2100,2103,equal,True,Equal,21,,False,False,BBRWTLYV_s021,
BBRWTLYV,452.0,in,2104.0,2106.0,452,in,2104,2106,equal,True,Equal,21,,False,False,BBRWTLYV_s021,
BBRWTLYV,453.0,the,2107.0,2110.0,453,the,2107,2110,equal,True,Equal,21,,False,False,BBRWTLYV_s021,
BBRWTLYV,454.0,same,2111.0,2115.0,454,same,2111,2115,equal,True,Equal,21,,False,False,BBRWTLYV_s021,
BBRWTLYV,455.0,boat,2116.0,2120.0,455,boat,2116,2120,equal,True,Equal,21,,False,False,BBRWTLYV_s021,
BBRWTLYV,456.0,as,2121.0,2123.0,456,as,2121,2123,equal,True,Equal,21,,False,False,BBRWTLYV_s021,
BBRWTLYV,457.0,me,2124.0,2126.0,457,me,2124,2126,equal,True,Equal,21,,False,False,BBRWTLYV_s021,
BBRWTLYV,458.0,as,2127.0,2129.0,458,as,2127,2129,equal,True,Equal,21,,False,False,BBRWTLYV_s021,
BBRWTLYV,459.0,Mum,2130.0,2133.0,459,Mum,2130,2133,equal,True,Equal,21,,False,False,BBRWTLYV_s021,
BBRWTLYV,460.0,just,2134.0,2138.0,460,just,2134,2138,equal,True,Equal,21,,False,False,BBRWTLYV_s021,
BBRWTLYV,461.0,decided,2139.0,2146.0,461,decided,2139,2146,equal,True,Equal,21,,False,False,BBRWTLYV_s021,
BBRWTLYV,462.0,to,2147.0,2149.0,462,to,2147,2149,equal,True,Equal,21,,False,False,BBRWTLYV_s021,
BBRWTLYV,463.0,glide,2150.0,2155.0,463,glide,2150,2155,equal,True,Equal,21,,False,False,BBRWTLYV_s021,
BBRWTLYV,464.0,smoothly,2156.0,2164.0,464,smoothly,2156,2164,equal,True,Equal,21,,False,False,BBRWTLYV_s021,
BBRWTLYV,465.0,through,2165.0,2172.0,465,through,2165,2172,equal,True,Equal,21,,False,False,BBRWTLYV_s021,
BBRWTLYV,466.0,the,2173.0,2176.0,466,the,2173,2176,equal,True,Equal,21,,False,False,BBRWTLYV_s021,
BBRWTLYV,467.0,cool,2177.0,2181.0,467,cool,2177,2181,equal,True,Equal,21,,False,False,BBRWTLYV_s021,
BBRWTLYV,468.0,water,2182.0,2187.0,468,water,2182,2187,equal,True,Equal,21,,False,False,BBRWTLYV_s021,
BBRWTLYV,469.0,.,2187.0,2188.0,469,.,2187,2188,equal,True,Equal,21,Sentence Ending,False,False,BBRWTLYV_s021,Correct Ending
BBRWTLYV,470.0,After,2189.0,2194.0,470,After,2189,2194,equal,True,Equal,22,Sentence Beginning,False,False,BBRWTLYV_s022,Correct Beginning
BBRWTLYV,471.0,a,2195.0,2196.0,471,a,2195,2196,equal,True,Equal,22,,False,False,BBRWTLYV_s022,
BBRWTLYV,472.0,few,2197.0,2200.0,472,few,2197,2200,equal,True,Equal,22,,False,False,BBRWTLYV_s022,
BBRWTLYV,473.0,hours,2201.0,2206.0,473,hours,2201,2206,equal,True,Equal,22,,False,False,BBRWTLYV_s022,
BBRWTLYV,474.0,of,2207.0,2209.0,474,of,2207,2209,equal,True,Equal,22,,False,False,BBRWTLYV_s022,
BBRWTLYV,475.0,breathing,2210.0,2219.0,475,breathing,2210,2219,equal,True,Equal,22,,False,False,BBRWTLYV_s022,
BBRWTLYV,476.0,and,2220.0,2223.0,476,and,2220,2223,equal,True,Equal,22,,False,False,BBRWTLYV_s022,
BBRWTLYV,477.0,kicking,2224.0,2231.0,477,kicking,2224,2231,equal,True,Equal,22,,False,False,BBRWTLYV_s022,
BBRWTLYV,478.0,and,2232.0,2235.0,478,and,2232,2235,equal,True,Equal,22,,False,False,BBRWTLYV_s022,
BBRWTLYV,479.0,breathing,2236.0,2245.0,479,breathing,2236,2245,equal,True,Equal,22,,False,False,BBRWTLYV_s022,
BBRWTLYV,480.0,and,2246.0,2249.0,480,and,2246,2249,equal,True,Equal,22,,False,False,BBRWTLYV_s022,
BBRWTLYV,481.0,kicking,2250.0,2257.0,481,kicking,2250,2257,equal,True,Equal,22,,False,False,BBRWTLYV_s022,
BBRWTLYV,482.0,",",2257.0,2258.0,482,",",2257,2258,equal,True,Equal,22,,False,False,BBRWTLYV_s022,
BBRWTLYV,483.0,a,2259.0,2260.0,483,a,2259,2260,equal,True,Equal,22,,False,False,BBRWTLYV_s022,
BBRWTLYV,484.0,familiar,2261.0,2269.0,484,familiar,2261,2269,equal,True,Equal,22,,False,False,BBRWTLYV_s022,
BBRWTLYV,485.0,beach,2270.0,2275.0,485,beach,2270,2275,equal,True,Equal,22,,False,False,BBRWTLYV_s022,
BBRWTLYV,486.0,came,2276.0,2280.0,486,came,2276,2280,equal,True,Equal,22,,False,False,BBRWTLYV_s022,
BBRWTLYV,487.0,in,2281.0,2283.0,487,in,2281,2283,equal,True,Equal,22,,False,False,BBRWTLYV_s022,
BBRWTLYV,488.0,site,2284.0,2288.0,488,site,2284,2288,equal,True,Equal,22,,False,False,BBRWTLYV_s022,
BBRWTLYV,489.0,.,2288.0,2289.0,489,.,2288,2289,equal,True,Equal,22,Sentence Ending,False,False,BBRWTLYV_s022,Correct Ending
BBRWTLYV,490.0,It,2290.0,2292.0,490,It,2290,2292,equal,True,Equal,23,Sentence Beginning,False,False,BBRWTLYV_s023,Correct Beginning
BBRWTLYV,491.0,was,2293.0,2296.0,491,was,2293,2296,equal,True,Equal,23,,False,False,BBRWTLYV_s023,
BBRWTLYV,492.0,Bondi,2297.0,2302.0,492,Bondi,2297,2302,equal,True,Equal,23,,False,False,BBRWTLYV_s023,
BBRWTLYV,493.0,.,2302.0,2303.0,493,.,2302,2303,equal,True,Equal,23,Sentence Ending,False,False,BBRWTLYV_s023,Correct Ending
BBRWTLYV,494.0,I,2304.0,2305.0,494,I,2304,2305,equal,True,Equal,24,Sentence Beginning,False,False,BBRWTLYV_s024,Correct Beginning
BBRWTLYV,495.0,was,2306.0,2309.0,495,was,2306,2309,equal,True,Equal,24,,False,False,BBRWTLYV_s024,
BBRWTLYV,496.0,fulled,2310.0,2316.0,496,fulled,2310,2316,equal,True,Equal,24,,False,False,BBRWTLYV_s024,
BBRWTLYV,497.0,to,2317.0,2319.0,497,to,2317,2319,equal,True,Equal,24,,False,False,BBRWTLYV_s024,
BBRWTLYV,498.0,the,2320.0,2323.0,498,the,2320,2323,equal,True,Equal,24,,False,False,BBRWTLYV_s024,
BBRWTLYV,499.0,brim,2324.0,2328.0,499,brim,2324,2328,equal,True,Equal,24,,False,False,BBRWTLYV_s024,
BBRWTLYV,500.0,of,2329.0,2331.0,500,of,2329,2331,equal,True,Equal,24,,False,False,BBRWTLYV_s024,
BBRWTLYV,501.0,joy,2332.0,2335.0,501,joy,2332,2335,equal,True,Equal,24,,False,False,BBRWTLYV_s024,
BBRWTLYV,502.0,",",2335.0,2336.0,502,",",2335,2336,equal,True,Equal,24,,False,False,BBRWTLYV_s024,
BBRWTLYV,503.0,and,2337.0,2340.0,503,and,2337,2340,equal,True,Equal,24,,False,False,BBRWTLYV_s024,
BBRWTLYV,504.0,I,2341.0,2342.0,504,I,2341,2342,equal,True,Equal,24,,False,False,BBRWTLYV_s024,
BBRWTLYV,505.0,paddked,2343.0,2350.0,505,paddked,2343,2350,equal,True,Equal,24,,False,False,BBRWTLYV_s024,
BBRWTLYV,506.0,hard,2351.0,2355.0,506,hard,2351,2355,equal,True,Equal,24,,False,False,BBRWTLYV_s024,
BBRWTLYV,507.0,with,2356.0,2360.0,507,with,2356,2360,equal,True,Equal,24,,False,False,BBRWTLYV_s024,
BBRWTLYV,508.0,the,2361.0,2364.0,508,the,2361,2364,equal,True,Equal,24,,False,False,BBRWTLYV_s024,
BBRWTLYV,509.0,strength,2365.0,2373.0,509,strength,2365,2373,equal,True,Equal,24,,False,False,BBRWTLYV_s024,
BBRWTLYV,510.0,I,2374.0,2375.0,510,I,2374,2375,equal,True,Equal,24,,False,False,BBRWTLYV_s024,
BBRWTLYV,511.0,suddenly,2376.0,2384.0,511,suddenly,2376,2384,equal,True,Equal,24,,False,False,BBRWTLYV_s024,
BBRWTLYV,512.0,knew,2385.0,2389.0,512,knew,2385,2389,equal,True,Equal,24,,False,False,BBRWTLYV_s024,
BBRWTLYV,513.0,I,2390.0,2391.0,513,I,2390,2391,equal,True,Equal,24,,False,False,BBRWTLYV_s024,
BBRWTLYV,514.0,had,2392.0,2395.0,514,had,2392,2395,equal,True,Equal,24,,False,False,BBRWTLYV_s024,
BBRWTLYV,515.0,.,2395.0,2396.0,515,.,2395,2396,equal,True,Equal,24,Sentence Ending,False,False,BBRWTLYV_s024,Correct Ending
BBRWTLYV,516.0,I,2397.0,2398.0,516,I,2397,2398,equal,True,Equal,25,Sentence Beginning,False,False,BBRWTLYV_s025,Correct Beginning
BBRWTLYV,517.0,stood,2399.0,2404.0,517,stood,2399,2404,equal,True,Equal,25,,False,False,BBRWTLYV_s025,
BBRWTLYV,518.0,like,2405.0,2409.0,518,like,2405,2409,equal,True,Equal,25,,False,False,BBRWTLYV_s025,
BBRWTLYV,519.0,a,2410.0,2411.0,519,a,2410,2411,equal,True,Equal,25,,False,False,BBRWTLYV_s025,
BBRWTLYV,520.0,hero,2412.0,2416.0,520,hero,2412,2416,equal,True,Equal,25,,False,False,BBRWTLYV_s025,
BBRWTLYV,521.0,.,2416.0,2417.0,521,.,2416,2417,equal,True,Equal,25,Sentence Ending,False,False,BBRWTLYV_s025,Correct Ending
BBRWTLYV,522.0,I,2418.0,2419.0,522,I,2418,2419,equal,True,Equal,26,Sentence Beginning,False,False,BBRWTLYV_s026,Correct Beginning
BBRWTLYV,523.0,wanted,2420.0,2426.0,523,wanted,2420,2426,equal,True,Equal,26,,False,False,BBRWTLYV_s026,
BBRWTLYV,524.0,to,2427.0,2429.0,524,to,2427,2429,equal,True,Equal,26,,False,False,BBRWTLYV_s026,
BBRWTLYV,525.0,fell,2430.0,2434.0,525,fell,2430,2434,equal,True,Equal,26,,False,False,BBRWTLYV_s026,
BBRWTLYV,526.0,the,2435.0,2438.0,526,the,2435,2438,equal,True,Equal,26,,False,False,BBRWTLYV_s026,
BBRWTLYV,527.0,highest,2439.0,2446.0,527,highest,2439,2446,equal,True,Equal,26,,False,False,BBRWTLYV_s026,
BBRWTLYV,528.0,spruce,2447.0,2453.0,528,spruce,2447,2453,equal,True,Equal,26,,False,False,BBRWTLYV_s026,
BBRWTLYV,529.0,and,2454.0,2457.0,529,and,2454,2457,equal,True,Equal,26,,False,False,BBRWTLYV_s026,
BBRWTLYV,530.0,strip,2458.0,2463.0,530,strip,2458,2463,equal,True,Equal,26,,False,False,BBRWTLYV_s026,
BBRWTLYV,531.0,it,2464.0,2466.0,531,it,2464,2466,equal,True,Equal,26,,False,False,BBRWTLYV_s026,
BBRWTLYV,532.0,and,2467.0,2470.0,532,and,2467,2470,equal,True,Equal,26,,False,False,BBRWTLYV_s026,
BBRWTLYV,533.0,trim,2471.0,2475.0,533,trim,2471,2475,equal,True,Equal,26,,False,False,BBRWTLYV_s026,
BBRWTLYV,534.0,it,2476.0,2478.0,534,it,2476,2478,equal,True,Equal,26,,False,False,BBRWTLYV_s026,
BBRWTLYV,535.0,clean,2479.0,2484.0,535,clean,2479,2484,equal,True,Equal,26,,False,False,BBRWTLYV_s026,
BBRWTLYV,536.0,with,2485.0,2489.0,536,with,2485,2489,equal,True,Equal,26,,False,False,BBRWTLYV_s026,
BBRWTLYV,537.0,my,2490.0,2492.0,537,my,2490,2492,equal,True,Equal,26,,False,False,BBRWTLYV_s026,
BBRWTLYV,538.0,bare,2493.0,2497.0,538,bare,2493,2497,equal,True,Equal,26,,False,False,BBRWTLYV_s026,
BBRWTLYV,539.0,hands,2498.0,2503.0,539,hands,2498,2503,equal,True,Equal,26,,False,False,BBRWTLYV_s026,
BBRWTLYV,540.0,with,2504.0,2508.0,540,with,2504,2508,equal,True,Equal,26,,False,False,BBRWTLYV_s026,
BBRWTLYV,541.0,the,2509.0,2512.0,541,the,2509,2512,equal,True,Equal,26,,False,False,BBRWTLYV_s026,
BBRWTLYV,542.0,strength,2513.0,2521.0,542,strength,2513,2521,equal,True,Equal,26,,False,False,BBRWTLYV_s026,
BBRWTLYV,543.0,I,2522.0,2523.0,543,I,2522,2523,equal,True,Equal,26,,False,False,BBRWTLYV_s026,
BBRWTLYV,544.0,knew,2524.0,2528.0,544,knew,2524,2528,equal,True,Equal,26,,False,False,BBRWTLYV_s026,
BBRWTLYV,545.0,I,2529.0,2530.0,545,I,2529,2530,equal,True,Equal,26,,False,False,BBRWTLYV_s026,
BBRWTLYV,546.0,had,2531.0,2534.0,546,had,2531,2534,equal,True,Equal,26,,False,False,BBRWTLYV_s026,
BBRWTLYV,547.0,",",2534.0,2535.0,547,",",2534,2535,equal,True,Equal,26,,False,False,BBRWTLYV_s026,
BBRWTLYV,548.0,before,2536.0,2542.0,548,before,2536,2542,equal,True,Equal,26,,False,False,BBRWTLYV_s026,
BBRWTLYV,549.0,collapsing,2543.0,2553.0,549,collapsing,2543,2553,equal,True,Equal,26,,False,False,BBRWTLYV_s026,
BBRWTLYV,550.0,in,2554.0,2556.0,550,in,2554,2556,equal,True,Equal,26,,False,False,BBRWTLYV_s026,
BBRWTLYV,551.0,pools,2557.0,2562.0,551,pools,2557,2562,equal,True,Equal,26,,False,False,BBRWTLYV_s026,
BBRWTLYV,552.0,of,2563.0,2565.0,552,of,2563,2565,equal,True,Equal,26,,False,False,BBRWTLYV_s026,
BBRWTLYV,553.0,tears,2566.0,2571.0,553,tears,2566,2571,equal,True,Equal,26,,False,False,BBRWTLYV_s026,
BBRWTLYV,554.0,.,2571.0,2572.0,554,.,2571,2572,equal,True,Equal,26,Sentence Ending,False,False,BBRWTLYV_s026,Correct Ending
BCDVWQDF,0.0,The,0.0,3.0,0,The,0,3,equal,True,Equal,0,Sentence Beginning,False,False,BCDVWQDF_s000,Correct Beginning
BCDVWQDF,1.0,diamond,4.0,11.0,1,diamond,4,11,equal,True,Equal,0,,False,False,BCDVWQDF_s000,
BCDVWQDF,2.0,ring,12.0,16.0,2,ring,12,16,equal,True,Equal,0,,False,False,BCDVWQDF_s000,
BCDVWQDF,3.0,Emmy,17.0,21.0,3,Emmy,17,21,equal,True,Equal,0,,False,False,BCDVWQDF_s000,
BCDVWQDF,4.0,was,22.0,25.0,4,was,22,25,equal,True,Equal,0,,False,False,BCDVWQDF_s000,
BCDVWQDF,5.0,just,26.0,30.0,5,just,26,30,equal,True,Equal,0,,False,False,BCDVWQDF_s000,
BCDVWQDF,6.0,having,31.0,37.0,6,having,31,37,equal,True,Equal,0,,False,False,BCDVWQDF_s000,
BCDVWQDF,7.0,breakfast,38.0,47.0,7,breakfast,38,47,equal,True,Equal,0,,False,False,BCDVWQDF_s000,
BCDVWQDF,8.0,at,48.0,50.0,8,at,48,50,equal,True,Equal,0,,False,False,BCDVWQDF_s000,
BCDVWQDF,9.0,home,51.0,55.0,9,home,51,55,equal,True,Equal,0,,False,False,BCDVWQDF_s000,
BCDVWQDF,10.0,when,56.0,60.0,10,when,56,60,equal,True,Equal,0,,False,False,BCDVWQDF_s000,
BCDVWQDF,11.0,she,61.0,64.0,11,she,61,64,equal,True,Equal,0,,False,False,BCDVWQDF_s000,
BCDVWQDF,12.0,picked,65.0,71.0,12,picked,65,71,equal,True,Equal,0,,False,False,BCDVWQDF_s000,
BCDVWQDF,13.0,up,72.0,74.0,13,up,72,74,equal,True,Equal,0,,False,False,BCDVWQDF_s000,
BCDVWQDF,14.0,the,75.0,78.0,14,the,75,78,equal,True,Equal,0,,False,False,BCDVWQDF_s000,
BCDVWQDF,15.0,newspaper,79.0,88.0,15,newspaper,79,88,equal,True,Equal,0,,False,False,BCDVWQDF_s000,
BCDVWQDF,16.0,",",88.0,89.0,16,",",88,89,equal,True,Equal,0,,False,False,BCDVWQDF_s000,
BCDVWQDF,17.0,she,90.0,93.0,17,she,90,93,equal,True,Equal,0,,False,False,BCDVWQDF_s000,
BCDVWQDF,18.0,read,94.0,98.0,18,read,94,98,equal,True,Equal,0,,False,False,BCDVWQDF_s000,
BCDVWQDF,19.0,it,99.0,101.0,19,it,99,101,equal,True,Equal,0,,False,False,BCDVWQDF_s000,
BCDVWQDF,20.0,.,101.0,102.0,20,.,101,102,equal,True,Equal,0,Sentence Ending,False,False,BCDVWQDF_s000,Correct Ending
BCDVWQDF,21.0,Diamond,103.0,110.0,21,Diamond,103,110,equal,True,Equal,1,Sentence Beginning,False,False,BCDVWQDF_s001,Correct Beginning
BCDVWQDF,22.0,ring,111.0,115.0,22,ring,111,115,equal,True,Equal,1,,False,False,BCDVWQDF_s001,
BCDVWQDF,23.0,for,116.0,119.0,23,for,116,119,equal,True,Equal,1,,False,False,BCDVWQDF_s001,
BCDVWQDF,24.0,5000,120.0,124.0,24,5000,120,124,equal,True,Equal,1,,False,False,BCDVWQDF_s001,
BCDVWQDF,25.0,million,125.0,132.0,25,million,125,132,equal,True,Equal,1,,False,False,BCDVWQDF_s001,
BCDVWQDF,26.0,dollars,133.0,140.0,26,dollars,133,140,equal,True,Equal,1,,False,False,BCDVWQDF_s001,
BCDVWQDF,27.0,.,140.0,141.0,27,.,140,141,equal,True,Equal,1,Sentence Ending,False,False,BCDVWQDF_s001,Correct Ending
BCDVWQDF,28.0,Emmy,142.0,146.0,28,Emmy,142,146,equal,True,Equal,2,Sentence Beginning,False,False,BCDVWQDF_s002,Correct Beginning
BCDVWQDF,29.0,immediatly,147.0,157.0,29,immediatly,147,157,equal,True,Equal,2,,False,False,BCDVWQDF_s002,
BCDVWQDF,30.0,jumped,158.0,164.0,30,jumped,158,164,equal,True,Equal,2,,False,False,BCDVWQDF_s002,
BCDVWQDF,31.0,.,164.0,165.0,31,.,164,165,equal,True,Equal,2,Sentence Ending,False,False,BCDVWQDF_s002,Correct Ending
BCDVWQDF,32.0,"""",166.0,167.0,32,"""",166,167,equal,True,Equal,3,,False,False,BCDVWQDF_s003,
BCDVWQDF,33.0,If,167.0,169.0,33,If,167,169,equal,True,Equal,3,Sentence Beginning,False,False,BCDVWQDF_s003,Correct Beginning
BCDVWQDF,34.0,I,170.0,171.0,34,I,170,171,equal,True,Equal,3,,False,False,BCDVWQDF_s003,
BCDVWQDF,35.0,sell,172.0,176.0,35,sell,172,176,equal,True,Equal,3,,False,False,BCDVWQDF_s003,
BCDVWQDF,36.0,the,177.0,180.0,36,the,177,180,equal,True,Equal,3,,False,False,BCDVWQDF_s003,
BCDVWQDF,37.0,diamond,181.0,188.0,37,diamond,181,188,equal,True,Equal,3,,False,False,BCDVWQDF_s003,
BCDVWQDF,38.0,ring,189.0,193.0,38,ring,189,193,equal,True,Equal,3,,False,False,BCDVWQDF_s003,
BCDVWQDF,39.0,I,194.0,195.0,39,I,194,195,equal,True,Equal,3,,False,False,BCDVWQDF_s003,
BCDVWQDF,40.0,',195.0,196.0,40,',195,196,equal,True,Equal,3,,False,False,BCDVWQDF_s003,
BCDVWQDF,41.0,ll,196.0,198.0,41,ll,196,198,equal,True,Equal,3,,False,False,BCDVWQDF_s003,
BCDVWQDF,42.0,be,199.0,201.0,42,be,199,201,equal,True,Equal,3,,False,False,BCDVWQDF_s003,
BCDVWQDF,43.0,so,202.0,204.0,43,so,202,204,equal,True,Equal,3,,False,False,BCDVWQDF_s003,
BCDVWQDF,44.0,rich,205.0,209.0,44,rich,205,209,equal,True,Equal,3,,False,False,BCDVWQDF_s003,
BCDVWQDF,45.0,!,209.0,210.0,45,!,209,210,equal,True,Equal,3,Sentence Ending,False,False,BCDVWQDF_s003,Correct Ending
BCDVWQDF,46.0,"""",210.0,211.0,46,"""",210,211,equal,True,Equal,4,,False,False,BCDVWQDF_s004,
BCDVWQDF,47.0,said,212.0,216.0,47,said,212,216,equal,True,Equal,4,Sentence Beginning,False,False,BCDVWQDF_s004,Incorrect Beginning
BCDVWQDF,48.0,Emmy,217.0,221.0,48,Emmy,217,221,equal,True,Equal,4,,False,False,BCDVWQDF_s004,
BCDVWQDF,49.0,.,221.0,222.0,49,.,221,222,equal,True,Equal,4,Sentence Ending,False,False,BCDVWQDF_s004,Correct Ending
BCDVWQDF,50.0,So,223.0,225.0,50,So,223,225,equal,True,Equal,5,Sentence Beginning,False,False,BCDVWQDF_s005,Correct Beginning
BCDVWQDF,51.0,the,226.0,229.0,51,the,226,229,equal,True,Equal,5,,False,False,BCDVWQDF_s005,
BCDVWQDF,52.0,search,230.0,236.0,52,search,230,236,equal,True,Equal,5,,False,False,BCDVWQDF_s005,
BCDVWQDF,53.0,began,237.0,242.0,53,began,237,242,equal,True,Equal,5,,False,False,BCDVWQDF_s005,
BCDVWQDF,54.0,Emmy,243.0,247.0,54,Emmy,243,247,equal,True,Equal,5,,False,False,BCDVWQDF_s005,
BCDVWQDF,55.0,searched,248.0,256.0,55,searched,248,256,equal,True,Equal,5,,False,False,BCDVWQDF_s005,
BCDVWQDF,56.0,all,257.0,260.0,56,all,257,260,equal,True,Equal,5,,False,False,BCDVWQDF_s005,
BCDVWQDF,57.0,the,261.0,264.0,57,the,261,264,equal,True,Equal,5,,False,False,BCDVWQDF_s005,
BCDVWQDF,58.0,stores,265.0,271.0,58,stores,265,271,equal,True,Equal,5,,False,False,BCDVWQDF_s005,
BCDVWQDF,59.0,.,271.0,272.0,59,.,271,272,equal,True,Equal,5,Sentence Ending,False,False,BCDVWQDF_s005,Correct Ending
BCDVWQDF,60.0,Until,273.0,278.0,60,Until,273,278,equal,True,Equal,6,Sentence Beginning,False,False,BCDVWQDF_s006,Correct Beginning
BCDVWQDF,61.0,she,279.0,282.0,61,she,279,282,equal,True,Equal,6,,False,False,BCDVWQDF_s006,
BCDVWQDF,62.0,came,283.0,287.0,62,came,283,287,equal,True,Equal,6,,False,False,BCDVWQDF_s006,
BCDVWQDF,63.0,across,288.0,294.0,63,across,288,294,equal,True,Equal,6,,False,False,BCDVWQDF_s006,
BCDVWQDF,64.0,a,295.0,296.0,64,a,295,296,equal,True,Equal,6,,False,False,BCDVWQDF_s006,
BCDVWQDF,65.0,jewelery,297.0,305.0,65,jewelery,297,305,equal,True,Equal,6,,False,False,BCDVWQDF_s006,
BCDVWQDF,66.0,store,306.0,311.0,66,store,306,311,equal,True,Equal,6,,False,False,BCDVWQDF_s006,
BCDVWQDF,67.0,with,312.0,316.0,67,with,312,316,equal,True,Equal,6,,False,False,BCDVWQDF_s006,
BCDVWQDF,68.0,fancy,317.0,322.0,68,fancy,317,322,equal,True,Equal,6,,False,False,BCDVWQDF_s006,
BCDVWQDF,69.0,jewels,323.0,329.0,69,jewels,323,329,equal,True,Equal,6,,False,False,BCDVWQDF_s006,
BCDVWQDF,70.0,.,329.0,330.0,70,.,329,330,equal,True,Equal,6,Sentence Ending,False,False,BCDVWQDF_s006,Correct Ending
BCDVWQDF,71.0,She,331.0,334.0,71,She,331,334,equal,True,Equal,7,Sentence Beginning,False,False,BCDVWQDF_s007,Correct Beginning
BCDVWQDF,72.0,looked,335.0,341.0,72,looked,335,341,equal,True,Equal,7,,False,False,BCDVWQDF_s007,
BCDVWQDF,73.0,through,342.0,349.0,73,through,342,349,equal,True,Equal,7,,False,False,BCDVWQDF_s007,
BCDVWQDF,74.0,the,350.0,353.0,74,the,350,353,equal,True,Equal,7,,False,False,BCDVWQDF_s007,
BCDVWQDF,75.0,window,354.0,360.0,75,window,354,360,equal,True,Equal,7,,False,False,BCDVWQDF_s007,
BCDVWQDF,76.0,and,361.0,364.0,76,and,361,364,equal,True,Equal,7,,False,False,BCDVWQDF_s007,
BCDVWQDF,77.0,she,365.0,368.0,77,she,365,368,equal,True,Equal,7,,False,False,BCDVWQDF_s007,
BCDVWQDF,78.0,saw,369.0,372.0,78,saw,369,372,equal,True,Equal,7,,False,False,BCDVWQDF_s007,
BCDVWQDF,79.0,the,373.0,376.0,79,the,373,376,equal,True,Equal,7,,False,False,BCDVWQDF_s007,
BCDVWQDF,80.0,diamond,377.0,384.0,80,diamond,377,384,equal,True,Equal,7,,False,False,BCDVWQDF_s007,
BCDVWQDF,81.0,ring,385.0,389.0,81,ring,385,389,equal,True,Equal,7,,False,False,BCDVWQDF_s007,
BCDVWQDF,82.0,.,389.0,390.0,82,.,389,390,equal,True,Equal,7,Sentence Ending,False,False,BCDVWQDF_s007,Correct Ending
BCDVWQDF,83.0,She,391.0,394.0,83,She,391,394,equal,True,Equal,8,Sentence Beginning,False,False,BCDVWQDF_s008,Correct Beginning
BCDVWQDF,84.0,went,395.0,399.0,84,went,395,399,equal,True,Equal,8,,False,False,BCDVWQDF_s008,
BCDVWQDF,85.0,inside,400.0,406.0,85,inside,400,406,equal,True,Equal,8,,False,False,BCDVWQDF_s008,
BCDVWQDF,86.0,the,407.0,410.0,86,the,407,410,equal,True,Equal,8,,False,False,BCDVWQDF_s008,
BCDVWQDF,87.0,store,411.0,416.0,87,store,411,416,equal,True,Equal,8,,False,False,BCDVWQDF_s008,
BCDVWQDF,88.0,pretending,417.0,427.0,88,pretending,417,427,equal,True,Equal,8,,False,False,BCDVWQDF_s008,
BCDVWQDF,89.0,to,428.0,430.0,89,to,428,430,equal,True,Equal,8,,False,False,BCDVWQDF_s008,
BCDVWQDF,90.0,be,431.0,433.0,90,be,431,433,equal,True,Equal,8,,False,False,BCDVWQDF_s008,
BCDVWQDF,91.0,a,434.0,435.0,91,a,434,435,equal,True,Equal,8,,False,False,BCDVWQDF_s008,
BCDVWQDF,92.0,customer,436.0,444.0,92,customer,436,444,equal,True,Equal,8,,False,False,BCDVWQDF_s008,
BCDVWQDF,93.0,.,444.0,445.0,93,.,444,445,equal,True,Equal,8,Sentence Ending,False,False,BCDVWQDF_s008,Correct Ending
BCDVWQDF,94.0,Emmy,446.0,450.0,94,Emmy,446,450,equal,True,Equal,9,Sentence Beginning,False,False,BCDVWQDF_s009,Correct Beginning
BCDVWQDF,95.0,was,451.0,454.0,95,was,451,454,equal,True,Equal,9,,False,False,BCDVWQDF_s009,
BCDVWQDF,96.0,so,455.0,457.0,96,so,455,457,equal,True,Equal,9,,False,False,BCDVWQDF_s009,
BCDVWQDF,97.0,close,458.0,463.0,97,close,458,463,equal,True,Equal,9,,False,False,BCDVWQDF_s009,
BCDVWQDF,98.0,to,464.0,466.0,98,to,464,466,equal,True,Equal,9,,False,False,BCDVWQDF_s009,
BCDVWQDF,99.0,the,467.0,470.0,99,the,467,470,equal,True,Equal,9,,False,False,BCDVWQDF_s009,
BCDVWQDF,100.0,diamond,471.0,478.0,100,diamond,471,478,equal,True,Equal,9,,False,False,BCDVWQDF_s009,
BCDVWQDF,101.0,ring,479.0,483.0,101,ring,479,483,equal,True,Equal,9,,False,False,BCDVWQDF_s009,
BCDVWQDF,102.0,when,484.0,488.0,102,when,484,488,equal,True,Equal,9,,False,False,BCDVWQDF_s009,
BCDVWQDF,103.0,she,489.0,492.0,103,she,489,492,equal,True,Equal,9,,False,False,BCDVWQDF_s009,
BCDVWQDF,104.0,went,493.0,497.0,104,went,493,497,equal,True,Equal,9,,False,False,BCDVWQDF_s009,
BCDVWQDF,105.0,close,498.0,503.0,105,close,498,503,equal,True,Equal,9,,False,False,BCDVWQDF_s009,
BCDVWQDF,106.0,enough,504.0,510.0,106,enough,504,510,equal,True,Equal,9,,False,False,BCDVWQDF_s009,
BCDVWQDF,107.0,to,511.0,513.0,107,to,511,513,equal,True,Equal,9,,False,False,BCDVWQDF_s009,
BCDVWQDF,108.0,almost,514.0,520.0,108,almost,514,520,equal,True,Equal,9,,False,False,BCDVWQDF_s009,
BCDVWQDF,109.0,reach,521.0,526.0,109,reach,521,526,equal,True,Equal,9,,False,False,BCDVWQDF_s009,
BCDVWQDF,110.0,it,527.0,529.0,110,it,527,529,equal,True,Equal,9,,False,False,BCDVWQDF_s009,
BCDVWQDF,111.0,",",529.0,530.0,111,",",529,530,equal,True,Equal,9,,False,False,BCDVWQDF_s009,
BCDVWQDF,112.0,an,531.0,533.0,112,an,531,533,equal,True,Equal,9,,False,False,BCDVWQDF_s009,
BCDVWQDF,113.0,alarm,534.0,539.0,113,alarm,534,539,equal,True,Equal,9,,False,False,BCDVWQDF_s009,
BCDVWQDF,114.0,went,540.0,544.0,114,went,540,544,equal,True,Equal,9,,False,False,BCDVWQDF_s009,
BCDVWQDF,115.0,off,545.0,548.0,115,off,545,548,equal,True,Equal,9,,False,False,BCDVWQDF_s009,
BCDVWQDF,116.0,.,548.0,549.0,116,.,548,549,equal,True,Equal,9,Sentence Ending,False,False,BCDVWQDF_s009,Correct Ending
BCDVWQDF,117.0,Emmy,550.0,554.0,117,Emmy,550,554,equal,True,Equal,10,Sentence Beginning,False,False,BCDVWQDF_s010,Correct Beginning
BCDVWQDF,118.0,ran,555.0,558.0,118,ran,555,558,equal,True,Equal,10,,False,False,BCDVWQDF_s010,
BCDVWQDF,119.0,out,559.0,562.0,119,out,559,562,equal,True,Equal,10,,False,False,BCDVWQDF_s010,
BCDVWQDF,120.0,the,563.0,566.0,120,the,563,566,equal,True,Equal,10,,False,False,BCDVWQDF_s010,
BCDVWQDF,121.0,store,567.0,572.0,121,store,567,572,equal,True,Equal,10,,False,False,BCDVWQDF_s010,
BCDVWQDF,122.0,as,573.0,575.0,122,as,573,575,equal,True,Equal,10,,False,False,BCDVWQDF_s010,
BCDVWQDF,123.0,quickly,576.0,583.0,123,quickly,576,583,equal,True,Equal,10,,False,False,BCDVWQDF_s010,
BCDVWQDF,124.0,as,584.0,586.0,124,as,584,586,equal,True,Equal,10,,False,False,BCDVWQDF_s010,
BCDVWQDF,125.0,she,587.0,590.0,125,she,587,590,equal,True,Equal,10,,False,False,BCDVWQDF_s010,
BCDVWQDF,126.0,could,591.0,596.0,126,could,591,596,equal,True,Equal,10,,False,False,BCDVWQDF_s010,
BCDVWQDF,127.0,but,597.0,600.0,127,but,597,600,equal,True,Equal,10,,False,False,BCDVWQDF_s010,
BCDVWQDF,128.0,all,601.0,604.0,128,all,601,604,equal,True,Equal,10,,False,False,BCDVWQDF_s010,
BCDVWQDF,129.0,the,605.0,608.0,129,the,605,608,equal,True,Equal,10,,False,False,BCDVWQDF_s010,
BCDVWQDF,130.0,doors,609.0,614.0,130,doors,609,614,equal,True,Equal,10,,False,False,BCDVWQDF_s010,
BCDVWQDF,131.0,and,615.0,618.0,131,and,615,618,equal,True,Equal,10,,False,False,BCDVWQDF_s010,
BCDVWQDF,132.0,windows,619.0,626.0,132,windows,619,626,equal,True,Equal,10,,False,False,BCDVWQDF_s010,
BCDVWQDF,133.0,started,627.0,634.0,133,started,627,634,equal,True,Equal,10,,False,False,BCDVWQDF_s010,
BCDVWQDF,134.0,closing,635.0,642.0,134,closing,635,642,equal,True,Equal,10,,False,False,BCDVWQDF_s010,
BCDVWQDF,135.0,.,642.0,643.0,135,.,642,643,equal,True,Equal,10,Sentence Ending,False,False,BCDVWQDF_s010,Correct Ending
BCDVWQDF,136.0,Then,644.0,648.0,136,Then,644,648,equal,True,Equal,11,Sentence Beginning,False,False,BCDVWQDF_s011,Correct Beginning
BCDVWQDF,137.0,the,649.0,652.0,137,the,649,652,equal,True,Equal,11,,False,False,BCDVWQDF_s011,
BCDVWQDF,138.0,police,653.0,659.0,138,police,653,659,equal,True,Equal,11,,False,False,BCDVWQDF_s011,
BCDVWQDF,139.0,came,660.0,664.0,139,came,660,664,equal,True,Equal,11,,False,False,BCDVWQDF_s011,
BCDVWQDF,140.0,in,665.0,667.0,140,in,665,667,equal,True,Equal,11,,False,False,BCDVWQDF_s011,
BCDVWQDF,141.0,.,667.0,668.0,141,.,667,668,equal,True,Equal,11,Sentence Ending,False,False,BCDVWQDF_s011,Correct Ending
BCDVWQDF,142.0,"""",669.0,670.0,142,"""",669,670,equal,True,Equal,12,,False,False,BCDVWQDF_s012,
BCDVWQDF,143.0,Stop,670.0,674.0,143,Stop,670,674,equal,True,Equal,12,Sentence Beginning,False,False,BCDVWQDF_s012,Correct Beginning
BCDVWQDF,144.0,thief,675.0,680.0,144,thief,675,680,equal,True,Equal,12,,False,False,BCDVWQDF_s012,
BCDVWQDF,145.0,!,680.0,681.0,145,!,680,681,equal,True,Equal,12,Sentence Ending,False,False,BCDVWQDF_s012,Correct Ending
BCDVWQDF,146.0,"""",681.0,682.0,146,"""",681,682,equal,True,Equal,13,,False,False,BCDVWQDF_s013,
BCDVWQDF,147.0,they,683.0,687.0,147,they,683,687,equal,True,Equal,13,Sentence Beginning,False,False,BCDVWQDF_s013,Incorrect Beginning
BCDVWQDF,148.0,screamed,688.0,696.0,148,screamed,688,696,equal,True,Equal,13,,False,False,BCDVWQDF_s013,
BCDVWQDF,149.0,.,696.0,697.0,149,.,696,697,equal,True,Equal,13,Sentence Ending,False,False,BCDVWQDF_s013,Correct Ending
BCDVWQDF,150.0,Emmy,698.0,702.0,150,Emmy,698,702,equal,True,Equal,14,Sentence Beginning,False,False,BCDVWQDF_s014,Correct Beginning
BCDVWQDF,151.0,decided,703.0,710.0,151,decided,703,710,equal,True,Equal,14,,False,False,BCDVWQDF_s014,
BCDVWQDF,152.0,to,711.0,713.0,152,to,711,713,equal,True,Equal,14,,False,False,BCDVWQDF_s014,
BCDVWQDF,153.0,break,714.0,719.0,153,break,714,719,equal,True,Equal,14,,False,False,BCDVWQDF_s014,
BCDVWQDF,154.0,the,720.0,723.0,154,the,720,723,equal,True,Equal,14,,False,False,BCDVWQDF_s014,
BCDVWQDF,155.0,door,724.0,728.0,155,door,724,728,equal,True,Equal,14,,False,False,BCDVWQDF_s014,
BCDVWQDF,156.0,down,729.0,733.0,156,down,729,733,equal,True,Equal,14,,False,False,BCDVWQDF_s014,
BCDVWQDF,157.0,so,734.0,736.0,157,so,734,736,equal,True,Equal,14,,False,False,BCDVWQDF_s014,
BCDVWQDF,158.0,she,737.0,740.0,158,she,737,740,equal,True,Equal,14,,False,False,BCDVWQDF_s014,
BCDVWQDF,159.0,broke,741.0,746.0,159,broke,741,746,equal,True,Equal,14,,False,False,BCDVWQDF_s014,
BCDVWQDF,160.0,the,747.0,750.0,160,the,747,750,equal,True,Equal,14,,False,False,BCDVWQDF_s014,
BCDVWQDF,161.0,door,751.0,755.0,161,door,751,755,equal,True,Equal,14,,False,False,BCDVWQDF_s014,
BCDVWQDF,162.0,down,756.0,760.0,162,down,756,760,equal,True,Equal,14,,False,False,BCDVWQDF_s014,
BCDVWQDF,163.0,and,761.0,764.0,163,and,761,764,equal,True,Equal,14,,False,False,BCDVWQDF_s014,
BCDVWQDF,164.0,escaped,765.0,772.0,164,escaped,765,772,equal,True,Equal,14,,False,False,BCDVWQDF_s014,
BCDVWQDF,165.0,.,772.0,773.0,165,.,772,773,equal,True,Equal,14,Sentence Ending,False,False,BCDVWQDF_s014,Correct Ending
BCDVWQDF,166.0,The,774.0,777.0,166,The,774,777,equal,True,Equal,15,Sentence Beginning,False,False,BCDVWQDF_s015,Correct Beginning
BCDVWQDF,167.0,police,778.0,784.0,167,police,778,784,equal,True,Equal,15,,False,False,BCDVWQDF_s015,
BCDVWQDF,168.0,chased,785.0,791.0,168,chased,785,791,equal,True,Equal,15,,False,False,BCDVWQDF_s015,
BCDVWQDF,169.0,her,792.0,795.0,169,her,792,795,equal,True,Equal,15,,False,False,BCDVWQDF_s015,
BCDVWQDF,170.0,.,795.0,796.0,170,.,795,796,equal,True,Equal,15,Sentence Ending,False,False,BCDVWQDF_s015,Correct Ending
BCDVWQDF,171.0,The,797.0,800.0,171,The,797,800,equal,True,Equal,16,Sentence Beginning,False,False,BCDVWQDF_s016,Correct Beginning
BCDVWQDF,172.0,police,801.0,807.0,172,police,801,807,equal,True,Equal,16,,False,False,BCDVWQDF_s016,
BCDVWQDF,173.0,were,808.0,812.0,173,were,808,812,equal,True,Equal,16,,False,False,BCDVWQDF_s016,
BCDVWQDF,174.0,right,813.0,818.0,174,right,813,818,equal,True,Equal,16,,False,False,BCDVWQDF_s016,
BCDVWQDF,175.0,on,819.0,821.0,175,on,819,821,equal,True,Equal,16,,False,False,BCDVWQDF_s016,
BCDVWQDF,176.0,her,822.0,825.0,176,her,822,825,equal,True,Equal,16,,False,False,BCDVWQDF_s016,
BCDVWQDF,177.0,tail,826.0,830.0,177,tail,826,830,equal,True,Equal,16,,False,False,BCDVWQDF_s016,
BCDVWQDF,178.0,she,831.0,834.0,178,she,831,834,equal,True,Equal,16,,False,False,BCDVWQDF_s016,
BCDVWQDF,179.0,still,835.0,840.0,179,still,835,840,equal,True,Equal,16,,False,False,BCDVWQDF_s016,
BCDVWQDF,180.0,ran,841.0,844.0,180,ran,841,844,equal,True,Equal,16,,False,False,BCDVWQDF_s016,
BCDVWQDF,181.0,at,845.0,847.0,181,at,845,847,equal,True,Equal,16,,False,False,BCDVWQDF_s016,
BCDVWQDF,182.0,full,848.0,852.0,182,full,848,852,equal,True,Equal,16,,False,False,BCDVWQDF_s016,
BCDVWQDF,183.0,speed,853.0,858.0,183,speed,853,858,equal,True,Equal,16,,False,False,BCDVWQDF_s016,
BCDVWQDF,184.0,even,859.0,863.0,184,even,859,863,equal,True,Equal,16,,False,False,BCDVWQDF_s016,
BCDVWQDF,185.0,though,864.0,870.0,185,though,864,870,equal,True,Equal,16,,False,False,BCDVWQDF_s016,
BCDVWQDF,186.0,she,871.0,874.0,186,she,871,874,equal,True,Equal,16,,False,False,BCDVWQDF_s016,
BCDVWQDF,187.0,was,875.0,878.0,187,was,875,878,equal,True,Equal,16,,False,False,BCDVWQDF_s016,
BCDVWQDF,188.0,really,879.0,885.0,188,really,879,885,equal,True,Equal,16,,False,False,BCDVWQDF_s016,
BCDVWQDF,189.0,tired,886.0,891.0,189,tired,886,891,equal,True,Equal,16,,False,False,BCDVWQDF_s016,
BCDVWQDF,190.0,.,891.0,892.0,190,.,891,892,equal,True,Equal,16,Sentence Ending,False,False,BCDVWQDF_s016,Correct Ending
BCDVWQDF,191.0,The,893.0,896.0,191,The,893,896,equal,True,Equal,17,Sentence Beginning,False,False,BCDVWQDF_s017,Correct Beginning
BCDVWQDF,192.0,police,897.0,903.0,192,police,897,903,equal,True,Equal,17,,False,False,BCDVWQDF_s017,
BCDVWQDF,193.0,however,904.0,911.0,193,however,904,911,equal,True,Equal,17,,False,False,BCDVWQDF_s017,
BCDVWQDF,194.0,didn,912.0,916.0,194,didn,912,916,equal,True,Equal,17,,False,False,BCDVWQDF_s017,
BCDVWQDF,195.0,',916.0,917.0,195,',916,917,equal,True,Equal,17,,False,False,BCDVWQDF_s017,
BCDVWQDF,196.0,t,917.0,918.0,196,t,917,918,equal,True,Equal,17,,False,False,BCDVWQDF_s017,
BCDVWQDF,197.0,give,919.0,923.0,197,give,919,923,equal,True,Equal,17,,False,False,BCDVWQDF_s017,
BCDVWQDF,198.0,up,924.0,926.0,198,up,924,926,equal,True,Equal,17,,False,False,BCDVWQDF_s017,
BCDVWQDF,199.0,they,927.0,931.0,199,they,927,931,equal,True,Equal,17,,False,False,BCDVWQDF_s017,
BCDVWQDF,200.0,kept,932.0,936.0,200,kept,932,936,equal,True,Equal,17,,False,False,BCDVWQDF_s017,
BCDVWQDF,201.0,chasing,937.0,944.0,201,chasing,937,944,equal,True,Equal,17,,False,False,BCDVWQDF_s017,
BCDVWQDF,202.0,her,945.0,948.0,202,her,945,948,equal,True,Equal,17,,False,False,BCDVWQDF_s017,
BCDVWQDF,203.0,.,948.0,949.0,203,.,948,949,equal,True,Equal,17,Sentence Ending,False,False,BCDVWQDF_s017,Correct Ending
BCDVWQDF,204.0,Emmy,950.0,954.0,204,Emmy,950,954,equal,True,Equal,18,Sentence Beginning,False,False,BCDVWQDF_s018,Correct Beginning
BCDVWQDF,205.0,came,955.0,959.0,205,came,955,959,equal,True,Equal,18,,False,False,BCDVWQDF_s018,
BCDVWQDF,206.0,across,960.0,966.0,206,across,960,966,equal,True,Equal,18,,False,False,BCDVWQDF_s018,
BCDVWQDF,207.0,a,967.0,968.0,207,a,967,968,equal,True,Equal,18,,False,False,BCDVWQDF_s018,
BCDVWQDF,208.0,corner,969.0,975.0,208,corner,969,975,equal,True,Equal,18,,False,False,BCDVWQDF_s018,
BCDVWQDF,209.0,and,976.0,979.0,209,and,976,979,equal,True,Equal,18,,False,False,BCDVWQDF_s018,
BCDVWQDF,210.0,she,980.0,983.0,210,she,980,983,equal,True,Equal,18,,False,False,BCDVWQDF_s018,
BCDVWQDF,211.0,turned,984.0,990.0,211,turned,984,990,equal,True,Equal,18,,False,False,BCDVWQDF_s018,
BCDVWQDF,212.0,the,991.0,994.0,212,the,991,994,equal,True,Equal,18,,False,False,BCDVWQDF_s018,
BCDVWQDF,213.0,police,995.0,1001.0,213,police,995,1001,equal,True,Equal,18,,False,False,BCDVWQDF_s018,
BCDVWQDF,214.0,however,1002.0,1009.0,214,however,1002,1009,equal,True,Equal,18,,False,False,BCDVWQDF_s018,
BCDVWQDF,215.0,didn,1010.0,1014.0,215,didn,1010,1014,equal,True,Equal,18,,False,False,BCDVWQDF_s018,
BCDVWQDF,216.0,',1014.0,1015.0,216,',1014,1015,equal,True,Equal,18,,False,False,BCDVWQDF_s018,
BCDVWQDF,217.0,t,1015.0,1016.0,217,t,1015,1016,equal,True,Equal,18,,False,False,BCDVWQDF_s018,
BCDVWQDF,218.0,see,1017.0,1020.0,218,see,1017,1020,equal,True,Equal,18,,False,False,BCDVWQDF_s018,
BCDVWQDF,219.0,the,1021.0,1024.0,219,the,1021,1024,equal,True,Equal,18,,False,False,BCDVWQDF_s018,
BCDVWQDF,220.0,turn,1025.0,1029.0,220,turn,1025,1029,equal,True,Equal,18,,False,False,BCDVWQDF_s018,
BCDVWQDF,221.0,and,1030.0,1033.0,221,and,1030,1033,equal,True,Equal,18,,False,False,BCDVWQDF_s018,
BCDVWQDF,222.0,they,1034.0,1038.0,222,they,1034,1038,equal,True,Equal,18,,False,False,BCDVWQDF_s018,
BCDVWQDF,223.0,just,1039.0,1043.0,223,just,1039,1043,equal,True,Equal,18,,False,False,BCDVWQDF_s018,
BCDVWQDF,224.0,sped,1044.0,1048.0,224,sped,1044,1048,equal,True,Equal,18,,False,False,BCDVWQDF_s018,
BCDVWQDF,225.0,past,1049.0,1053.0,225,past,1049,1053,equal,True,Equal,18,,False,False,BCDVWQDF_s018,
BCDVWQDF,226.0,the,1054.0,1057.0,226,the,1054,1057,equal,True,Equal,18,,False,False,BCDVWQDF_s018,
BCDVWQDF,227.0,corner,1058.0,1064.0,227,corner,1058,1064,equal,True,Equal,18,,False,False,BCDVWQDF_s018,
BCDVWQDF,228.0,.,1064.0,1065.0,228,.,1064,1065,equal,True,Equal,18,Sentence Ending,False,False,BCDVWQDF_s018,Correct Ending
BCDVWQDF,229.0,So,1066.0,1068.0,229,So,1066,1068,equal,True,Equal,19,Sentence Beginning,False,False,BCDVWQDF_s019,Correct Beginning
BCDVWQDF,230.0,Emmy,1069.0,1073.0,230,Emmy,1069,1073,equal,True,Equal,19,,False,False,BCDVWQDF_s019,
BCDVWQDF,231.0,however,1074.0,1081.0,231,however,1074,1081,equal,True,Equal,19,,False,False,BCDVWQDF_s019,
BCDVWQDF,232.0,managed,1082.0,1089.0,232,managed,1082,1089,equal,True,Equal,19,,False,False,BCDVWQDF_s019,
BCDVWQDF,233.0,to,1090.0,1092.0,233,to,1090,1092,equal,True,Equal,19,,False,False,BCDVWQDF_s019,
BCDVWQDF,234.0,escape,1093.0,1099.0,234,escape,1093,1099,equal,True,Equal,19,,False,False,BCDVWQDF_s019,
BCDVWQDF,235.0,.,1099.0,1100.0,235,.,1099,1100,equal,True,Equal,19,Sentence Ending,False,False,BCDVWQDF_s019,Correct Ending
BCDVWQDF,236.0,She,1101.0,1104.0,236,She,1101,1104,equal,True,Equal,20,Sentence Beginning,False,False,BCDVWQDF_s020,Correct Beginning
BCDVWQDF,237.0,still,1105.0,1110.0,237,still,1105,1110,equal,True,Equal,20,,False,False,BCDVWQDF_s020,
BCDVWQDF,238.0,wanted,1111.0,1117.0,238,wanted,1111,1117,equal,True,Equal,20,,False,False,BCDVWQDF_s020,
BCDVWQDF,239.0,the,1118.0,1121.0,239,the,1118,1121,equal,True,Equal,20,,False,False,BCDVWQDF_s020,
BCDVWQDF,240.0,diamond,1122.0,1129.0,240,diamond,1122,1129,equal,True,Equal,20,,False,False,BCDVWQDF_s020,
BCDVWQDF,241.0,ring,1130.0,1134.0,241,ring,1130,1134,equal,True,Equal,20,,False,False,BCDVWQDF_s020,
BCDVWQDF,242.0,but,1135.0,1138.0,242,but,1135,1138,equal,True,Equal,20,,False,False,BCDVWQDF_s020,
BCDVWQDF,243.0,all,1139.0,1142.0,243,all,1139,1142,equal,True,Equal,20,,False,False,BCDVWQDF_s020,
BCDVWQDF,244.0,the,1143.0,1146.0,244,the,1143,1146,equal,True,Equal,20,,False,False,BCDVWQDF_s020,
BCDVWQDF,245.0,trama,1147.0,1152.0,245,trama,1147,1152,equal,True,Equal,20,,False,False,BCDVWQDF_s020,
BCDVWQDF,246.0,that,1153.0,1157.0,246,that,1153,1157,equal,True,Equal,20,,False,False,BCDVWQDF_s020,
BCDVWQDF,247.0,she,1158.0,1161.0,247,she,1158,1161,equal,True,Equal,20,,False,False,BCDVWQDF_s020,
BCDVWQDF,248.0,went,1162.0,1166.0,248,went,1162,1166,equal,True,Equal,20,,False,False,BCDVWQDF_s020,
BCDVWQDF,249.0,through,1167.0,1174.0,249,through,1167,1174,equal,True,Equal,20,,False,False,BCDVWQDF_s020,
BCDVWQDF,250.0,today,1175.0,1180.0,250,today,1175,1180,equal,True,Equal,20,,False,False,BCDVWQDF_s020,
BCDVWQDF,251.0,just,1181.0,1185.0,251,just,1181,1185,equal,True,Equal,20,,False,False,BCDVWQDF_s020,
BCDVWQDF,252.0,to,1186.0,1188.0,252,to,1186,1188,equal,True,Equal,20,,False,False,BCDVWQDF_s020,
BCDVWQDF,253.0,steal,1189.0,1194.0,253,steal,1189,1194,equal,True,Equal,20,,False,False,BCDVWQDF_s020,
BCDVWQDF,254.0,the,1195.0,1198.0,254,the,1195,1198,equal,True,Equal,20,,False,False,BCDVWQDF_s020,
BCDVWQDF,255.0,diamond,1199.0,1206.0,255,diamond,1199,1206,equal,True,Equal,20,,False,False,BCDVWQDF_s020,
BCDVWQDF,256.0,ring,1207.0,1211.0,256,ring,1207,1211,equal,True,Equal,20,,False,False,BCDVWQDF_s020,
BCDVWQDF,257.0,she,1212.0,1215.0,257,she,1212,1215,equal,True,Equal,20,,False,False,BCDVWQDF_s020,
BCDVWQDF,258.0,didn,1216.0,1220.0,258,didn,1216,1220,equal,True,Equal,20,,False,False,BCDVWQDF_s020,
BCDVWQDF,259.0,',1220.0,1221.0,259,',1220,1221,equal,True,Equal,20,,False,False,BCDVWQDF_s020,
BCDVWQDF,260.0,t,1221.0,1222.0,260,t,1221,1222,equal,True,Equal,20,,False,False,BCDVWQDF_s020,
BCDVWQDF,261.0,want,1223.0,1227.0,261,want,1223,1227,equal,True,Equal,20,,False,False,BCDVWQDF_s020,
BCDVWQDF,262.0,the,1228.0,1231.0,262,the,1228,1231,equal,True,Equal,20,,False,False,BCDVWQDF_s020,
BCDVWQDF,263.0,sort,1232.0,1236.0,263,sort,1232,1236,equal,True,Equal,20,,False,False,BCDVWQDF_s020,
BCDVWQDF,264.0,of,1237.0,1239.0,264,of,1237,1239,equal,True,Equal,20,,False,False,BCDVWQDF_s020,
BCDVWQDF,265.0,intencity,1240.0,1249.0,265,intencity,1240,1249,equal,True,Equal,20,,False,False,BCDVWQDF_s020,
BCDVWQDF,266.0,again,1250.0,1255.0,266,again,1250,1255,equal,True,Equal,20,,False,False,BCDVWQDF_s020,
BCDVWQDF,267.0,so,1256.0,1258.0,267,so,1256,1258,equal,True,Equal,20,,False,False,BCDVWQDF_s020,
BCDVWQDF,268.0,she,1259.0,1262.0,268,she,1259,1262,equal,True,Equal,20,,False,False,BCDVWQDF_s020,
BCDVWQDF,269.0,quit,1263.0,1267.0,269,quit,1263,1267,equal,True,Equal,20,,False,False,BCDVWQDF_s020,
BCDVWQDF,270.0,stealing,1268.0,1276.0,270,stealing,1268,1276,equal,True,Equal,20,,False,False,BCDVWQDF_s020,
BCDVWQDF,271.0,and,1277.0,1280.0,271,and,1277,1280,equal,True,Equal,20,,False,False,BCDVWQDF_s020,
BCDVWQDF,272.0,just,1281.0,1285.0,272,just,1281,1285,equal,True,Equal,20,,False,False,BCDVWQDF_s020,
BCDVWQDF,273.0,went,1286.0,1290.0,273,went,1286,1290,equal,True,Equal,20,,False,False,BCDVWQDF_s020,
BCDVWQDF,274.0,to,1291.0,1293.0,274,to,1291,1293,equal,True,Equal,20,,False,False,BCDVWQDF_s020,
BCDVWQDF,275.0,have,1294.0,1298.0,275,have,1294,1298,equal,True,Equal,20,,False,False,BCDVWQDF_s020,
BCDVWQDF,276.0,lunch,1299.0,1304.0,276,lunch,1299,1304,equal,True,Equal,20,,False,False,BCDVWQDF_s020,
BCDVWQDF,277.0,.,1304.0,1305.0,277,.,1304,1305,equal,True,Equal,20,Sentence Ending,False,False,BCDVWQDF_s020,Correct Ending
BCXSFTWC,0.0,If,0.0,2.0,0,If,0,2,equal,True,Equal,0,Sentence Beginning,False,False,BCXSFTWC_s000,Correct Beginning
BCXSFTWC,1.0,you,3.0,6.0,1,you,3,6,equal,True,Equal,0,,False,False,BCXSFTWC_s000,
BCXSFTWC,2.0,are,7.0,10.0,2,are,7,10,equal,True,Equal,0,,False,False,BCXSFTWC_s000,
BCXSFTWC,3.0,locking,11.0,18.0,3,locking,11,18,equal,True,Equal,0,,False,False,BCXSFTWC_s000,
BCXSFTWC,4.0,for,19.0,22.0,4,for,19,22,equal,True,Equal,0,,False,False,BCXSFTWC_s000,
BCXSFTWC,5.0,a,23.0,24.0,5,a,23,24,equal,True,Equal,0,,False,False,BCXSFTWC_s000,
BCXSFTWC,6.0,dimiens,25.0,32.0,6,dimiens,25,32,equal,True,Equal,0,,False,False,BCXSFTWC_s000,
BCXSFTWC,7.0,go,33.0,35.0,7,go,33,35,equal,True,Equal,0,,False,False,BCXSFTWC_s000,
BCXSFTWC,8.0,to,36.0,38.0,8,to,36,38,equal,True,Equal,0,,False,False,BCXSFTWC_s000,
BCXSFTWC,9.0,most,39.0,43.0,9,most,39,43,equal,True,Equal,0,,False,False,BCXSFTWC_s000,
BCXSFTWC,10.0,diming,44.0,50.0,10,diming,44,50,equal,True,Equal,0,,False,False,BCXSFTWC_s000,
BCXSFTWC,11.0,most,51.0,55.0,11,most,51,55,equal,True,Equal,0,,False,False,BCXSFTWC_s000,
BCXSFTWC,12.0,dimiens,56.0,63.0,12,dimiens,56,63,equal,True,Equal,0,,False,False,BCXSFTWC_s000,
BCXSFTWC,13.0,it,64.0,66.0,13,it,64,66,equal,True,Equal,0,,False,False,BCXSFTWC_s000,
BCXSFTWC,14.0,will,67.0,71.0,14,will,67,71,equal,True,Equal,0,,False,False,BCXSFTWC_s000,
BCXSFTWC,15.0,tack,72.0,76.0,15,tack,72,76,equal,True,Equal,0,,False,False,BCXSFTWC_s000,
BCXSFTWC,16.0,abort,77.0,82.0,16,abort,77,82,equal,True,Equal,0,,False,False,BCXSFTWC_s000,
BCXSFTWC,17.0,2,83.0,84.0,17,2,83,84,equal,True,Equal,0,,False,False,BCXSFTWC_s000,
BCXSFTWC,18.0,days,85.0,89.0,18,days,85,89,equal,True,Equal,0,,False,False,BCXSFTWC_s000,
BCXSFTWC,19.0,and,90.0,93.0,19,and,90,93,equal,True,Equal,0,,False,False,BCXSFTWC_s000,
BCXSFTWC,20.0,will,94.0,98.0,20,will,94,98,equal,True,Equal,0,,False,False,BCXSFTWC_s000,
BCXSFTWC,21.0,ayiss,99.0,104.0,21,ayiss,99,104,equal,True,Equal,0,,False,False,BCXSFTWC_s000,
BCXSFTWC,22.0,and,105.0,108.0,22,and,105,108,equal,True,Equal,0,,False,False,BCXSFTWC_s000,
BCXSFTWC,23.0,mabbing,109.0,116.0,23,mabbing,109,116,equal,True,Equal,0,,False,False,BCXSFTWC_s000,
BCXSFTWC,24.0,will,117.0,121.0,24,will,117,121,equal,True,Equal,0,,False,False,BCXSFTWC_s000,
BCXSFTWC,25.0,tack,122.0,126.0,25,tack,122,126,equal,True,Equal,0,,False,False,BCXSFTWC_s000,
BCXSFTWC,26.0,2,127.0,128.0,26,2,127,128,equal,True,Equal,0,,False,False,BCXSFTWC_s000,
BCXSFTWC,27.0,wecks,129.0,134.0,27,wecks,129,134,equal,True,Equal,0,,False,False,BCXSFTWC_s000,
BCXSFTWC,28.0,if,135.0,137.0,28,if,135,137,equal,True,Equal,0,,False,False,BCXSFTWC_s000,
BCXSFTWC,29.0,you,138.0,141.0,29,you,138,141,equal,True,Equal,0,,False,False,BCXSFTWC_s000,
BCXSFTWC,30.0,are,142.0,145.0,30,are,142,145,equal,True,Equal,0,,False,False,BCXSFTWC_s000,
BCXSFTWC,31.0,luck,146.0,150.0,31,luck,146,150,equal,True,Equal,0,,False,False,BCXSFTWC_s000,
BCXSFTWC,32.0,and,151.0,154.0,32,and,151,154,equal,True,Equal,0,,False,False,BCXSFTWC_s000,
BCXSFTWC,33.0,most,155.0,159.0,33,most,155,159,equal,True,Equal,0,,False,False,BCXSFTWC_s000,
BCXSFTWC,34.0,liy,160.0,163.0,34,liy,160,163,equal,True,Equal,0,,False,False,BCXSFTWC_s000,
BCXSFTWC,35.0,tack,164.0,168.0,35,tack,164,168,equal,True,Equal,0,,False,False,BCXSFTWC_s000,
BCXSFTWC,36.0,for,169.0,172.0,36,for,169,172,equal,True,Equal,0,,False,False,BCXSFTWC_s000,
BCXSFTWC,37.0,ayissits,173.0,181.0,37,ayissits,173,181,equal,True,Equal,0,,False,False,BCXSFTWC_s000,
BCXSFTWC,38.0,the,182.0,185.0,38,the,182,185,equal,True,Equal,0,,False,False,BCXSFTWC_s000,
BCXSFTWC,39.0,bist,186.0,190.0,39,bist,186,190,equal,True,Equal,0,,False,False,BCXSFTWC_s000,
BCXSFTWC,40.0,idere,191.0,196.0,40,idere,191,196,equal,True,Equal,0,,False,False,BCXSFTWC_s000,
BCXSFTWC,41.0,and,197.0,200.0,41,and,197,200,equal,True,Equal,0,,False,False,BCXSFTWC_s000,
BCXSFTWC,42.0,do,201.0,203.0,42,do,201,203,equal,True,Equal,0,,False,False,BCXSFTWC_s000,
BCXSFTWC,43.0,not,204.0,207.0,43,not,204,207,equal,True,Equal,0,,False,False,BCXSFTWC_s000,
BCXSFTWC,44.0,git,208.0,211.0,44,git,208,211,equal,True,Equal,0,,False,False,BCXSFTWC_s000,
BCXSFTWC,45.0,my,212.0,214.0,45,my,212,214,equal,True,Equal,0,,False,False,BCXSFTWC_s000,
BCXSFTWC,46.0,stared,215.0,221.0,46,stared,215,221,equal,True,Equal,0,,False,False,BCXSFTWC_s000,
BCXSFTWC,47.0,with,222.0,226.0,47,with,222,226,equal,True,Equal,0,,False,False,BCXSFTWC_s000,
BCXSFTWC,48.0,the,227.0,230.0,48,the,227,230,equal,True,Equal,0,,False,False,BCXSFTWC_s000,
BCXSFTWC,49.0,ufvor,231.0,236.0,49,ufvor,231,236,equal,True,Equal,0,,False,False,BCXSFTWC_s000,
BCXSFTWC,50.0,was,237.0,240.0,50,was,237,240,equal,True,Equal,0,,False,False,BCXSFTWC_s000,
BCXSFTWC,51.0,to,241.0,243.0,51,to,241,243,equal,True,Equal,0,,False,False,BCXSFTWC_s000,
BCXSFTWC,52.0,fined,244.0,249.0,52,fined,244,249,equal,True,Equal,0,,False,False,BCXSFTWC_s000,
BCXSFTWC,53.0,dimiens,250.0,257.0,53,dimiens,250,257,equal,True,Equal,0,,False,False,BCXSFTWC_s000,
BCXSFTWC,54.0,im,258.0,260.0,54,im,258,260,equal,True,Equal,0,,False,False,BCXSFTWC_s000,
BCXSFTWC,55.0,dun,261.0,264.0,55,dun,261,264,equal,True,Equal,0,,False,False,BCXSFTWC_s000,
BCXSFTWC,56.0,telling,265.0,272.0,56,telling,265,272,equal,True,Equal,0,,False,False,BCXSFTWC_s000,
BCXSFTWC,57.0,.,272.0,273.0,57,.,272,273,equal,True,Equal,0,Sentence Ending,False,False,BCXSFTWC_s000,Correct Ending
BGRRHYPQ,0.0,the,0.0,3.0,0,The,0,3,equal,False,Equal,0,Sentence Beginning,False,False,BGRRHYPQ_s000,Incorrect Beginning
BGRRHYPQ,1.0,story,4.0,9.0,1,story,4,9,equal,True,Equal,0,,False,False,BGRRHYPQ_s000,
BGRRHYPQ,2.0,about,10.0,15.0,2,about,10,15,equal,True,Equal,0,,False,False,BGRRHYPQ_s000,
BGRRHYPQ,3.0,the,16.0,19.0,3,the,16,19,equal,True,Equal,0,,False,False,BGRRHYPQ_s000,
BGRRHYPQ,4.0,boy,20.0,23.0,4,boy,20,23,equal,True,Equal,0,,False,False,BGRRHYPQ_s000,
BGRRHYPQ,5.0,that,24.0,28.0,5,that,24,28,equal,True,Equal,0,,False,False,BGRRHYPQ_s000,
BGRRHYPQ,6.0,was,29.0,32.0,6,was,29,32,equal,True,Equal,0,,False,False,BGRRHYPQ_s000,
BGRRHYPQ,7.0,on,33.0,35.0,7,on,33,35,equal,True,Equal,0,,False,False,BGRRHYPQ_s000,
BGRRHYPQ,8.0,a,36.0,37.0,8,a,36,37,equal,True,Equal,0,,False,False,BGRRHYPQ_s000,
BGRRHYPQ,9.0,search,38.0,44.0,9,search,38,44,equal,True,Equal,0,,False,False,BGRRHYPQ_s000,
BGRRHYPQ,10.0,for,45.0,48.0,10,for,45,48,equal,True,Equal,0,,False,False,BGRRHYPQ_s000,
BGRRHYPQ,11.0,a,49.0,50.0,11,a,49,50,equal,True,Equal,0,,False,False,BGRRHYPQ_s000,
BGRRHYPQ,12.0,moon,51.0,55.0,12,moon,51,55,equal,True,Equal,0,,False,False,BGRRHYPQ_s000,
BGRRHYPQ,13.0,rock,56.0,60.0,13,rock,56,60,equal,True,Equal,0,,False,False,BGRRHYPQ_s000,
BGRRHYPQ,14.0,Once,61.0,65.0,14,Once,61,65,equal,True,Equal,0,,False,False,BGRRHYPQ_s000,
BGRRHYPQ,15.0,upon,66.0,70.0,15,upon,66,70,equal,True,Equal,0,,False,False,BGRRHYPQ_s000,
BGRRHYPQ,16.0,a,71.0,72.0,16,a,71,72,equal,True,Equal,0,,False,False,BGRRHYPQ_s000,
BGRRHYPQ,17.0,time,73.0,77.0,17,time,73,77,equal,True,Equal,0,,False,False,BGRRHYPQ_s000,
BGRRHYPQ,18.0,there,78.0,83.0,18,there,78,83,equal,True,Equal,0,,False,False,BGRRHYPQ_s000,
BGRRHYPQ,19.0,was,84.0,87.0,19,was,84,87,equal,True,Equal,0,,False,False,BGRRHYPQ_s000,
BGRRHYPQ,20.0,a,88.0,89.0,20,a,88,89,equal,True,Equal,0,,False,False,BGRRHYPQ_s000,
BGRRHYPQ,21.0,boy,90.0,93.0,21,boy,90,93,equal,True,Equal,0,,False,False,BGRRHYPQ_s000,
BGRRHYPQ,22.0,who,94.0,97.0,22,who,94,97,equal,True,Equal,0,,False,False,BGRRHYPQ_s000,
BGRRHYPQ,23.0,really,98.0,104.0,23,really,98,104,equal,True,Equal,0,,False,False,BGRRHYPQ_s000,
BGRRHYPQ,24.0,wanted,105.0,111.0,24,wanted,105,111,equal,True,Equal,0,,False,False,BGRRHYPQ_s000,
BGRRHYPQ,25.0,to,112.0,114.0,25,to,112,114,equal,True,Equal,0,,False,False,BGRRHYPQ_s000,
BGRRHYPQ,26.0,go,115.0,117.0,26,go,115,117,equal,True,Equal,0,,False,False,BGRRHYPQ_s000,
BGRRHYPQ,27.0,to,118.0,120.0,27,to,118,120,equal,True,Equal,0,,False,False,BGRRHYPQ_s000,
BGRRHYPQ,28.0,the,121.0,124.0,28,the,121,124,equal,True,Equal,0,,False,False,BGRRHYPQ_s000,
BGRRHYPQ,29.0,moon,125.0,129.0,29,moon,125,129,equal,True,Equal,0,,False,False,BGRRHYPQ_s000,
BGRRHYPQ,30.0,to,130.0,132.0,30,to,130,132,equal,True,Equal,0,,False,False,BGRRHYPQ_s000,
BGRRHYPQ,31.0,collect,133.0,140.0,31,collect,133,140,equal,True,Equal,0,,False,False,BGRRHYPQ_s000,
BGRRHYPQ,32.0,a,141.0,142.0,32,a,141,142,equal,True,Equal,0,,False,False,BGRRHYPQ_s000,
BGRRHYPQ,33.0,moon,143.0,147.0,33,moon,143,147,equal,True,Equal,0,,False,False,BGRRHYPQ_s000,
BGRRHYPQ,34.0,rock,148.0,152.0,34,rock,148,152,equal,True,Equal,0,,False,False,BGRRHYPQ_s000,
BGRRHYPQ,35.0,but,153.0,156.0,35,but,153,156,equal,True,Equal,0,,False,False,BGRRHYPQ_s000,
BGRRHYPQ,36.0,he,157.0,159.0,36,he,157,159,equal,True,Equal,0,,False,False,BGRRHYPQ_s000,
BGRRHYPQ,37.0,just,160.0,164.0,37,just,160,164,equal,True,Equal,0,,False,False,BGRRHYPQ_s000,
BGRRHYPQ,38.0,didn,165.0,169.0,38,didn,165,169,equal,True,Equal,0,,False,False,BGRRHYPQ_s000,
BGRRHYPQ,39.0,',169.0,170.0,39,',169,170,equal,True,Equal,0,,False,False,BGRRHYPQ_s000,
BGRRHYPQ,40.0,t,170.0,171.0,40,t,170,171,equal,True,Equal,0,,False,False,BGRRHYPQ_s000,
BGRRHYPQ,41.0,know,172.0,176.0,41,know,172,176,equal,True,Equal,0,,False,False,BGRRHYPQ_s000,
BGRRHYPQ,42.0,how,177.0,180.0,42,how,177,180,equal,True,Equal,0,,False,False,BGRRHYPQ_s000,
BGRRHYPQ,43.0,.,180.0,181.0,43,.,180,181,equal,True,Equal,0,Sentence Ending,False,False,BGRRHYPQ_s000,Correct Ending
BGRRHYPQ,44.0,He,182.0,184.0,44,He,182,184,equal,True,Equal,1,Sentence Beginning,False,False,BGRRHYPQ_s001,Correct Beginning
BGRRHYPQ,45.0,asked,185.0,190.0,45,asked,185,190,equal,True,Equal,1,,False,False,BGRRHYPQ_s001,
BGRRHYPQ,46.0,his,191.0,194.0,46,his,191,194,equal,True,Equal,1,,False,False,BGRRHYPQ_s001,
BGRRHYPQ,47.0,mum,195.0,198.0,47,mum,195,198,equal,True,Equal,1,,False,False,BGRRHYPQ_s001,
BGRRHYPQ,48.0,",",198.0,199.0,48,",",198,199,equal,True,Equal,1,,False,False,BGRRHYPQ_s001,
BGRRHYPQ,49.0,dad,199.0,202.0,49,dad,199,202,equal,True,Equal,1,,False,False,BGRRHYPQ_s001,
BGRRHYPQ,50.0,",",202.0,203.0,50,",",202,203,equal,True,Equal,1,,False,False,BGRRHYPQ_s001,
BGRRHYPQ,51.0,sister,203.0,209.0,51,sister,203,209,equal,True,Equal,1,,False,False,BGRRHYPQ_s001,
BGRRHYPQ,52.0,and,210.0,213.0,52,and,210,213,equal,True,Equal,1,,False,False,BGRRHYPQ_s001,
BGRRHYPQ,53.0,brother,214.0,221.0,53,brother,214,221,equal,True,Equal,1,,False,False,BGRRHYPQ_s001,
BGRRHYPQ,54.0,but,222.0,225.0,54,but,222,225,equal,True,Equal,1,,False,False,BGRRHYPQ_s001,
BGRRHYPQ,55.0,they,226.0,230.0,55,they,226,230,equal,True,Equal,1,,False,False,BGRRHYPQ_s001,
BGRRHYPQ,56.0,all,231.0,234.0,56,all,231,234,equal,True,Equal,1,,False,False,BGRRHYPQ_s001,
BGRRHYPQ,57.0,just,235.0,239.0,57,just,235,239,equal,True,Equal,1,,False,False,BGRRHYPQ_s001,
BGRRHYPQ,58.0,said,240.0,244.0,58,said,240,244,equal,True,Equal,1,,False,False,BGRRHYPQ_s001,
BGRRHYPQ,59.0,to,245.0,247.0,59,to,245,247,equal,True,Equal,1,,False,False,BGRRHYPQ_s001,
BGRRHYPQ,60.0,go,248.0,250.0,60,go,248,250,equal,True,Equal,1,,False,False,BGRRHYPQ_s001,
BGRRHYPQ,61.0,to,251.0,253.0,61,to,251,253,equal,True,Equal,1,,False,False,BGRRHYPQ_s001,
BGRRHYPQ,62.0,a,254.0,255.0,62,a,254,255,equal,True,Equal,1,,False,False,BGRRHYPQ_s001,
BGRRHYPQ,63.0,space,256.0,261.0,63,space,256,261,equal,True,Equal,1,,False,False,BGRRHYPQ_s001,
BGRRHYPQ,64.0,station,262.0,269.0,64,station,262,269,equal,True,Equal,1,,False,False,BGRRHYPQ_s001,
BGRRHYPQ,65.0,.,269.0,270.0,65,.,269,270,equal,True,Equal,1,Sentence Ending,False,False,BGRRHYPQ_s001,Correct Ending
BGRRHYPQ,66.0,Eventually,271.0,281.0,66,Eventually,271,281,equal,True,Equal,2,Sentence Beginning,False,False,BGRRHYPQ_s002,Correct Beginning
BGRRHYPQ,67.0,he,282.0,284.0,67,he,282,284,equal,True,Equal,2,,False,False,BGRRHYPQ_s002,
BGRRHYPQ,68.0,listened,285.0,293.0,68,listened,285,293,equal,True,Equal,2,,False,False,BGRRHYPQ_s002,
BGRRHYPQ,69.0,to,294.0,296.0,69,to,294,296,equal,True,Equal,2,,False,False,BGRRHYPQ_s002,
BGRRHYPQ,70.0,them,297.0,301.0,70,them,297,301,equal,True,Equal,2,,False,False,BGRRHYPQ_s002,
BGRRHYPQ,71.0,he,302.0,304.0,71,he,302,304,equal,True,Equal,2,,False,False,BGRRHYPQ_s002,
BGRRHYPQ,72.0,went,305.0,309.0,72,went,305,309,equal,True,Equal,2,,False,False,BGRRHYPQ_s002,
BGRRHYPQ,73.0,to,310.0,312.0,73,to,310,312,equal,True,Equal,2,,False,False,BGRRHYPQ_s002,
BGRRHYPQ,74.0,SYDNEY,313.0,319.0,74,SYDNEY,313,319,equal,True,Equal,2,,False,False,BGRRHYPQ_s002,
BGRRHYPQ,75.0,space,320.0,325.0,75,space,320,325,equal,True,Equal,2,,False,False,BGRRHYPQ_s002,
BGRRHYPQ,76.0,station,326.0,333.0,76,station,326,333,equal,True,Equal,2,,False,False,BGRRHYPQ_s002,
BGRRHYPQ,77.0,but,334.0,337.0,77,but,334,337,equal,True,Equal,2,,False,False,BGRRHYPQ_s002,
BGRRHYPQ,78.0,they,338.0,342.0,78,they,338,342,equal,True,Equal,2,,False,False,BGRRHYPQ_s002,
BGRRHYPQ,79.0,said,343.0,347.0,79,said,343,347,equal,True,Equal,2,,False,False,BGRRHYPQ_s002,
BGRRHYPQ,80.0,he,348.0,350.0,80,he,348,350,equal,True,Equal,2,,False,False,BGRRHYPQ_s002,
BGRRHYPQ,81.0,',350.0,351.0,81,',350,351,equal,True,Equal,2,,False,False,BGRRHYPQ_s002,
BGRRHYPQ,82.0,s,351.0,352.0,82,s,351,352,equal,True,Equal,2,,False,False,BGRRHYPQ_s002,
BGRRHYPQ,83.0,to,353.0,355.0,83,to,353,355,equal,True,Equal,2,,False,False,BGRRHYPQ_s002,
BGRRHYPQ,84.0,young,356.0,361.0,84,young,356,361,equal,True,Equal,2,,False,False,BGRRHYPQ_s002,
BGRRHYPQ,85.0,for,362.0,365.0,85,for,362,365,equal,True,Equal,2,,False,False,BGRRHYPQ_s002,
BGRRHYPQ,86.0,he,366.0,368.0,86,he,366,368,equal,True,Equal,2,,False,False,BGRRHYPQ_s002,
BGRRHYPQ,87.0,was,369.0,372.0,87,was,369,372,equal,True,Equal,2,,False,False,BGRRHYPQ_s002,
BGRRHYPQ,88.0,9,373.0,374.0,88,9,373,374,equal,True,Equal,2,,False,False,BGRRHYPQ_s002,
BGRRHYPQ,89.0,and,375.0,378.0,89,and,375,378,equal,True,Equal,2,,False,False,BGRRHYPQ_s002,
BGRRHYPQ,90.0,you,379.0,382.0,90,you,379,382,equal,True,Equal,2,,False,False,BGRRHYPQ_s002,
BGRRHYPQ,91.0,had,383.0,386.0,91,had,383,386,equal,True,Equal,2,,False,False,BGRRHYPQ_s002,
BGRRHYPQ,92.0,to,387.0,389.0,92,to,387,389,equal,True,Equal,2,,False,False,BGRRHYPQ_s002,
BGRRHYPQ,93.0,be,390.0,392.0,93,be,390,392,equal,True,Equal,2,,False,False,BGRRHYPQ_s002,
BGRRHYPQ,94.0,at,393.0,395.0,94,at,393,395,equal,True,Equal,2,,False,False,BGRRHYPQ_s002,
BGRRHYPQ,95.0,least,396.0,401.0,95,least,396,401,equal,True,Equal,2,,False,False,BGRRHYPQ_s002,
BGRRHYPQ,96.0,18,402.0,404.0,96,18,402,404,equal,True,Equal,2,,False,False,BGRRHYPQ_s002,
BGRRHYPQ,97.0,to,405.0,407.0,97,to,405,407,equal,True,Equal,2,,False,False,BGRRHYPQ_s002,
BGRRHYPQ,98.0,go,408.0,410.0,98,go,408,410,equal,True,Equal,2,,False,False,BGRRHYPQ_s002,
BGRRHYPQ,99.0,on,411.0,413.0,99,on,411,413,equal,True,Equal,2,,False,False,BGRRHYPQ_s002,
BGRRHYPQ,100.0,a,414.0,415.0,100,a,414,415,equal,True,Equal,2,,False,False,BGRRHYPQ_s002,
BGRRHYPQ,101.0,space,416.0,421.0,101,space,416,421,equal,True,Equal,2,,False,False,BGRRHYPQ_s002,
BGRRHYPQ,102.0,mission,422.0,429.0,102,mission,422,429,equal,True,Equal,2,,False,False,BGRRHYPQ_s002,
BGRRHYPQ,103.0,but,430.0,433.0,103,but,430,433,equal,True,Equal,2,,False,False,BGRRHYPQ_s002,
BGRRHYPQ,104.0,he,434.0,436.0,104,he,434,436,equal,True,Equal,2,,False,False,BGRRHYPQ_s002,
BGRRHYPQ,105.0,wouldn,437.0,443.0,105,wouldn,437,443,equal,True,Equal,2,,False,False,BGRRHYPQ_s002,
BGRRHYPQ,106.0,',443.0,444.0,106,',443,444,equal,True,Equal,2,,False,False,BGRRHYPQ_s002,
BGRRHYPQ,107.0,t,444.0,445.0,107,t,444,445,equal,True,Equal,2,,False,False,BGRRHYPQ_s002,
BGRRHYPQ,108.0,give,446.0,450.0,108,give,446,450,equal,True,Equal,2,,False,False,BGRRHYPQ_s002,
BGRRHYPQ,109.0,up,451.0,453.0,109,up,451,453,equal,True,Equal,2,,False,False,BGRRHYPQ_s002,
BGRRHYPQ,110.0,he,454.0,456.0,110,he,454,456,equal,True,Equal,2,,False,False,BGRRHYPQ_s002,
BGRRHYPQ,111.0,asked,457.0,462.0,111,asked,457,462,equal,True,Equal,2,,False,False,BGRRHYPQ_s002,
BGRRHYPQ,112.0,all,463.0,466.0,112,all,463,466,equal,True,Equal,2,,False,False,BGRRHYPQ_s002,
BGRRHYPQ,113.0,his,467.0,470.0,113,his,467,470,equal,True,Equal,2,,False,False,BGRRHYPQ_s002,
BGRRHYPQ,114.0,friends,471.0,478.0,114,friends,471,478,equal,True,Equal,2,,False,False,BGRRHYPQ_s002,
BGRRHYPQ,115.0,and,479.0,482.0,115,and,479,482,equal,True,Equal,2,,False,False,BGRRHYPQ_s002,
BGRRHYPQ,116.0,extended,483.0,491.0,116,extended,483,491,equal,True,Equal,2,,False,False,BGRRHYPQ_s002,
BGRRHYPQ,117.0,family,492.0,498.0,117,family,492,498,equal,True,Equal,2,,False,False,BGRRHYPQ_s002,
BGRRHYPQ,118.0,but,499.0,502.0,118,but,499,502,equal,True,Equal,2,,False,False,BGRRHYPQ_s002,
BGRRHYPQ,119.0,they,503.0,507.0,119,they,503,507,equal,True,Equal,2,,False,False,BGRRHYPQ_s002,
BGRRHYPQ,120.0,just,508.0,512.0,120,just,508,512,equal,True,Equal,2,,False,False,BGRRHYPQ_s002,
BGRRHYPQ,121.0,said,513.0,517.0,121,said,513,517,equal,True,Equal,2,,False,False,BGRRHYPQ_s002,
BGRRHYPQ,122.0,the,518.0,521.0,122,the,518,521,equal,True,Equal,2,,False,False,BGRRHYPQ_s002,
BGRRHYPQ,123.0,same,522.0,526.0,123,same,522,526,equal,True,Equal,2,,False,False,BGRRHYPQ_s002,
BGRRHYPQ,124.0,as,527.0,529.0,124,as,527,529,equal,True,Equal,2,,False,False,BGRRHYPQ_s002,
BGRRHYPQ,125.0,his,530.0,533.0,125,his,530,533,equal,True,Equal,2,,False,False,BGRRHYPQ_s002,
BGRRHYPQ,126.0,family,534.0,540.0,126,family,534,540,equal,True,Equal,2,,False,False,BGRRHYPQ_s002,
BGRRHYPQ,127.0,.,540.0,541.0,127,.,540,541,equal,True,Equal,2,Sentence Ending,False,False,BGRRHYPQ_s002,Correct Ending
BGRRHYPQ,128.0,He,542.0,544.0,128,He,542,544,equal,True,Equal,3,Sentence Beginning,False,False,BGRRHYPQ_s003,Correct Beginning
BGRRHYPQ,129.0,told,545.0,549.0,129,told,545,549,equal,True,Equal,3,,False,False,BGRRHYPQ_s003,
BGRRHYPQ,130.0,them,550.0,554.0,130,them,550,554,equal,True,Equal,3,,False,False,BGRRHYPQ_s003,
BGRRHYPQ,131.0,he,555.0,557.0,131,he,555,557,equal,True,Equal,3,,False,False,BGRRHYPQ_s003,
BGRRHYPQ,132.0,tried,558.0,563.0,132,tried,558,563,equal,True,Equal,3,,False,False,BGRRHYPQ_s003,
BGRRHYPQ,133.0,that,564.0,568.0,133,that,564,568,equal,True,Equal,3,,False,False,BGRRHYPQ_s003,
BGRRHYPQ,134.0,but,569.0,572.0,134,but,569,572,equal,True,Equal,3,,False,False,BGRRHYPQ_s003,
BGRRHYPQ,135.0,they,573.0,577.0,135,they,573,577,equal,True,Equal,3,,False,False,BGRRHYPQ_s003,
BGRRHYPQ,136.0,said,578.0,582.0,136,said,578,582,equal,True,Equal,3,,False,False,BGRRHYPQ_s003,
BGRRHYPQ,137.0,he,583.0,585.0,137,he,583,585,equal,True,Equal,3,,False,False,BGRRHYPQ_s003,
BGRRHYPQ,138.0,couldn,586.0,592.0,138,couldn,586,592,equal,True,Equal,3,,False,False,BGRRHYPQ_s003,
BGRRHYPQ,139.0,',592.0,593.0,139,',592,593,equal,True,Equal,3,,False,False,BGRRHYPQ_s003,
BGRRHYPQ,140.0,t,593.0,594.0,140,t,593,594,equal,True,Equal,3,,False,False,BGRRHYPQ_s003,
BGRRHYPQ,141.0,his,595.0,598.0,141,his,595,598,equal,True,Equal,3,,False,False,BGRRHYPQ_s003,
BGRRHYPQ,142.0,friends,599.0,606.0,142,friends,599,606,equal,True,Equal,3,,False,False,BGRRHYPQ_s003,
BGRRHYPQ,143.0,and,607.0,610.0,143,and,607,610,equal,True,Equal,3,,False,False,BGRRHYPQ_s003,
BGRRHYPQ,144.0,family,611.0,617.0,144,family,611,617,equal,True,Equal,3,,False,False,BGRRHYPQ_s003,
BGRRHYPQ,145.0,didn,618.0,622.0,145,didn,618,622,equal,True,Equal,3,,False,False,BGRRHYPQ_s003,
BGRRHYPQ,146.0,',622.0,623.0,146,',622,623,equal,True,Equal,3,,False,False,BGRRHYPQ_s003,
BGRRHYPQ,147.0,t,623.0,624.0,147,t,623,624,equal,True,Equal,3,,False,False,BGRRHYPQ_s003,
BGRRHYPQ,148.0,know,625.0,629.0,148,know,625,629,equal,True,Equal,3,,False,False,BGRRHYPQ_s003,
BGRRHYPQ,149.0,what,630.0,634.0,149,what,630,634,equal,True,Equal,3,,False,False,BGRRHYPQ_s003,
BGRRHYPQ,150.0,to,635.0,637.0,150,to,635,637,equal,True,Equal,3,,False,False,BGRRHYPQ_s003,
BGRRHYPQ,151.0,tell,638.0,642.0,151,tell,638,642,equal,True,Equal,3,,False,False,BGRRHYPQ_s003,
BGRRHYPQ,152.0,him,643.0,646.0,152,him,643,646,equal,True,Equal,3,,False,False,BGRRHYPQ_s003,
BGRRHYPQ,153.0,.,646.0,647.0,153,.,646,647,equal,True,Equal,3,Sentence Ending,False,False,BGRRHYPQ_s003,Correct Ending
BGRRHYPQ,154.0,The,648.0,651.0,154,The,648,651,equal,True,Equal,4,Sentence Beginning,False,False,BGRRHYPQ_s004,Correct Beginning
BGRRHYPQ,155.0,boy,652.0,655.0,155,boy,652,655,equal,True,Equal,4,,False,False,BGRRHYPQ_s004,
BGRRHYPQ,156.0,spent,656.0,661.0,156,spent,656,661,equal,True,Equal,4,,False,False,BGRRHYPQ_s004,
BGRRHYPQ,157.0,days,662.0,666.0,157,days,662,666,equal,True,Equal,4,,False,False,BGRRHYPQ_s004,
BGRRHYPQ,158.0,researching,667.0,678.0,158,researching,667,678,equal,True,Equal,4,,False,False,BGRRHYPQ_s004,
BGRRHYPQ,159.0,how,679.0,682.0,159,how,679,682,equal,True,Equal,4,,False,False,BGRRHYPQ_s004,
BGRRHYPQ,160.0,he,683.0,685.0,160,he,683,685,equal,True,Equal,4,,False,False,BGRRHYPQ_s004,
BGRRHYPQ,161.0,could,686.0,691.0,161,could,686,691,equal,True,Equal,4,,False,False,BGRRHYPQ_s004,
BGRRHYPQ,162.0,go,692.0,694.0,162,go,692,694,equal,True,Equal,4,,False,False,BGRRHYPQ_s004,
BGRRHYPQ,163.0,to,695.0,697.0,163,to,695,697,equal,True,Equal,4,,False,False,BGRRHYPQ_s004,
BGRRHYPQ,164.0,the,698.0,701.0,164,the,698,701,equal,True,Equal,4,,False,False,BGRRHYPQ_s004,
BGRRHYPQ,165.0,moon,702.0,706.0,165,moon,702,706,equal,True,Equal,4,,False,False,BGRRHYPQ_s004,
BGRRHYPQ,166.0,.,706.0,707.0,166,.,706,707,equal,True,Equal,4,Sentence Ending,False,False,BGRRHYPQ_s004,Correct Ending
BGRRHYPQ,167.0,Most,708.0,712.0,167,Most,708,712,equal,True,Equal,5,Sentence Beginning,False,False,BGRRHYPQ_s005,Correct Beginning
BGRRHYPQ,168.0,of,713.0,715.0,168,of,713,715,equal,True,Equal,5,,False,False,BGRRHYPQ_s005,
BGRRHYPQ,169.0,the,716.0,719.0,169,the,716,719,equal,True,Equal,5,,False,False,BGRRHYPQ_s005,
BGRRHYPQ,170.0,things,720.0,726.0,170,things,720,726,equal,True,Equal,5,,False,False,BGRRHYPQ_s005,
BGRRHYPQ,171.0,he,727.0,729.0,171,he,727,729,equal,True,Equal,5,,False,False,BGRRHYPQ_s005,
BGRRHYPQ,172.0,found,730.0,735.0,172,found,730,735,equal,True,Equal,5,,False,False,BGRRHYPQ_s005,
BGRRHYPQ,173.0,were,736.0,740.0,173,were,736,740,equal,True,Equal,5,,False,False,BGRRHYPQ_s005,
BGRRHYPQ,174.0,just,741.0,745.0,174,just,741,745,equal,True,Equal,5,,False,False,BGRRHYPQ_s005,
BGRRHYPQ,175.0,space,746.0,751.0,175,space,746,751,equal,True,Equal,5,,False,False,BGRRHYPQ_s005,
BGRRHYPQ,176.0,stations,752.0,760.0,176,stations,752,760,equal,True,Equal,5,,False,False,BGRRHYPQ_s005,
BGRRHYPQ,177.0,in,761.0,763.0,177,in,761,763,equal,True,Equal,5,,False,False,BGRRHYPQ_s005,
BGRRHYPQ,178.0,different,764.0,773.0,178,different,764,773,equal,True,Equal,5,,False,False,BGRRHYPQ_s005,
BGRRHYPQ,179.0,countries,774.0,783.0,179,countries,774,783,equal,True,Equal,5,,False,False,BGRRHYPQ_s005,
BGRRHYPQ,180.0,or,784.0,786.0,180,or,784,786,equal,True,Equal,5,,False,False,BGRRHYPQ_s005,
BGRRHYPQ,181.0,just,787.0,791.0,181,just,787,791,equal,True,Equal,5,,False,False,BGRRHYPQ_s005,
BGRRHYPQ,182.0,SYDNEY,792.0,798.0,182,SYDNEY,792,798,equal,True,Equal,5,,False,False,BGRRHYPQ_s005,
BGRRHYPQ,183.0,space,799.0,804.0,183,space,799,804,equal,True,Equal,5,,False,False,BGRRHYPQ_s005,
BGRRHYPQ,184.0,station,805.0,812.0,184,station,805,812,equal,True,Equal,5,,False,False,BGRRHYPQ_s005,
BGRRHYPQ,185.0,.,812.0,813.0,185,.,812,813,equal,True,Equal,5,Sentence Ending,False,False,BGRRHYPQ_s005,Correct Ending
BGRRHYPQ,186.0,he,814.0,816.0,186,he,814,816,equal,True,Equal,6,Sentence Beginning,False,False,BGRRHYPQ_s006,Incorrect Beginning
BGRRHYPQ,187.0,considered,817.0,827.0,187,considered,817,827,equal,True,Equal,6,,False,False,BGRRHYPQ_s006,
BGRRHYPQ,188.0,just,828.0,832.0,188,just,828,832,equal,True,Equal,6,,False,False,BGRRHYPQ_s006,
BGRRHYPQ,189.0,waiting,833.0,840.0,189,waiting,833,840,equal,True,Equal,6,,False,False,BGRRHYPQ_s006,
BGRRHYPQ,190.0,until,841.0,846.0,190,until,841,846,equal,True,Equal,6,,False,False,BGRRHYPQ_s006,
BGRRHYPQ,191.0,he,847.0,849.0,191,he,847,849,equal,True,Equal,6,,False,False,BGRRHYPQ_s006,
BGRRHYPQ,192.0,was,850.0,853.0,192,was,850,853,equal,True,Equal,6,,False,False,BGRRHYPQ_s006,
BGRRHYPQ,193.0,18,854.0,856.0,193,18,854,856,equal,True,Equal,6,,False,False,BGRRHYPQ_s006,
BGRRHYPQ,194.0,but,857.0,860.0,194,but,857,860,equal,True,Equal,6,,False,False,BGRRHYPQ_s006,
BGRRHYPQ,195.0,one,861.0,864.0,195,one,861,864,equal,True,Equal,6,,False,False,BGRRHYPQ_s006,
BGRRHYPQ,196.0,part,865.0,869.0,196,part,865,869,equal,True,Equal,6,,False,False,BGRRHYPQ_s006,
BGRRHYPQ,197.0,of,870.0,872.0,197,of,870,872,equal,True,Equal,6,,False,False,BGRRHYPQ_s006,
BGRRHYPQ,198.0,him,873.0,876.0,198,him,873,876,equal,True,Equal,6,,False,False,BGRRHYPQ_s006,
BGRRHYPQ,199.0,told,877.0,881.0,199,told,877,881,equal,True,Equal,6,,False,False,BGRRHYPQ_s006,
BGRRHYPQ,200.0,him,882.0,885.0,200,him,882,885,equal,True,Equal,6,,False,False,BGRRHYPQ_s006,
BGRRHYPQ,201.0,to,886.0,888.0,201,to,886,888,equal,True,Equal,6,,False,False,BGRRHYPQ_s006,
BGRRHYPQ,202.0,keep,889.0,893.0,202,keep,889,893,equal,True,Equal,6,,False,False,BGRRHYPQ_s006,
BGRRHYPQ,203.0,going,894.0,899.0,203,going,894,899,equal,True,Equal,6,,False,False,BGRRHYPQ_s006,
BGRRHYPQ,204.0,and,900.0,903.0,204,and,900,903,equal,True,Equal,6,,False,False,BGRRHYPQ_s006,
BGRRHYPQ,205.0,he,904.0,906.0,205,he,904,906,equal,True,Equal,6,,False,False,BGRRHYPQ_s006,
BGRRHYPQ,206.0,listened,907.0,915.0,206,listened,907,915,equal,True,Equal,6,,False,False,BGRRHYPQ_s006,
BGRRHYPQ,207.0,to,916.0,918.0,207,to,916,918,equal,True,Equal,6,,False,False,BGRRHYPQ_s006,
BGRRHYPQ,208.0,that,919.0,923.0,208,that,919,923,equal,True,Equal,6,,False,False,BGRRHYPQ_s006,
BGRRHYPQ,209.0,part,924.0,928.0,209,part,924,928,equal,True,Equal,6,,False,False,BGRRHYPQ_s006,
BGRRHYPQ,210.0,so,929.0,931.0,210,so,929,931,equal,True,Equal,6,,False,False,BGRRHYPQ_s006,
BGRRHYPQ,211.0,he,932.0,934.0,211,he,932,934,equal,True,Equal,6,,False,False,BGRRHYPQ_s006,
BGRRHYPQ,212.0,asking,935.0,941.0,212,asking,935,941,equal,True,Equal,6,,False,False,BGRRHYPQ_s006,
BGRRHYPQ,213.0,more,942.0,946.0,213,more,942,946,equal,True,Equal,6,,False,False,BGRRHYPQ_s006,
BGRRHYPQ,214.0,and,947.0,950.0,214,and,947,950,equal,True,Equal,6,,False,False,BGRRHYPQ_s006,
BGRRHYPQ,215.0,more,951.0,955.0,215,more,951,955,equal,True,Equal,6,,False,False,BGRRHYPQ_s006,
BGRRHYPQ,216.0,people,956.0,962.0,216,people,956,962,equal,True,Equal,6,,False,False,BGRRHYPQ_s006,
BGRRHYPQ,217.0,until,963.0,968.0,217,until,963,968,equal,True,Equal,6,,False,False,BGRRHYPQ_s006,
BGRRHYPQ,218.0,finally,969.0,976.0,218,finally,969,976,equal,True,Equal,6,,False,False,BGRRHYPQ_s006,
BGRRHYPQ,219.0,sombody,977.0,984.0,219,sombody,977,984,equal,True,Equal,6,,False,False,BGRRHYPQ_s006,
BGRRHYPQ,220.0,told,985.0,989.0,220,told,985,989,equal,True,Equal,6,,False,False,BGRRHYPQ_s006,
BGRRHYPQ,221.0,him,990.0,993.0,221,him,990,993,equal,True,Equal,6,,False,False,BGRRHYPQ_s006,
BGRRHYPQ,222.0,something,994.0,1003.0,222,something,994,1003,equal,True,Equal,6,,False,False,BGRRHYPQ_s006,
BGRRHYPQ,223.0,different,1004.0,1013.0,223,different,1004,1013,equal,True,Equal,6,,False,False,BGRRHYPQ_s006,
BGRRHYPQ,224.0,he,1014.0,1016.0,224,he,1014,1016,equal,True,Equal,6,,False,False,BGRRHYPQ_s006,
BGRRHYPQ,225.0,told,1017.0,1021.0,225,told,1017,1021,equal,True,Equal,6,,False,False,BGRRHYPQ_s006,
BGRRHYPQ,226.0,him,1022.0,1025.0,226,him,1022,1025,equal,True,Equal,6,,False,False,BGRRHYPQ_s006,
BGRRHYPQ,227.0,to,1026.0,1028.0,227,to,1026,1028,equal,True,Equal,6,,False,False,BGRRHYPQ_s006,
BGRRHYPQ,228.0,go,1029.0,1031.0,228,go,1029,1031,equal,True,Equal,6,,False,False,BGRRHYPQ_s006,
BGRRHYPQ,229.0,to,1032.0,1034.0,229,to,1032,1034,equal,True,Equal,6,,False,False,BGRRHYPQ_s006,
BGRRHYPQ,230.0,SYDNEY,1035.0,1041.0,230,SYDNEY,1035,1041,equal,True,Equal,6,,False,False,BGRRHYPQ_s006,
BGRRHYPQ,231.0,space,1042.0,1047.0,231,space,1042,1047,equal,True,Equal,6,,False,False,BGRRHYPQ_s006,
BGRRHYPQ,232.0,stations,1048.0,1056.0,232,stations,1048,1056,equal,True,Equal,6,,False,False,BGRRHYPQ_s006,
BGRRHYPQ,233.0,website,1057.0,1064.0,233,website,1057,1064,equal,True,Equal,6,,False,False,BGRRHYPQ_s006,
BGRRHYPQ,234.0,and,1065.0,1068.0,234,and,1065,1068,equal,True,Equal,6,,False,False,BGRRHYPQ_s006,
BGRRHYPQ,235.0,buy,1069.0,1072.0,235,buy,1069,1072,equal,True,Equal,6,,False,False,BGRRHYPQ_s006,
BGRRHYPQ,236.0,one,1073.0,1076.0,236,one,1073,1076,equal,True,Equal,6,,False,False,BGRRHYPQ_s006,
BGRRHYPQ,237.0,hundred,1077.0,1084.0,237,hundred,1077,1084,equal,True,Equal,6,,False,False,BGRRHYPQ_s006,
BGRRHYPQ,238.0,dollar,1085.0,1091.0,238,dollar,1085,1091,equal,True,Equal,6,,False,False,BGRRHYPQ_s006,
BGRRHYPQ,239.0,tickets,1092.0,1099.0,239,tickets,1092,1099,equal,True,Equal,6,,False,False,BGRRHYPQ_s006,
BGRRHYPQ,240.0,for,1100.0,1103.0,240,for,1100,1103,equal,True,Equal,6,,False,False,BGRRHYPQ_s006,
BGRRHYPQ,241.0,the,1104.0,1107.0,241,the,1104,1107,equal,True,Equal,6,,False,False,BGRRHYPQ_s006,
BGRRHYPQ,242.0,special,1108.0,1115.0,242,special,1108,1115,equal,True,Equal,6,,False,False,BGRRHYPQ_s006,
BGRRHYPQ,243.0,kids,1116.0,1120.0,243,kids,1116,1120,equal,True,Equal,6,,False,False,BGRRHYPQ_s006,
BGRRHYPQ,244.0,ride,1121.0,1125.0,244,ride,1121,1125,equal,True,Equal,6,,False,False,BGRRHYPQ_s006,
BGRRHYPQ,245.0,.,1125.0,1126.0,245,.,1125,1126,equal,True,Equal,6,Sentence Ending,False,False,BGRRHYPQ_s006,Correct Ending
BGRRHYPQ,246.0,So,1127.0,1129.0,246,So,1127,1129,equal,True,Equal,7,Sentence Beginning,False,False,BGRRHYPQ_s007,Correct Beginning
BGRRHYPQ,247.0,he,1130.0,1132.0,247,he,1130,1132,equal,True,Equal,7,,False,False,BGRRHYPQ_s007,
BGRRHYPQ,248.0,begged,1133.0,1139.0,248,begged,1133,1139,equal,True,Equal,7,,False,False,BGRRHYPQ_s007,
BGRRHYPQ,249.0,his,1140.0,1143.0,249,his,1140,1143,equal,True,Equal,7,,False,False,BGRRHYPQ_s007,
BGRRHYPQ,250.0,mum,1144.0,1147.0,250,mum,1144,1147,equal,True,Equal,7,,False,False,BGRRHYPQ_s007,
BGRRHYPQ,251.0,and,1148.0,1151.0,251,and,1148,1151,equal,True,Equal,7,,False,False,BGRRHYPQ_s007,
BGRRHYPQ,252.0,dad,1152.0,1155.0,252,dad,1152,1155,equal,True,Equal,7,,False,False,BGRRHYPQ_s007,
BGRRHYPQ,253.0,until,1156.0,1161.0,253,until,1156,1161,equal,True,Equal,7,,False,False,BGRRHYPQ_s007,
BGRRHYPQ,254.0,finally,1162.0,1169.0,254,finally,1162,1169,equal,True,Equal,7,,False,False,BGRRHYPQ_s007,
BGRRHYPQ,255.0,they,1170.0,1174.0,255,they,1170,1174,equal,True,Equal,7,,False,False,BGRRHYPQ_s007,
BGRRHYPQ,256.0,bought,1175.0,1181.0,256,bought,1175,1181,equal,True,Equal,7,,False,False,BGRRHYPQ_s007,
BGRRHYPQ,257.0,him,1182.0,1185.0,257,him,1182,1185,equal,True,Equal,7,,False,False,BGRRHYPQ_s007,
BGRRHYPQ,258.0,the,1186.0,1189.0,258,the,1186,1189,equal,True,Equal,7,,False,False,BGRRHYPQ_s007,
BGRRHYPQ,259.0,tickets,1190.0,1197.0,259,tickets,1190,1197,equal,True,Equal,7,,False,False,BGRRHYPQ_s007,
BGRRHYPQ,260.0,and,1198.0,1201.0,260,and,1198,1201,equal,True,Equal,7,,False,False,BGRRHYPQ_s007,
BGRRHYPQ,261.0,after,1202.0,1207.0,261,after,1202,1207,equal,True,Equal,7,,False,False,BGRRHYPQ_s007,
BGRRHYPQ,262.0,a,1208.0,1209.0,262,a,1208,1209,equal,True,Equal,7,,False,False,BGRRHYPQ_s007,
BGRRHYPQ,263.0,two,1210.0,1213.0,263,two,1210,1213,equal,True,Equal,7,,False,False,BGRRHYPQ_s007,
BGRRHYPQ,264.0,hour,1214.0,1218.0,264,hour,1214,1218,equal,True,Equal,7,,False,False,BGRRHYPQ_s007,
BGRRHYPQ,265.0,journey,1219.0,1226.0,265,journey,1219,1226,equal,True,Equal,7,,False,False,BGRRHYPQ_s007,
BGRRHYPQ,266.0,he,1227.0,1229.0,266,he,1227,1229,equal,True,Equal,7,,False,False,BGRRHYPQ_s007,
BGRRHYPQ,267.0,made,1230.0,1234.0,267,made,1230,1234,equal,True,Equal,7,,False,False,BGRRHYPQ_s007,
BGRRHYPQ,268.0,it,1235.0,1237.0,268,it,1235,1237,equal,True,Equal,7,,False,False,BGRRHYPQ_s007,
BGRRHYPQ,269.0,to,1238.0,1240.0,269,to,1238,1240,equal,True,Equal,7,,False,False,BGRRHYPQ_s007,
BGRRHYPQ,270.0,the,1241.0,1244.0,270,the,1241,1244,equal,True,Equal,7,,False,False,BGRRHYPQ_s007,
BGRRHYPQ,271.0,moon,1245.0,1249.0,271,moon,1245,1249,equal,True,Equal,7,,False,False,BGRRHYPQ_s007,
BGRRHYPQ,272.0,and,1250.0,1253.0,272,and,1250,1253,equal,True,Equal,7,,False,False,BGRRHYPQ_s007,
BGRRHYPQ,273.0,brought,1254.0,1261.0,273,brought,1254,1261,equal,True,Equal,7,,False,False,BGRRHYPQ_s007,
BGRRHYPQ,274.0,back,1262.0,1266.0,274,back,1262,1266,equal,True,Equal,7,,False,False,BGRRHYPQ_s007,
BGRRHYPQ,275.0,a,1267.0,1268.0,275,a,1267,1268,equal,True,Equal,7,,False,False,BGRRHYPQ_s007,
BGRRHYPQ,276.0,moon,1269.0,1273.0,276,moon,1269,1273,equal,True,Equal,7,,False,False,BGRRHYPQ_s007,
BGRRHYPQ,277.0,rock,1274.0,1278.0,277,rock,1274,1278,equal,True,Equal,7,,False,False,BGRRHYPQ_s007,
BGRRHYPQ,278.0,.,1278.0,1279.0,278,.,1278,1279,equal,True,Equal,7,Sentence Ending,False,False,BGRRHYPQ_s007,Correct Ending
BGRRHYPQ,279.0,He,1280.0,1282.0,279,He,1280,1282,equal,True,Equal,8,Sentence Beginning,False,False,BGRRHYPQ_s008,Correct Beginning
BGRRHYPQ,280.0,was,1283.0,1286.0,280,was,1283,1286,equal,True,Equal,8,,False,False,BGRRHYPQ_s008,
BGRRHYPQ,281.0,so,1287.0,1289.0,281,so,1287,1289,equal,True,Equal,8,,False,False,BGRRHYPQ_s008,
BGRRHYPQ,282.0,excited,1290.0,1297.0,282,excited,1290,1297,equal,True,Equal,8,,False,False,BGRRHYPQ_s008,
BGRRHYPQ,283.0,and,1298.0,1301.0,283,and,1298,1301,equal,True,Equal,8,,False,False,BGRRHYPQ_s008,
BGRRHYPQ,284.0,thankful,1302.0,1310.0,284,thankful,1302,1310,equal,True,Equal,8,,False,False,BGRRHYPQ_s008,
BGRRHYPQ,285.0,that,1311.0,1315.0,285,that,1311,1315,equal,True,Equal,8,,False,False,BGRRHYPQ_s008,
BGRRHYPQ,286.0,his,1316.0,1319.0,286,his,1316,1319,equal,True,Equal,8,,False,False,BGRRHYPQ_s008,
BGRRHYPQ,287.0,mum,1320.0,1323.0,287,mum,1320,1323,equal,True,Equal,8,,False,False,BGRRHYPQ_s008,
BGRRHYPQ,288.0,and,1324.0,1327.0,288,and,1324,1327,equal,True,Equal,8,,False,False,BGRRHYPQ_s008,
BGRRHYPQ,289.0,dad,1328.0,1331.0,289,dad,1328,1331,equal,True,Equal,8,,False,False,BGRRHYPQ_s008,
BGRRHYPQ,290.0,bought,1332.0,1338.0,290,bought,1332,1338,equal,True,Equal,8,,False,False,BGRRHYPQ_s008,
BGRRHYPQ,291.0,him,1339.0,1342.0,291,him,1339,1342,equal,True,Equal,8,,False,False,BGRRHYPQ_s008,
BGRRHYPQ,292.0,the,1343.0,1346.0,292,the,1343,1346,equal,True,Equal,8,,False,False,BGRRHYPQ_s008,
BGRRHYPQ,293.0,ticket,1347.0,1353.0,293,ticket,1347,1353,equal,True,Equal,8,,False,False,BGRRHYPQ_s008,
BGRRHYPQ,294.0,that,1354.0,1358.0,294,that,1354,1358,equal,True,Equal,8,,False,False,BGRRHYPQ_s008,
BGRRHYPQ,295.0,he,1359.0,1361.0,295,he,1359,1361,equal,True,Equal,8,,False,False,BGRRHYPQ_s008,
BGRRHYPQ,296.0,hugged,1362.0,1368.0,296,hugged,1362,1368,equal,True,Equal,8,,False,False,BGRRHYPQ_s008,
BGRRHYPQ,297.0,them,1369.0,1373.0,297,them,1369,1373,equal,True,Equal,8,,False,False,BGRRHYPQ_s008,
BGRRHYPQ,298.0,for,1374.0,1377.0,298,for,1374,1377,equal,True,Equal,8,,False,False,BGRRHYPQ_s008,
BGRRHYPQ,299.0,a,1378.0,1379.0,299,a,1378,1379,equal,True,Equal,8,,False,False,BGRRHYPQ_s008,
BGRRHYPQ,300.0,whole,1380.0,1385.0,300,whole,1380,1385,equal,True,Equal,8,,False,False,BGRRHYPQ_s008,
BGRRHYPQ,301.0,hour,1386.0,1390.0,301,hour,1386,1390,equal,True,Equal,8,,False,False,BGRRHYPQ_s008,
BGRRHYPQ,302.0,.,1390.0,1391.0,302,.,1390,1391,equal,True,Equal,8,Sentence Ending,False,False,BGRRHYPQ_s008,Correct Ending
BGZZHTXS,0.0,"""",0.0,1.0,0,"""",0,1,equal,True,Equal,0,,False,False,BGZZHTXS_s000,
BGZZHTXS,1.0,Goodbye,1.0,8.0,1,Goodbye,1,8,equal,True,Equal,0,Sentence Beginning,False,False,BGZZHTXS_s000,Correct Beginning
BGZZHTXS,2.0,Dad,9.0,12.0,2,Dad,9,12,equal,True,Equal,0,,False,False,BGZZHTXS_s000,
BGZZHTXS,3.0,",",12.0,13.0,3,",",12,13,equal,True,Equal,0,,False,False,BGZZHTXS_s000,
BGZZHTXS,4.0,don,14.0,17.0,4,don,14,17,equal,True,Equal,0,,False,False,BGZZHTXS_s000,
BGZZHTXS,5.0,',17.0,18.0,5,',17,18,equal,True,Equal,0,,False,False,BGZZHTXS_s000,
BGZZHTXS,6.0,t,18.0,19.0,6,t,18,19,equal,True,Equal,0,,False,False,BGZZHTXS_s000,
BGZZHTXS,7.0,forget,20.0,26.0,7,forget,20,26,equal,True,Equal,0,,False,False,BGZZHTXS_s000,
BGZZHTXS,8.0,to,27.0,29.0,8,to,27,29,equal,True,Equal,0,,False,False,BGZZHTXS_s000,
BGZZHTXS,9.0,get,30.0,33.0,9,get,30,33,equal,True,Equal,0,,False,False,BGZZHTXS_s000,
BGZZHTXS,10.0,me,34.0,36.0,10,me,34,36,equal,True,Equal,0,,False,False,BGZZHTXS_s000,
BGZZHTXS,11.0,the,37.0,40.0,11,the,37,40,equal,True,Equal,0,,False,False,BGZZHTXS_s000,
BGZZHTXS,12.0,manual,41.0,47.0,12,manual,41,47,equal,True,Equal,0,,False,False,BGZZHTXS_s000,
BGZZHTXS,13.0,"""",47.0,48.0,13,"""",47,48,equal,True,Equal,0,,False,False,BGZZHTXS_s000,
BGZZHTXS,14.0,Marcus,49.0,55.0,14,Marcus,49,55,equal,True,Equal,0,,False,False,BGZZHTXS_s000,
BGZZHTXS,15.0,said,56.0,60.0,15,said,56,60,equal,True,Equal,0,,False,False,BGZZHTXS_s000,
BGZZHTXS,16.0,to,61.0,63.0,16,to,61,63,equal,True,Equal,0,,False,False,BGZZHTXS_s000,
BGZZHTXS,17.0,his,64.0,67.0,17,his,64,67,equal,True,Equal,0,,False,False,BGZZHTXS_s000,
BGZZHTXS,18.0,father,68.0,74.0,18,father,68,74,equal,True,Equal,0,,False,False,BGZZHTXS_s000,
BGZZHTXS,19.0,",",74.0,75.0,19,",",74,75,equal,True,Equal,0,,False,False,BGZZHTXS_s000,
BGZZHTXS,20.0,oblivious,76.0,85.0,20,oblivious,76,85,equal,True,Equal,0,,False,False,BGZZHTXS_s000,
BGZZHTXS,21.0,to,86.0,88.0,21,to,86,88,equal,True,Equal,0,,False,False,BGZZHTXS_s000,
BGZZHTXS,22.0,the,89.0,92.0,22,the,89,92,equal,True,Equal,0,,False,False,BGZZHTXS_s000,
BGZZHTXS,23.0,fact,93.0,97.0,23,fact,93,97,equal,True,Equal,0,,False,False,BGZZHTXS_s000,
BGZZHTXS,24.0,this,98.0,102.0,24,this,98,102,equal,True,Equal,0,,False,False,BGZZHTXS_s000,
BGZZHTXS,25.0,might,103.0,108.0,25,might,103,108,equal,True,Equal,0,,False,False,BGZZHTXS_s000,
BGZZHTXS,26.0,be,109.0,111.0,26,be,109,111,equal,True,Equal,0,,False,False,BGZZHTXS_s000,
BGZZHTXS,27.0,the,112.0,115.0,27,the,112,115,equal,True,Equal,0,,False,False,BGZZHTXS_s000,
BGZZHTXS,28.0,last,116.0,120.0,28,last,116,120,equal,True,Equal,0,,False,False,BGZZHTXS_s000,
BGZZHTXS,29.0,time,121.0,125.0,29,time,121,125,equal,True,Equal,0,,False,False,BGZZHTXS_s000,
BGZZHTXS,30.0,he,126.0,128.0,30,he,126,128,equal,True,Equal,0,,False,False,BGZZHTXS_s000,
BGZZHTXS,31.0,will,129.0,133.0,31,will,129,133,equal,True,Equal,0,,False,False,BGZZHTXS_s000,
BGZZHTXS,32.0,ever,134.0,138.0,32,ever,134,138,equal,True,Equal,0,,False,False,BGZZHTXS_s000,
BGZZHTXS,33.0,get,139.0,142.0,33,get,139,142,equal,True,Equal,0,,False,False,BGZZHTXS_s000,
BGZZHTXS,34.0,the,143.0,146.0,34,the,143,146,equal,True,Equal,0,,False,False,BGZZHTXS_s000,
BGZZHTXS,35.0,chance,147.0,153.0,35,chance,147,153,equal,True,Equal,0,,False,False,BGZZHTXS_s000,
BGZZHTXS,36.0,to,154.0,156.0,36,to,154,156,equal,True,Equal,0,,False,False,BGZZHTXS_s000,
BGZZHTXS,37.0,talk,157.0,161.0,37,talk,157,161,equal,True,Equal,0,,False,False,BGZZHTXS_s000,
BGZZHTXS,38.0,to,162.0,164.0,38,to,162,164,equal,True,Equal,0,,False,False,BGZZHTXS_s000,
BGZZHTXS,39.0,his,165.0,168.0,39,his,165,168,equal,True,Equal,0,,False,False,BGZZHTXS_s000,
BGZZHTXS,40.0,father,169.0,175.0,40,father,169,175,equal,True,Equal,0,,False,False,BGZZHTXS_s000,
BGZZHTXS,41.0,.,175.0,176.0,41,.,175,176,equal,True,Equal,0,Sentence Ending,False,False,BGZZHTXS_s000,Correct Ending
BGZZHTXS,42.0,His,177.0,180.0,42,His,177,180,equal,True,Equal,1,Sentence Beginning,False,False,BGZZHTXS_s001,Correct Beginning
BGZZHTXS,43.0,father,181.0,187.0,43,father,181,187,equal,True,Equal,1,,False,False,BGZZHTXS_s001,
BGZZHTXS,44.0,was,188.0,191.0,44,was,188,191,equal,True,Equal,1,,False,False,BGZZHTXS_s001,
BGZZHTXS,45.0,an,192.0,194.0,45,an,192,194,equal,True,Equal,1,,False,False,BGZZHTXS_s001,
BGZZHTXS,46.0,older,195.0,200.0,46,older,195,200,equal,True,Equal,1,,False,False,BGZZHTXS_s001,
BGZZHTXS,47.0,gentlemen,201.0,210.0,47,gentlemen,201,210,equal,True,Equal,1,,False,False,BGZZHTXS_s001,
BGZZHTXS,48.0,",",210.0,211.0,48,",",210,211,equal,True,Equal,1,,False,False,BGZZHTXS_s001,
BGZZHTXS,49.0,a,212.0,213.0,49,a,212,213,equal,True,Equal,1,,False,False,BGZZHTXS_s001,
BGZZHTXS,50.0,mechanic,214.0,222.0,50,mechanic,214,222,equal,True,Equal,1,,False,False,BGZZHTXS_s001,
BGZZHTXS,51.0,but,223.0,226.0,51,but,223,226,equal,True,Equal,1,,False,False,BGZZHTXS_s001,
BGZZHTXS,52.0,he,227.0,229.0,52,he,227,229,equal,True,Equal,1,,False,False,BGZZHTXS_s001,
BGZZHTXS,53.0,was,230.0,233.0,53,was,230,233,equal,True,Equal,1,,False,False,BGZZHTXS_s001,
BGZZHTXS,54.0,the,234.0,237.0,54,the,234,237,equal,True,Equal,1,,False,False,BGZZHTXS_s001,
BGZZHTXS,55.0,only,238.0,242.0,55,only,238,242,equal,True,Equal,1,,False,False,BGZZHTXS_s001,
BGZZHTXS,56.0,breadwinner,243.0,254.0,56,breadwinner,243,254,equal,True,Equal,1,,False,False,BGZZHTXS_s001,
BGZZHTXS,57.0,of,255.0,257.0,57,of,255,257,equal,True,Equal,1,,False,False,BGZZHTXS_s001,
BGZZHTXS,58.0,the,258.0,261.0,58,the,258,261,equal,True,Equal,1,,False,False,BGZZHTXS_s001,
BGZZHTXS,59.0,family,262.0,268.0,59,family,262,268,equal,True,Equal,1,,False,False,BGZZHTXS_s001,
BGZZHTXS,60.0,.,268.0,269.0,60,.,268,269,equal,True,Equal,1,Sentence Ending,False,False,BGZZHTXS_s001,Correct Ending
BGZZHTXS,61.0,He,270.0,272.0,61,He,270,272,equal,True,Equal,2,Sentence Beginning,False,False,BGZZHTXS_s002,Correct Beginning
BGZZHTXS,62.0,would,273.0,278.0,62,would,273,278,equal,True,Equal,2,,False,False,BGZZHTXS_s002,
BGZZHTXS,63.0,frequently,279.0,289.0,63,frequently,279,289,equal,True,Equal,2,,False,False,BGZZHTXS_s002,
BGZZHTXS,64.0,go,290.0,292.0,64,go,290,292,equal,True,Equal,2,,False,False,BGZZHTXS_s002,
BGZZHTXS,65.0,to,293.0,295.0,65,to,293,295,equal,True,Equal,2,,False,False,BGZZHTXS_s002,
BGZZHTXS,66.0,west,296.0,300.0,66,west,296,300,equal,True,Equal,2,,False,False,BGZZHTXS_s002,
BGZZHTXS,67.0,germany,301.0,308.0,67,germany,301,308,equal,True,Equal,2,,False,False,BGZZHTXS_s002,
BGZZHTXS,68.0,because,309.0,316.0,68,because,309,316,equal,True,Equal,2,,False,False,BGZZHTXS_s002,
BGZZHTXS,69.0,business,317.0,325.0,69,business,317,325,equal,True,Equal,2,,False,False,BGZZHTXS_s002,
BGZZHTXS,70.0,was,326.0,329.0,70,was,326,329,equal,True,Equal,2,,False,False,BGZZHTXS_s002,
BGZZHTXS,71.0,significantly,330.0,343.0,71,significantly,330,343,equal,True,Equal,2,,False,False,BGZZHTXS_s002,
BGZZHTXS,72.0,better,344.0,350.0,72,better,344,350,equal,True,Equal,2,,False,False,BGZZHTXS_s002,
BGZZHTXS,73.0,there,351.0,356.0,73,there,351,356,equal,True,Equal,2,,False,False,BGZZHTXS_s002,
BGZZHTXS,74.0,.,356.0,357.0,74,.,356,357,equal,True,Equal,2,Sentence Ending,False,False,BGZZHTXS_s002,Correct Ending
BGZZHTXS,75.0,The,358.0,361.0,75,The,358,361,equal,True,Equal,3,Sentence Beginning,False,False,BGZZHTXS_s003,Correct Beginning
BGZZHTXS,76.0,sun,362.0,365.0,76,sun,362,365,equal,True,Equal,3,,False,False,BGZZHTXS_s003,
BGZZHTXS,77.0,shone,366.0,371.0,77,shone,366,371,equal,True,Equal,3,,False,False,BGZZHTXS_s003,
BGZZHTXS,78.0,over,372.0,376.0,78,over,372,376,equal,True,Equal,3,,False,False,BGZZHTXS_s003,
BGZZHTXS,79.0,Marcus,377.0,383.0,79,Marcus,377,383,equal,True,Equal,3,,False,False,BGZZHTXS_s003,
BGZZHTXS,80.0,',383.0,384.0,80,',383,384,equal,True,Equal,3,,False,False,BGZZHTXS_s003,
BGZZHTXS,81.0,s,384.0,385.0,81,s,384,385,equal,True,Equal,3,,False,False,BGZZHTXS_s003,
BGZZHTXS,82.0,face,386.0,390.0,82,face,386,390,equal,True,Equal,3,,False,False,BGZZHTXS_s003,
BGZZHTXS,83.0,but,391.0,394.0,83,but,391,394,equal,True,Equal,3,,False,False,BGZZHTXS_s003,
BGZZHTXS,84.0,it,395.0,397.0,84,it,395,397,equal,True,Equal,3,,False,False,BGZZHTXS_s003,
BGZZHTXS,85.0,was,398.0,401.0,85,was,398,401,equal,True,Equal,3,,False,False,BGZZHTXS_s003,
BGZZHTXS,86.0,too,402.0,405.0,86,too,402,405,equal,True,Equal,3,,False,False,BGZZHTXS_s003,
BGZZHTXS,87.0,cold,406.0,410.0,87,cold,406,410,equal,True,Equal,3,,False,False,BGZZHTXS_s003,
BGZZHTXS,88.0,to,411.0,413.0,88,to,411,413,equal,True,Equal,3,,False,False,BGZZHTXS_s003,
BGZZHTXS,89.0,get,414.0,417.0,89,get,414,417,equal,True,Equal,3,,False,False,BGZZHTXS_s003,
BGZZHTXS,90.0,out,418.0,421.0,90,out,418,421,equal,True,Equal,3,,False,False,BGZZHTXS_s003,
BGZZHTXS,91.0,of,422.0,424.0,91,of,422,424,equal,True,Equal,3,,False,False,BGZZHTXS_s003,
BGZZHTXS,92.0,bed,425.0,428.0,92,bed,425,428,equal,True,Equal,3,,False,False,BGZZHTXS_s003,
BGZZHTXS,93.0,",",428.0,429.0,93,",",428,429,equal,True,Equal,3,,False,False,BGZZHTXS_s003,
BGZZHTXS,94.0,the,430.0,433.0,94,the,430,433,equal,True,Equal,3,,False,False,BGZZHTXS_s003,
BGZZHTXS,95.0,breeze,434.0,440.0,95,breeze,434,440,equal,True,Equal,3,,False,False,BGZZHTXS_s003,
BGZZHTXS,96.0,shook,441.0,446.0,96,shook,441,446,equal,True,Equal,3,,False,False,BGZZHTXS_s003,
BGZZHTXS,97.0,his,447.0,450.0,97,his,447,450,equal,True,Equal,3,,False,False,BGZZHTXS_s003,
BGZZHTXS,98.0,window,451.0,457.0,98,window,451,457,equal,True,Equal,3,,False,False,BGZZHTXS_s003,
BGZZHTXS,99.0,vigirously,458.0,468.0,99,vigirously,458,468,equal,True,Equal,3,,False,False,BGZZHTXS_s003,
BGZZHTXS,100.0,",",468.0,469.0,100,",",468,469,equal,True,Equal,3,,False,False,BGZZHTXS_s003,
BGZZHTXS,101.0,but,470.0,473.0,101,but,470,473,equal,True,Equal,3,,False,False,BGZZHTXS_s003,
BGZZHTXS,102.0,exicted,474.0,481.0,102,exicted,474,481,equal,True,Equal,3,,False,False,BGZZHTXS_s003,
BGZZHTXS,103.0,to,482.0,484.0,103,to,482,484,equal,True,Equal,3,,False,False,BGZZHTXS_s003,
BGZZHTXS,104.0,see,485.0,488.0,104,see,485,488,equal,True,Equal,3,,False,False,BGZZHTXS_s003,
BGZZHTXS,105.0,the,489.0,492.0,105,the,489,492,equal,True,Equal,3,,False,False,BGZZHTXS_s003,
BGZZHTXS,106.0,new,493.0,496.0,106,new,493,496,equal,True,Equal,3,,False,False,BGZZHTXS_s003,
BGZZHTXS,107.0,Manual,497.0,503.0,107,Manual,497,503,equal,True,Equal,3,,False,False,BGZZHTXS_s003,
BGZZHTXS,108.0,his,504.0,507.0,108,his,504,507,equal,True,Equal,3,,False,False,BGZZHTXS_s003,
BGZZHTXS,109.0,father,508.0,514.0,109,father,508,514,equal,True,Equal,3,,False,False,BGZZHTXS_s003,
BGZZHTXS,110.0,had,515.0,518.0,110,had,515,518,equal,True,Equal,3,,False,False,BGZZHTXS_s003,
BGZZHTXS,111.0,brought,519.0,526.0,111,brought,519,526,equal,True,Equal,3,,False,False,BGZZHTXS_s003,
BGZZHTXS,112.0,home,527.0,531.0,112,home,527,531,equal,True,Equal,3,,False,False,BGZZHTXS_s003,
BGZZHTXS,113.0,",",531.0,532.0,113,",",531,532,equal,True,Equal,3,,False,False,BGZZHTXS_s003,
BGZZHTXS,114.0,he,533.0,535.0,114,he,533,535,equal,True,Equal,3,,False,False,BGZZHTXS_s003,
BGZZHTXS,115.0,got,536.0,539.0,115,got,536,539,equal,True,Equal,3,,False,False,BGZZHTXS_s003,
BGZZHTXS,116.0,out,540.0,543.0,116,out,540,543,equal,True,Equal,3,,False,False,BGZZHTXS_s003,
BGZZHTXS,117.0,of,544.0,546.0,117,of,544,546,equal,True,Equal,3,,False,False,BGZZHTXS_s003,
BGZZHTXS,118.0,bed,547.0,550.0,118,bed,547,550,equal,True,Equal,3,,False,False,BGZZHTXS_s003,
BGZZHTXS,119.0,",",550.0,551.0,119,",",550,551,equal,True,Equal,3,,False,False,BGZZHTXS_s003,
BGZZHTXS,120.0,got,552.0,555.0,120,got,552,555,equal,True,Equal,3,,False,False,BGZZHTXS_s003,
BGZZHTXS,121.0,changed,556.0,563.0,121,changed,556,563,equal,True,Equal,3,,False,False,BGZZHTXS_s003,
BGZZHTXS,122.0,and,564.0,567.0,122,and,564,567,equal,True,Equal,3,,False,False,BGZZHTXS_s003,
BGZZHTXS,123.0,went,568.0,572.0,123,went,568,572,equal,True,Equal,3,,False,False,BGZZHTXS_s003,
BGZZHTXS,124.0,downstairs,573.0,583.0,124,downstairs,573,583,equal,True,Equal,3,,False,False,BGZZHTXS_s003,
BGZZHTXS,125.0,.,583.0,584.0,125,.,583,584,equal,True,Equal,3,Sentence Ending,False,False,BGZZHTXS_s003,Correct Ending
BGZZHTXS,126.0,"""",585.0,586.0,126,"""",585,586,equal,True,Equal,4,,False,False,BGZZHTXS_s004,
BGZZHTXS,127.0,Where,586.0,591.0,127,Where,586,591,equal,True,Equal,4,Sentence Beginning,False,False,BGZZHTXS_s004,Correct Beginning
BGZZHTXS,128.0,',591.0,592.0,128,',591,592,equal,True,Equal,4,,False,False,BGZZHTXS_s004,
BGZZHTXS,129.0,s,592.0,593.0,129,s,592,593,equal,True,Equal,4,,False,False,BGZZHTXS_s004,
BGZZHTXS,130.0,pa,594.0,596.0,130,pa,594,596,equal,True,Equal,4,,False,False,BGZZHTXS_s004,
BGZZHTXS,131.0,?,596.0,597.0,131,?,596,597,equal,True,Equal,4,Sentence Ending,False,False,BGZZHTXS_s004,Correct Ending
BGZZHTXS,132.0,"""",597.0,598.0,132,"""",597,598,equal,True,Equal,5,,False,False,BGZZHTXS_s005,
BGZZHTXS,133.0,Marcus,599.0,605.0,133,Marcus,599,605,equal,True,Equal,5,Sentence Beginning,False,False,BGZZHTXS_s005,Correct Beginning
BGZZHTXS,134.0,uttered,606.0,613.0,134,uttered,606,613,equal,True,Equal,5,,False,False,BGZZHTXS_s005,
BGZZHTXS,135.0,",",613.0,614.0,135,",",613,614,equal,True,Equal,5,,False,False,BGZZHTXS_s005,
BGZZHTXS,136.0,growing,615.0,622.0,136,growing,615,622,equal,True,Equal,5,,False,False,BGZZHTXS_s005,
BGZZHTXS,137.0,worried,623.0,630.0,137,worried,623,630,equal,True,Equal,5,,False,False,BGZZHTXS_s005,
BGZZHTXS,138.0,as,631.0,633.0,138,as,631,633,equal,True,Equal,5,,False,False,BGZZHTXS_s005,
BGZZHTXS,139.0,his,634.0,637.0,139,his,634,637,equal,True,Equal,5,,False,False,BGZZHTXS_s005,
BGZZHTXS,140.0,dad,638.0,641.0,140,dad,638,641,equal,True,Equal,5,,False,False,BGZZHTXS_s005,
BGZZHTXS,141.0,is,642.0,644.0,141,is,642,644,equal,True,Equal,5,,False,False,BGZZHTXS_s005,
BGZZHTXS,142.0,never,645.0,650.0,142,never,645,650,equal,True,Equal,5,,False,False,BGZZHTXS_s005,
BGZZHTXS,143.0,late,651.0,655.0,143,late,651,655,equal,True,Equal,5,,False,False,BGZZHTXS_s005,
BGZZHTXS,144.0,.,655.0,656.0,144,.,655,656,equal,True,Equal,5,Sentence Ending,False,False,BGZZHTXS_s005,Correct Ending
BGZZHTXS,145.0,His,657.0,660.0,145,His,657,660,equal,True,Equal,6,Sentence Beginning,False,False,BGZZHTXS_s006,Correct Beginning
BGZZHTXS,146.0,mother,661.0,667.0,146,mother,661,667,equal,True,Equal,6,,False,False,BGZZHTXS_s006,
BGZZHTXS,147.0,did,668.0,671.0,147,did,668,671,equal,True,Equal,6,,False,False,BGZZHTXS_s006,
BGZZHTXS,148.0,not,672.0,675.0,148,not,672,675,equal,True,Equal,6,,False,False,BGZZHTXS_s006,
BGZZHTXS,149.0,respond,676.0,683.0,149,respond,676,683,equal,True,Equal,6,,False,False,BGZZHTXS_s006,
BGZZHTXS,150.0,and,684.0,687.0,150,and,684,687,equal,True,Equal,6,,False,False,BGZZHTXS_s006,
BGZZHTXS,151.0,so,688.0,690.0,151,so,688,690,equal,True,Equal,6,,False,False,BGZZHTXS_s006,
BGZZHTXS,152.0,he,691.0,693.0,152,he,691,693,equal,True,Equal,6,,False,False,BGZZHTXS_s006,
BGZZHTXS,153.0,asked,694.0,699.0,153,asked,694,699,equal,True,Equal,6,,False,False,BGZZHTXS_s006,
BGZZHTXS,154.0,again,700.0,705.0,154,again,700,705,equal,True,Equal,6,,False,False,BGZZHTXS_s006,
BGZZHTXS,155.0,"""",706.0,707.0,155,"""",706,707,equal,True,Equal,6,,False,False,BGZZHTXS_s006,
BGZZHTXS,156.0,Where,707.0,712.0,156,Where,707,712,equal,True,Equal,6,,False,False,BGZZHTXS_s006,
BGZZHTXS,157.0,',712.0,713.0,157,',712,713,equal,True,Equal,6,,False,False,BGZZHTXS_s006,
BGZZHTXS,158.0,s,713.0,714.0,158,s,713,714,equal,True,Equal,6,,False,False,BGZZHTXS_s006,
BGZZHTXS,159.0,pa,715.0,717.0,159,pa,715,717,equal,True,Equal,6,,False,False,BGZZHTXS_s006,
BGZZHTXS,160.0,?,717.0,718.0,160,?,717,718,equal,True,Equal,6,Sentence Ending,False,False,BGZZHTXS_s006,Correct Ending
BGZZHTXS,161.0,"""",718.0,719.0,161,"""",718,719,equal,True,Equal,7,,False,False,BGZZHTXS_s007,
BGZZHTXS,162.0,growing,720.0,727.0,162,growing,720,727,equal,True,Equal,7,Sentence Beginning,False,False,BGZZHTXS_s007,Incorrect Beginning
BGZZHTXS,163.0,louder,728.0,734.0,163,louder,728,734,equal,True,Equal,7,,False,False,BGZZHTXS_s007,
BGZZHTXS,164.0,and,735.0,738.0,164,and,735,738,equal,True,Equal,7,,False,False,BGZZHTXS_s007,
BGZZHTXS,165.0,more,739.0,743.0,165,more,739,743,equal,True,Equal,7,,False,False,BGZZHTXS_s007,
BGZZHTXS,166.0,anxious,744.0,751.0,166,anxious,744,751,equal,True,Equal,7,,False,False,BGZZHTXS_s007,
BGZZHTXS,167.0,each,752.0,756.0,167,each,752,756,equal,True,Equal,7,,False,False,BGZZHTXS_s007,
BGZZHTXS,168.0,time,757.0,761.0,168,time,757,761,equal,True,Equal,7,,False,False,BGZZHTXS_s007,
BGZZHTXS,169.0,",",761.0,762.0,169,",",761,762,equal,True,Equal,7,,False,False,BGZZHTXS_s007,
BGZZHTXS,170.0,his,763.0,766.0,170,his,763,766,equal,True,Equal,7,,False,False,BGZZHTXS_s007,
BGZZHTXS,171.0,mother,767.0,773.0,171,mother,767,773,equal,True,Equal,7,,False,False,BGZZHTXS_s007,
BGZZHTXS,172.0,',773.0,774.0,172,',773,774,equal,True,Equal,7,,False,False,BGZZHTXS_s007,
BGZZHTXS,173.0,s,774.0,775.0,173,s,774,775,equal,True,Equal,7,,False,False,BGZZHTXS_s007,
BGZZHTXS,174.0,response,776.0,784.0,174,response,776,784,equal,True,Equal,7,,False,False,BGZZHTXS_s007,
BGZZHTXS,175.0,never,785.0,790.0,175,never,785,790,equal,True,Equal,7,,False,False,BGZZHTXS_s007,
BGZZHTXS,176.0,changed,791.0,798.0,176,changed,791,798,equal,True,Equal,7,,False,False,BGZZHTXS_s007,
BGZZHTXS,177.0,.,798.0,799.0,177,.,798,799,equal,True,Equal,7,Sentence Ending,False,False,BGZZHTXS_s007,Correct Ending
BGZZHTXS,178.0,He,800.0,802.0,178,He,800,802,equal,True,Equal,8,Sentence Beginning,False,False,BGZZHTXS_s008,Correct Beginning
BGZZHTXS,179.0,peeked,803.0,809.0,179,peeked,803,809,equal,True,Equal,8,,False,False,BGZZHTXS_s008,
BGZZHTXS,180.0,out,810.0,813.0,180,out,810,813,equal,True,Equal,8,,False,False,BGZZHTXS_s008,
BGZZHTXS,181.0,of,814.0,816.0,181,of,814,816,equal,True,Equal,8,,False,False,BGZZHTXS_s008,
BGZZHTXS,182.0,his,817.0,820.0,182,his,817,820,equal,True,Equal,8,,False,False,BGZZHTXS_s008,
BGZZHTXS,183.0,window,821.0,827.0,183,window,821,827,equal,True,Equal,8,,False,False,BGZZHTXS_s008,
BGZZHTXS,184.0,and,828.0,831.0,184,and,828,831,equal,True,Equal,8,,False,False,BGZZHTXS_s008,
BGZZHTXS,185.0,he,832.0,834.0,185,he,832,834,equal,True,Equal,8,,False,False,BGZZHTXS_s008,
BGZZHTXS,186.0,saw,835.0,838.0,186,saw,835,838,equal,True,Equal,8,,False,False,BGZZHTXS_s008,
BGZZHTXS,187.0,tanks,839.0,844.0,187,tanks,839,844,equal,True,Equal,8,,False,False,BGZZHTXS_s008,
BGZZHTXS,188.0,",",844.0,845.0,188,",",844,845,equal,True,Equal,8,,False,False,BGZZHTXS_s008,
BGZZHTXS,189.0,soliders,846.0,854.0,189,soliders,846,854,equal,True,Equal,8,,False,False,BGZZHTXS_s008,
BGZZHTXS,190.0,and,855.0,858.0,190,and,855,858,equal,True,Equal,8,,False,False,BGZZHTXS_s008,
BGZZHTXS,191.0,most,859.0,863.0,191,most,859,863,equal,True,Equal,8,,False,False,BGZZHTXS_s008,
BGZZHTXS,192.0,importantly,864.0,875.0,192,importantly,864,875,equal,True,Equal,8,,False,False,BGZZHTXS_s008,
BGZZHTXS,193.0,a,876.0,877.0,193,a,876,877,equal,True,Equal,8,,False,False,BGZZHTXS_s008,
BGZZHTXS,194.0,huge,878.0,882.0,194,huge,878,882,equal,True,Equal,8,,False,False,BGZZHTXS_s008,
BGZZHTXS,195.0,wall,883.0,887.0,195,wall,883,887,equal,True,Equal,8,,False,False,BGZZHTXS_s008,
BGZZHTXS,196.0,dividing,888.0,896.0,196,dividing,888,896,equal,True,Equal,8,,False,False,BGZZHTXS_s008,
BGZZHTXS,197.0,the,897.0,900.0,197,the,897,900,equal,True,Equal,8,,False,False,BGZZHTXS_s008,
BGZZHTXS,198.0,west,901.0,905.0,198,west,901,905,equal,True,Equal,8,,False,False,BGZZHTXS_s008,
BGZZHTXS,199.0,and,906.0,909.0,199,and,906,909,equal,True,Equal,8,,False,False,BGZZHTXS_s008,
BGZZHTXS,200.0,the,910.0,913.0,200,the,910,913,equal,True,Equal,8,,False,False,BGZZHTXS_s008,
BGZZHTXS,201.0,east,914.0,918.0,201,east,914,918,equal,True,Equal,8,,False,False,BGZZHTXS_s008,
BGZZHTXS,202.0,.,918.0,919.0,202,.,918,919,equal,True,Equal,8,Sentence Ending,False,False,BGZZHTXS_s008,Correct Ending
BGZZHTXS,203.0,He,920.0,922.0,203,He,920,922,equal,True,Equal,9,Sentence Beginning,False,False,BGZZHTXS_s009,Correct Beginning
BGZZHTXS,204.0,ran,923.0,926.0,204,ran,923,926,equal,True,Equal,9,,False,False,BGZZHTXS_s009,
BGZZHTXS,205.0,around,927.0,933.0,205,around,927,933,equal,True,Equal,9,,False,False,BGZZHTXS_s009,
BGZZHTXS,206.0,the,934.0,937.0,206,the,934,937,equal,True,Equal,9,,False,False,BGZZHTXS_s009,
BGZZHTXS,207.0,wall,938.0,942.0,207,wall,938,942,equal,True,Equal,9,,False,False,BGZZHTXS_s009,
BGZZHTXS,208.0,for,943.0,946.0,208,for,943,946,equal,True,Equal,9,,False,False,BGZZHTXS_s009,
BGZZHTXS,209.0,hours,947.0,952.0,209,hours,947,952,equal,True,Equal,9,,False,False,BGZZHTXS_s009,
BGZZHTXS,210.0,scouring,953.0,961.0,210,scouring,953,961,equal,True,Equal,9,,False,False,BGZZHTXS_s009,
BGZZHTXS,211.0,for,962.0,965.0,211,for,962,965,equal,True,Equal,9,,False,False,BGZZHTXS_s009,
BGZZHTXS,212.0,his,966.0,969.0,212,his,966,969,equal,True,Equal,9,,False,False,BGZZHTXS_s009,
BGZZHTXS,213.0,father,970.0,976.0,213,father,970,976,equal,True,Equal,9,,False,False,BGZZHTXS_s009,
BGZZHTXS,214.0,",",976.0,977.0,214,",",976,977,equal,True,Equal,9,,False,False,BGZZHTXS_s009,
BGZZHTXS,215.0,but,978.0,981.0,215,but,978,981,equal,True,Equal,9,,False,False,BGZZHTXS_s009,
BGZZHTXS,216.0,when,982.0,986.0,216,when,982,986,equal,True,Equal,9,,False,False,BGZZHTXS_s009,
BGZZHTXS,217.0,he,987.0,989.0,217,he,987,989,equal,True,Equal,9,,False,False,BGZZHTXS_s009,
BGZZHTXS,218.0,found,990.0,995.0,218,found,990,995,equal,True,Equal,9,,False,False,BGZZHTXS_s009,
BGZZHTXS,219.0,him,996.0,999.0,219,him,996,999,equal,True,Equal,9,,False,False,BGZZHTXS_s009,
BGZZHTXS,220.0,",",999.0,1000.0,220,",",999,1000,equal,True,Equal,9,,False,False,BGZZHTXS_s009,
BGZZHTXS,221.0,he,1001.0,1003.0,221,he,1001,1003,equal,True,Equal,9,,False,False,BGZZHTXS_s009,
BGZZHTXS,222.0,was,1004.0,1007.0,222,was,1004,1007,equal,True,Equal,9,,False,False,BGZZHTXS_s009,
BGZZHTXS,223.0,just,1008.0,1012.0,223,just,1008,1012,equal,True,Equal,9,,False,False,BGZZHTXS_s009,
BGZZHTXS,224.0,out,1013.0,1016.0,224,out,1013,1016,equal,True,Equal,9,,False,False,BGZZHTXS_s009,
BGZZHTXS,225.0,of,1017.0,1019.0,225,of,1017,1019,equal,True,Equal,9,,False,False,BGZZHTXS_s009,
BGZZHTXS,226.0,reach,1020.0,1025.0,226,reach,1020,1025,equal,True,Equal,9,,False,False,BGZZHTXS_s009,
BGZZHTXS,227.0,.,1025.0,1026.0,227,.,1025,1026,equal,True,Equal,9,Sentence Ending,False,False,BGZZHTXS_s009,Correct Ending
BGZZHTXS,228.0,Marcus,1027.0,1033.0,228,Marcus,1027,1033,equal,True,Equal,10,Sentence Beginning,False,False,BGZZHTXS_s010,Correct Beginning
BGZZHTXS,229.0,ran,1034.0,1037.0,229,ran,1034,1037,equal,True,Equal,10,,False,False,BGZZHTXS_s010,
BGZZHTXS,230.0,home,1038.0,1042.0,230,home,1038,1042,equal,True,Equal,10,,False,False,BGZZHTXS_s010,
BGZZHTXS,231.0,and,1043.0,1046.0,231,and,1043,1046,equal,True,Equal,10,,False,False,BGZZHTXS_s010,
BGZZHTXS,232.0,told,1047.0,1051.0,232,told,1047,1051,equal,True,Equal,10,,False,False,BGZZHTXS_s010,
BGZZHTXS,233.0,his,1052.0,1055.0,233,his,1052,1055,equal,True,Equal,10,,False,False,BGZZHTXS_s010,
BGZZHTXS,234.0,mother,1056.0,1062.0,234,mother,1056,1062,equal,True,Equal,10,,False,False,BGZZHTXS_s010,
BGZZHTXS,235.0,that,1063.0,1067.0,235,that,1063,1067,equal,True,Equal,10,,False,False,BGZZHTXS_s010,
BGZZHTXS,236.0,he,1068.0,1070.0,236,he,1068,1070,equal,True,Equal,10,,False,False,BGZZHTXS_s010,
BGZZHTXS,237.0,saw,1071.0,1074.0,237,saw,1071,1074,equal,True,Equal,10,,False,False,BGZZHTXS_s010,
BGZZHTXS,238.0,his,1075.0,1078.0,238,his,1075,1078,equal,True,Equal,10,,False,False,BGZZHTXS_s010,
BGZZHTXS,239.0,father,1079.0,1085.0,239,father,1079,1085,equal,True,Equal,10,,False,False,BGZZHTXS_s010,
BGZZHTXS,240.0,",",1085.0,1086.0,240,",",1085,1086,equal,True,Equal,10,,False,False,BGZZHTXS_s010,
BGZZHTXS,241.0,but,1087.0,1090.0,241,but,1087,1090,equal,True,Equal,10,,False,False,BGZZHTXS_s010,
BGZZHTXS,242.0,when,1091.0,1095.0,242,when,1091,1095,equal,True,Equal,10,,False,False,BGZZHTXS_s010,
BGZZHTXS,243.0,Marcus,1096.0,1102.0,243,Marcus,1096,1102,equal,True,Equal,10,,False,False,BGZZHTXS_s010,
BGZZHTXS,244.0,',1102.0,1103.0,244,',1102,1103,equal,True,Equal,10,,False,False,BGZZHTXS_s010,
BGZZHTXS,245.0,s,1103.0,1104.0,245,s,1103,1104,equal,True,Equal,10,,False,False,BGZZHTXS_s010,
BGZZHTXS,246.0,mother,1105.0,1111.0,246,mother,1105,1111,equal,True,Equal,10,,False,False,BGZZHTXS_s010,
BGZZHTXS,247.0,saw,1112.0,1115.0,247,saw,1112,1115,equal,True,Equal,10,,False,False,BGZZHTXS_s010,
BGZZHTXS,248.0,his,1116.0,1119.0,248,his,1116,1119,equal,True,Equal,10,,False,False,BGZZHTXS_s010,
BGZZHTXS,249.0,father,1120.0,1126.0,249,father,1120,1126,equal,True,Equal,10,,False,False,BGZZHTXS_s010,
BGZZHTXS,250.0,it,1127.0,1129.0,250,it,1127,1129,equal,True,Equal,10,,False,False,BGZZHTXS_s010,
BGZZHTXS,251.0,was,1130.0,1133.0,251,was,1130,1133,equal,True,Equal,10,,False,False,BGZZHTXS_s010,
BGZZHTXS,252.0,too,1134.0,1137.0,252,too,1134,1137,equal,True,Equal,10,,False,False,BGZZHTXS_s010,
BGZZHTXS,253.0,much,1138.0,1142.0,253,much,1138,1142,equal,True,Equal,10,,False,False,BGZZHTXS_s010,
BGZZHTXS,254.0,for,1143.0,1146.0,254,for,1143,1146,equal,True,Equal,10,,False,False,BGZZHTXS_s010,
BGZZHTXS,255.0,her,1147.0,1150.0,255,her,1147,1150,equal,True,Equal,10,,False,False,BGZZHTXS_s010,
BGZZHTXS,256.0,to,1151.0,1153.0,256,to,1151,1153,equal,True,Equal,10,,False,False,BGZZHTXS_s010,
BGZZHTXS,257.0,bare,1154.0,1158.0,257,bare,1154,1158,equal,True,Equal,10,,False,False,BGZZHTXS_s010,
BGZZHTXS,258.0,",",1158.0,1159.0,258,",",1158,1159,equal,True,Equal,10,,False,False,BGZZHTXS_s010,
BGZZHTXS,259.0,she,1160.0,1163.0,259,she,1160,1163,equal,True,Equal,10,,False,False,BGZZHTXS_s010,
BGZZHTXS,260.0,tried,1164.0,1169.0,260,tried,1164,1169,equal,True,Equal,10,,False,False,BGZZHTXS_s010,
BGZZHTXS,261.0,to,1170.0,1172.0,261,to,1170,1172,equal,True,Equal,10,,False,False,BGZZHTXS_s010,
BGZZHTXS,262.0,run,1173.0,1176.0,262,run,1173,1176,equal,True,Equal,10,,False,False,BGZZHTXS_s010,
BGZZHTXS,263.0,and,1177.0,1180.0,263,and,1177,1180,equal,True,Equal,10,,False,False,BGZZHTXS_s010,
BGZZHTXS,264.0,she,1181.0,1184.0,264,she,1181,1184,equal,True,Equal,10,,False,False,BGZZHTXS_s010,
BGZZHTXS,265.0,was,1185.0,1188.0,265,was,1185,1188,equal,True,Equal,10,,False,False,BGZZHTXS_s010,
BGZZHTXS,266.0,shot,1189.0,1193.0,266,shot,1189,1193,equal,True,Equal,10,,False,False,BGZZHTXS_s010,
BGZZHTXS,267.0,dead,1194.0,1198.0,267,dead,1194,1198,equal,True,Equal,10,,False,False,BGZZHTXS_s010,
BGZZHTXS,268.0,like,1199.0,1203.0,268,like,1199,1203,equal,True,Equal,10,,False,False,BGZZHTXS_s010,
BGZZHTXS,269.0,a,1204.0,1205.0,269,a,1204,1205,equal,True,Equal,10,,False,False,BGZZHTXS_s010,
BGZZHTXS,270.0,dog,1206.0,1209.0,270,dog,1206,1209,equal,True,Equal,10,,False,False,BGZZHTXS_s010,
BGZZHTXS,271.0,",",1209.0,1210.0,271,",",1209,1210,equal,True,Equal,10,,False,False,BGZZHTXS_s010,
BGZZHTXS,272.0,like,1211.0,1215.0,272,like,1211,1215,equal,True,Equal,10,,False,False,BGZZHTXS_s010,
BGZZHTXS,273.0,something,1216.0,1225.0,273,something,1216,1225,equal,True,Equal,10,,False,False,BGZZHTXS_s010,
BGZZHTXS,274.0,without,1226.0,1233.0,274,without,1226,1233,equal,True,Equal,10,,False,False,BGZZHTXS_s010,
BGZZHTXS,275.0,emotions,1234.0,1242.0,275,emotions,1234,1242,equal,True,Equal,10,,False,False,BGZZHTXS_s010,
BGZZHTXS,276.0,",",1242.0,1243.0,276,",",1242,1243,equal,True,Equal,10,,False,False,BGZZHTXS_s010,
BGZZHTXS,277.0,feelings,1244.0,1252.0,277,feelings,1244,1252,equal,True,Equal,10,,False,False,BGZZHTXS_s010,
BGZZHTXS,278.0,",",1252.0,1253.0,278,",",1252,1253,equal,True,Equal,10,,False,False,BGZZHTXS_s010,
BGZZHTXS,279.0,people,1254.0,1260.0,279,people,1254,1260,equal,True,Equal,10,,False,False,BGZZHTXS_s010,
BGZZHTXS,280.0,that,1261.0,1265.0,280,that,1261,1265,equal,True,Equal,10,,False,False,BGZZHTXS_s010,
BGZZHTXS,281.0,she,1266.0,1269.0,281,she,1266,1269,equal,True,Equal,10,,False,False,BGZZHTXS_s010,
BGZZHTXS,282.0,cares,1270.0,1275.0,282,cares,1270,1275,equal,True,Equal,10,,False,False,BGZZHTXS_s010,
BGZZHTXS,283.0,for,1276.0,1279.0,283,for,1276,1279,equal,True,Equal,10,,False,False,BGZZHTXS_s010,
BGZZHTXS,284.0,or,1280.0,1282.0,284,or,1280,1282,equal,True,Equal,10,,False,False,BGZZHTXS_s010,
BGZZHTXS,285.0,a,1283.0,1284.0,285,a,1283,1284,equal,True,Equal,10,,False,False,BGZZHTXS_s010,
BGZZHTXS,286.0,life,1285.0,1289.0,286,life,1285,1289,equal,True,Equal,10,,False,False,BGZZHTXS_s010,
BGZZHTXS,287.0,.,1289.0,1290.0,287,.,1289,1290,equal,True,Equal,10,Sentence Ending,False,False,BGZZHTXS_s010,Correct Ending
BGZZHTXS,288.0,Marcus,1291.0,1297.0,288,Marcus,1291,1297,equal,True,Equal,11,Sentence Beginning,False,False,BGZZHTXS_s011,Correct Beginning
BGZZHTXS,289.0,',1297.0,1298.0,289,',1297,1298,equal,True,Equal,11,,False,False,BGZZHTXS_s011,
BGZZHTXS,290.0,s,1298.0,1299.0,290,s,1298,1299,equal,True,Equal,11,,False,False,BGZZHTXS_s011,
BGZZHTXS,291.0,life,1300.0,1304.0,291,life,1300,1304,equal,True,Equal,11,,False,False,BGZZHTXS_s011,
BGZZHTXS,292.0,changed,1305.0,1312.0,292,changed,1305,1312,equal,True,Equal,11,,False,False,BGZZHTXS_s011,
BGZZHTXS,293.0,in,1313.0,1315.0,293,in,1313,1315,equal,True,Equal,11,,False,False,BGZZHTXS_s011,
BGZZHTXS,294.0,mere,1316.0,1320.0,294,mere,1316,1320,equal,True,Equal,11,,False,False,BGZZHTXS_s011,
BGZZHTXS,295.0,hours,1321.0,1326.0,295,hours,1321,1326,equal,True,Equal,11,,False,False,BGZZHTXS_s011,
BGZZHTXS,296.0,",",1326.0,1327.0,296,",",1326,1327,equal,True,Equal,11,,False,False,BGZZHTXS_s011,
BGZZHTXS,297.0,from,1328.0,1332.0,297,from,1328,1332,equal,True,Equal,11,,False,False,BGZZHTXS_s011,
BGZZHTXS,298.0,living,1333.0,1339.0,298,living,1333,1339,equal,True,Equal,11,,False,False,BGZZHTXS_s011,
BGZZHTXS,299.0,with,1340.0,1344.0,299,with,1340,1344,equal,True,Equal,11,,False,False,BGZZHTXS_s011,
BGZZHTXS,300.0,a,1345.0,1346.0,300,a,1345,1346,equal,True,Equal,11,,False,False,BGZZHTXS_s011,
BGZZHTXS,301.0,father,1347.0,1353.0,301,father,1347,1353,equal,True,Equal,11,,False,False,BGZZHTXS_s011,
BGZZHTXS,302.0,and,1354.0,1357.0,302,and,1354,1357,equal,True,Equal,11,,False,False,BGZZHTXS_s011,
BGZZHTXS,303.0,a,1358.0,1359.0,303,a,1358,1359,equal,True,Equal,11,,False,False,BGZZHTXS_s011,
BGZZHTXS,304.0,mother,1360.0,1366.0,304,mother,1360,1366,equal,True,Equal,11,,False,False,BGZZHTXS_s011,
BGZZHTXS,305.0,in,1367.0,1369.0,305,in,1367,1369,equal,True,Equal,11,,False,False,BGZZHTXS_s011,
BGZZHTXS,306.0,a,1370.0,1371.0,306,a,1370,1371,equal,True,Equal,11,,False,False,BGZZHTXS_s011,
BGZZHTXS,307.0,warm,1372.0,1376.0,307,warm,1372,1376,equal,True,Equal,11,,False,False,BGZZHTXS_s011,
BGZZHTXS,308.0,",",1376.0,1377.0,308,",",1376,1377,equal,True,Equal,11,,False,False,BGZZHTXS_s011,
BGZZHTXS,309.0,loving,1378.0,1384.0,309,loving,1378,1384,equal,True,Equal,11,,False,False,BGZZHTXS_s011,
BGZZHTXS,310.0,",",1384.0,1385.0,310,",",1384,1385,equal,True,Equal,11,,False,False,BGZZHTXS_s011,
BGZZHTXS,311.0,caring,1386.0,1392.0,311,caring,1386,1392,equal,True,Equal,11,,False,False,BGZZHTXS_s011,
BGZZHTXS,312.0,home,1393.0,1397.0,312,home,1393,1397,equal,True,Equal,11,,False,False,BGZZHTXS_s011,
BGZZHTXS,313.0,to,1398.0,1400.0,313,to,1398,1400,equal,True,Equal,11,,False,False,BGZZHTXS_s011,
BGZZHTXS,314.0,being,1401.0,1406.0,314,being,1401,1406,equal,True,Equal,11,,False,False,BGZZHTXS_s011,
BGZZHTXS,315.0,an,1407.0,1409.0,315,an,1407,1409,equal,True,Equal,11,,False,False,BGZZHTXS_s011,
BGZZHTXS,316.0,orphan,1410.0,1416.0,316,orphan,1410,1416,equal,True,Equal,11,,False,False,BGZZHTXS_s011,
BGZZHTXS,317.0,stranded,1417.0,1425.0,317,stranded,1417,1425,equal,True,Equal,11,,False,False,BGZZHTXS_s011,
BGZZHTXS,318.0,by,1426.0,1428.0,318,by,1426,1428,equal,True,Equal,11,,False,False,BGZZHTXS_s011,
BGZZHTXS,319.0,himself,1429.0,1436.0,319,himself,1429,1436,equal,True,Equal,11,,False,False,BGZZHTXS_s011,
BGZZHTXS,320.0,.,1436.0,1437.0,320,.,1436,1437,equal,True,Equal,11,Sentence Ending,False,False,BGZZHTXS_s011,Correct Ending
BGZZHTXS,321.0,He,1438.0,1440.0,321,He,1438,1440,equal,True,Equal,12,Sentence Beginning,False,False,BGZZHTXS_s012,Correct Beginning
BGZZHTXS,322.0,took,1441.0,1445.0,322,took,1441,1445,equal,True,Equal,12,,False,False,BGZZHTXS_s012,
BGZZHTXS,323.0,a,1446.0,1447.0,323,a,1446,1447,equal,True,Equal,12,,False,False,BGZZHTXS_s012,
BGZZHTXS,324.0,cart,1448.0,1452.0,324,cart,1448,1452,equal,True,Equal,12,,False,False,BGZZHTXS_s012,
BGZZHTXS,325.0,and,1453.0,1456.0,325,and,1453,1456,equal,True,Equal,12,,False,False,BGZZHTXS_s012,
BGZZHTXS,326.0,collected,1457.0,1466.0,326,collected,1457,1466,equal,True,Equal,12,,False,False,BGZZHTXS_s012,
BGZZHTXS,327.0,plastic,1467.0,1474.0,327,plastic,1467,1474,equal,True,Equal,12,,False,False,BGZZHTXS_s012,
BGZZHTXS,328.0,",",1474.0,1475.0,328,",",1474,1475,equal,True,Equal,12,,False,False,BGZZHTXS_s012,
BGZZHTXS,329.0,sold,1476.0,1480.0,329,sold,1476,1480,equal,True,Equal,12,,False,False,BGZZHTXS_s012,
BGZZHTXS,330.0,the,1481.0,1484.0,330,the,1481,1484,equal,True,Equal,12,,False,False,BGZZHTXS_s012,
BGZZHTXS,331.0,plastic,1485.0,1492.0,331,plastic,1485,1492,equal,True,Equal,12,,False,False,BGZZHTXS_s012,
BGZZHTXS,332.0,and,1493.0,1496.0,332,and,1493,1496,equal,True,Equal,12,,False,False,BGZZHTXS_s012,
BGZZHTXS,333.0,did,1497.0,1500.0,333,did,1497,1500,equal,True,Equal,12,,False,False,BGZZHTXS_s012,
BGZZHTXS,334.0,so,1501.0,1503.0,334,so,1501,1503,equal,True,Equal,12,,False,False,BGZZHTXS_s012,
BGZZHTXS,335.0,to,1504.0,1506.0,335,to,1504,1506,equal,True,Equal,12,,False,False,BGZZHTXS_s012,
BGZZHTXS,336.0,earn,1507.0,1511.0,336,earn,1507,1511,equal,True,Equal,12,,False,False,BGZZHTXS_s012,
BGZZHTXS,337.0,food,1512.0,1516.0,337,food,1512,1516,equal,True,Equal,12,,False,False,BGZZHTXS_s012,
BGZZHTXS,338.0,to,1517.0,1519.0,338,to,1517,1519,equal,True,Equal,12,,False,False,BGZZHTXS_s012,
BGZZHTXS,339.0,eat,1520.0,1523.0,339,eat,1520,1523,equal,True,Equal,12,,False,False,BGZZHTXS_s012,
BGZZHTXS,340.0,",",1523.0,1524.0,340,",",1523,1524,equal,True,Equal,12,,False,False,BGZZHTXS_s012,
BGZZHTXS,341.0,but,1525.0,1528.0,341,but,1525,1528,equal,True,Equal,12,,False,False,BGZZHTXS_s012,
BGZZHTXS,342.0,that,1529.0,1533.0,342,that,1529,1533,equal,True,Equal,12,,False,False,BGZZHTXS_s012,
BGZZHTXS,343.0,was,1534.0,1537.0,343,was,1534,1537,equal,True,Equal,12,,False,False,BGZZHTXS_s012,
BGZZHTXS,344.0,not,1538.0,1541.0,344,not,1538,1541,equal,True,Equal,12,,False,False,BGZZHTXS_s012,
BGZZHTXS,345.0,the,1542.0,1545.0,345,the,1542,1545,equal,True,Equal,12,,False,False,BGZZHTXS_s012,
BGZZHTXS,346.0,life,1546.0,1550.0,346,life,1546,1550,equal,True,Equal,12,,False,False,BGZZHTXS_s012,
BGZZHTXS,347.0,Marcus,1551.0,1557.0,347,Marcus,1551,1557,equal,True,Equal,12,,False,False,BGZZHTXS_s012,
BGZZHTXS,348.0,wanted,1558.0,1564.0,348,wanted,1558,1564,equal,True,Equal,12,,False,False,BGZZHTXS_s012,
BGZZHTXS,349.0,",",1564.0,1565.0,349,",",1564,1565,equal,True,Equal,12,,False,False,BGZZHTXS_s012,
BGZZHTXS,350.0,had,1566.0,1569.0,350,had,1566,1569,equal,True,Equal,12,,False,False,BGZZHTXS_s012,
BGZZHTXS,351.0,worked,1570.0,1576.0,351,worked,1570,1576,equal,True,Equal,12,,False,False,BGZZHTXS_s012,
BGZZHTXS,352.0,for,1577.0,1580.0,352,for,1577,1580,equal,True,Equal,12,,False,False,BGZZHTXS_s012,
BGZZHTXS,353.0,.,1580.0,1581.0,353,.,1580,1581,equal,True,Equal,12,Sentence Ending,False,False,BGZZHTXS_s012,Correct Ending
BGZZHTXS,354.0,During,1582.0,1588.0,354,During,1582,1588,equal,True,Equal,13,Sentence Beginning,False,False,BGZZHTXS_s013,Correct Beginning
BGZZHTXS,355.0,his,1589.0,1592.0,355,his,1589,1592,equal,True,Equal,13,,False,False,BGZZHTXS_s013,
BGZZHTXS,356.0,walks,1593.0,1598.0,356,walks,1593,1598,equal,True,Equal,13,,False,False,BGZZHTXS_s013,
BGZZHTXS,357.0,looking,1599.0,1606.0,357,looking,1599,1606,equal,True,Equal,13,,False,False,BGZZHTXS_s013,
BGZZHTXS,358.0,for,1607.0,1610.0,358,for,1607,1610,equal,True,Equal,13,,False,False,BGZZHTXS_s013,
BGZZHTXS,359.0,plastic,1611.0,1618.0,359,plastic,1611,1618,equal,True,Equal,13,,False,False,BGZZHTXS_s013,
BGZZHTXS,360.0,he,1619.0,1621.0,360,he,1619,1621,equal,True,Equal,13,,False,False,BGZZHTXS_s013,
BGZZHTXS,361.0,had,1622.0,1625.0,361,had,1622,1625,equal,True,Equal,13,,False,False,BGZZHTXS_s013,
BGZZHTXS,362.0,realised,1626.0,1634.0,362,realised,1626,1634,equal,True,Equal,13,,False,False,BGZZHTXS_s013,
BGZZHTXS,363.0,that,1635.0,1639.0,363,that,1635,1639,equal,True,Equal,13,,False,False,BGZZHTXS_s013,
BGZZHTXS,364.0,the,1640.0,1643.0,364,the,1640,1643,equal,True,Equal,13,,False,False,BGZZHTXS_s013,
BGZZHTXS,365.0,bank,1644.0,1648.0,365,bank,1644,1648,equal,True,Equal,13,,False,False,BGZZHTXS_s013,
BGZZHTXS,366.0,rose,1649.0,1653.0,366,rose,1649,1653,equal,True,Equal,13,,False,False,BGZZHTXS_s013,
BGZZHTXS,367.0,above,1654.0,1659.0,367,above,1654,1659,equal,True,Equal,13,,False,False,BGZZHTXS_s013,
BGZZHTXS,368.0,all,1660.0,1663.0,368,all,1660,1663,equal,True,Equal,13,,False,False,BGZZHTXS_s013,
BGZZHTXS,369.0,and,1664.0,1667.0,369,and,1664,1667,equal,True,Equal,13,,False,False,BGZZHTXS_s013,
BGZZHTXS,370.0,it,1668.0,1670.0,370,it,1668,1670,equal,True,Equal,13,,False,False,BGZZHTXS_s013,
BGZZHTXS,371.0,was,1671.0,1674.0,371,was,1671,1674,equal,True,Equal,13,,False,False,BGZZHTXS_s013,
BGZZHTXS,372.0,closest,1675.0,1682.0,372,closest,1675,1682,equal,True,Equal,13,,False,False,BGZZHTXS_s013,
BGZZHTXS,373.0,to,1683.0,1685.0,373,to,1683,1685,equal,True,Equal,13,,False,False,BGZZHTXS_s013,
BGZZHTXS,374.0,the,1686.0,1689.0,374,the,1686,1689,equal,True,Equal,13,,False,False,BGZZHTXS_s013,
BGZZHTXS,375.0,wall,1690.0,1694.0,375,wall,1690,1694,equal,True,Equal,13,,False,False,BGZZHTXS_s013,
BGZZHTXS,376.0,.,1694.0,1695.0,376,.,1694,1695,equal,True,Equal,13,Sentence Ending,False,False,BGZZHTXS_s013,Correct Ending
BGZZHTXS,377.0,It,1696.0,1698.0,377,It,1696,1698,equal,True,Equal,14,Sentence Beginning,False,False,BGZZHTXS_s014,Correct Beginning
BGZZHTXS,378.0,was,1699.0,1702.0,378,was,1699,1702,equal,True,Equal,14,,False,False,BGZZHTXS_s014,
BGZZHTXS,379.0,his,1703.0,1706.0,379,his,1703,1706,equal,True,Equal,14,,False,False,BGZZHTXS_s014,
BGZZHTXS,380.0,ticket,1707.0,1713.0,380,ticket,1707,1713,equal,True,Equal,14,,False,False,BGZZHTXS_s014,
BGZZHTXS,381.0,to,1714.0,1716.0,381,to,1714,1716,equal,True,Equal,14,,False,False,BGZZHTXS_s014,
BGZZHTXS,382.0,freedom,1717.0,1724.0,382,freedom,1717,1724,equal,True,Equal,14,,False,False,BGZZHTXS_s014,
BGZZHTXS,383.0,but,1725.0,1728.0,383,but,1725,1728,equal,True,Equal,14,,False,False,BGZZHTXS_s014,
BGZZHTXS,384.0,Marcus,1729.0,1735.0,384,Marcus,1729,1735,equal,True,Equal,14,,False,False,BGZZHTXS_s014,
BGZZHTXS,385.0,could,1736.0,1741.0,385,could,1736,1741,equal,True,Equal,14,,False,False,BGZZHTXS_s014,
BGZZHTXS,386.0,not,1742.0,1745.0,386,not,1742,1745,equal,True,Equal,14,,False,False,BGZZHTXS_s014,
BGZZHTXS,387.0,afford,1746.0,1752.0,387,afford,1746,1752,equal,True,Equal,14,,False,False,BGZZHTXS_s014,
BGZZHTXS,388.0,to,1753.0,1755.0,388,to,1753,1755,equal,True,Equal,14,,False,False,BGZZHTXS_s014,
BGZZHTXS,389.0,even,1756.0,1760.0,389,even,1756,1760,equal,True,Equal,14,,False,False,BGZZHTXS_s014,
BGZZHTXS,390.0,enter,1761.0,1766.0,390,enter,1761,1766,equal,True,Equal,14,,False,False,BGZZHTXS_s014,
BGZZHTXS,391.0,the,1767.0,1770.0,391,the,1767,1770,equal,True,Equal,14,,False,False,BGZZHTXS_s014,
BGZZHTXS,392.0,bank,1771.0,1775.0,392,bank,1771,1775,equal,True,Equal,14,,False,False,BGZZHTXS_s014,
BGZZHTXS,393.0,.,1775.0,1776.0,393,.,1775,1776,equal,True,Equal,14,Sentence Ending,False,False,BGZZHTXS_s014,Correct Ending
BGZZHTXS,394.0,Marcus,1777.0,1783.0,394,Marcus,1777,1783,equal,True,Equal,15,Sentence Beginning,False,False,BGZZHTXS_s015,Correct Beginning
BGZZHTXS,395.0,loved,1784.0,1789.0,395,loved,1784,1789,equal,True,Equal,15,,False,False,BGZZHTXS_s015,
BGZZHTXS,396.0,everything,1790.0,1800.0,396,everything,1790,1800,equal,True,Equal,15,,False,False,BGZZHTXS_s015,
BGZZHTXS,397.0,to,1801.0,1803.0,397,to,1801,1803,equal,True,Equal,15,,False,False,BGZZHTXS_s015,
BGZZHTXS,398.0,do,1804.0,1806.0,398,do,1804,1806,equal,True,Equal,15,,False,False,BGZZHTXS_s015,
BGZZHTXS,399.0,with,1807.0,1811.0,399,with,1807,1811,equal,True,Equal,15,,False,False,BGZZHTXS_s015,
BGZZHTXS,400.0,flying,1812.0,1818.0,400,flying,1812,1818,equal,True,Equal,15,,False,False,BGZZHTXS_s015,
BGZZHTXS,401.0,",",1818.0,1819.0,401,",",1818,1819,equal,True,Equal,15,,False,False,BGZZHTXS_s015,
BGZZHTXS,402.0,from,1820.0,1824.0,402,from,1820,1824,equal,True,Equal,15,,False,False,BGZZHTXS_s015,
BGZZHTXS,403.0,paper,1825.0,1830.0,403,paper,1825,1830,equal,True,Equal,15,,False,False,BGZZHTXS_s015,
BGZZHTXS,404.0,airplanes,1831.0,1840.0,404,airplanes,1831,1840,equal,True,Equal,15,,False,False,BGZZHTXS_s015,
BGZZHTXS,405.0,to,1841.0,1843.0,405,to,1841,1843,equal,True,Equal,15,,False,False,BGZZHTXS_s015,
BGZZHTXS,406.0,helicopters,1844.0,1855.0,406,helicopters,1844,1855,equal,True,Equal,15,,False,False,BGZZHTXS_s015,
BGZZHTXS,407.0,and,1856.0,1859.0,407,and,1856,1859,equal,True,Equal,15,,False,False,BGZZHTXS_s015,
BGZZHTXS,408.0,everything,1860.0,1870.0,408,everything,1860,1870,equal,True,Equal,15,,False,False,BGZZHTXS_s015,
BGZZHTXS,409.0,in,1871.0,1873.0,409,in,1871,1873,equal,True,Equal,15,,False,False,BGZZHTXS_s015,
BGZZHTXS,410.0,between,1874.0,1881.0,410,between,1874,1881,equal,True,Equal,15,,False,False,BGZZHTXS_s015,
BGZZHTXS,411.0,like,1882.0,1886.0,411,like,1882,1886,equal,True,Equal,15,,False,False,BGZZHTXS_s015,
BGZZHTXS,412.0,gliders,1887.0,1894.0,412,gliders,1887,1894,equal,True,Equal,15,,False,False,BGZZHTXS_s015,
BGZZHTXS,413.0,.,1894.0,1895.0,413,.,1894,1895,equal,True,Equal,15,Sentence Ending,False,False,BGZZHTXS_s015,Correct Ending
BGZZHTXS,414.0,So,1896.0,1898.0,414,So,1896,1898,equal,True,Equal,16,Sentence Beginning,False,False,BGZZHTXS_s016,Correct Beginning
BGZZHTXS,415.0,he,1899.0,1901.0,415,he,1899,1901,equal,True,Equal,16,,False,False,BGZZHTXS_s016,
BGZZHTXS,416.0,saved,1902.0,1907.0,416,saved,1902,1907,equal,True,Equal,16,,False,False,BGZZHTXS_s016,
BGZZHTXS,417.0,some,1908.0,1912.0,417,some,1908,1912,equal,True,Equal,16,,False,False,BGZZHTXS_s016,
BGZZHTXS,418.0,of,1913.0,1915.0,418,of,1913,1915,equal,True,Equal,16,,False,False,BGZZHTXS_s016,
BGZZHTXS,419.0,the,1916.0,1919.0,419,the,1916,1919,equal,True,Equal,16,,False,False,BGZZHTXS_s016,
BGZZHTXS,420.0,plastic,1920.0,1927.0,420,plastic,1920,1927,equal,True,Equal,16,,False,False,BGZZHTXS_s016,
BGZZHTXS,421.0,slowly,1928.0,1934.0,421,slowly,1928,1934,equal,True,Equal,16,,False,False,BGZZHTXS_s016,
BGZZHTXS,422.0,building,1935.0,1943.0,422,building,1935,1943,equal,True,Equal,16,,False,False,BGZZHTXS_s016,
BGZZHTXS,423.0,a,1944.0,1945.0,423,a,1944,1945,equal,True,Equal,16,,False,False,BGZZHTXS_s016,
BGZZHTXS,424.0,ladder,1946.0,1952.0,424,ladder,1946,1952,equal,True,Equal,16,,False,False,BGZZHTXS_s016,
BGZZHTXS,425.0,that,1953.0,1957.0,425,that,1953,1957,equal,True,Equal,16,,False,False,BGZZHTXS_s016,
BGZZHTXS,426.0,can,1958.0,1961.0,426,can,1958,1961,equal,True,Equal,16,,False,False,BGZZHTXS_s016,
BGZZHTXS,427.0,be,1962.0,1964.0,427,be,1962,1964,equal,True,Equal,16,,False,False,BGZZHTXS_s016,
BGZZHTXS,428.0,folded,1965.0,1971.0,428,folded,1965,1971,equal,True,Equal,16,,False,False,BGZZHTXS_s016,
BGZZHTXS,429.0,small,1972.0,1977.0,429,small,1972,1977,equal,True,Equal,16,,False,False,BGZZHTXS_s016,
BGZZHTXS,430.0,enough,1978.0,1984.0,430,enough,1978,1984,equal,True,Equal,16,,False,False,BGZZHTXS_s016,
BGZZHTXS,431.0,to,1985.0,1987.0,431,to,1985,1987,equal,True,Equal,16,,False,False,BGZZHTXS_s016,
BGZZHTXS,432.0,be,1988.0,1990.0,432,be,1988,1990,equal,True,Equal,16,,False,False,BGZZHTXS_s016,
BGZZHTXS,433.0,concleaed,1991.0,2000.0,433,concleaed,1991,2000,equal,True,Equal,16,,False,False,BGZZHTXS_s016,
BGZZHTXS,434.0,at,2001.0,2003.0,434,at,2001,2003,equal,True,Equal,16,,False,False,BGZZHTXS_s016,
BGZZHTXS,435.0,night,2004.0,2009.0,435,night,2004,2009,equal,True,Equal,16,,False,False,BGZZHTXS_s016,
BGZZHTXS,436.0,but,2010.0,2013.0,436,but,2010,2013,equal,True,Equal,16,,False,False,BGZZHTXS_s016,
BGZZHTXS,437.0,big,2014.0,2017.0,437,big,2014,2017,equal,True,Equal,16,,False,False,BGZZHTXS_s016,
BGZZHTXS,438.0,enough,2018.0,2024.0,438,enough,2018,2024,equal,True,Equal,16,,False,False,BGZZHTXS_s016,
BGZZHTXS,439.0,to,2025.0,2027.0,439,to,2025,2027,equal,True,Equal,16,,False,False,BGZZHTXS_s016,
BGZZHTXS,440.0,break,2028.0,2033.0,440,break,2028,2033,equal,True,Equal,16,,False,False,BGZZHTXS_s016,
BGZZHTXS,441.0,into,2034.0,2038.0,441,into,2034,2038,equal,True,Equal,16,,False,False,BGZZHTXS_s016,
BGZZHTXS,442.0,the,2039.0,2042.0,442,the,2039,2042,equal,True,Equal,16,,False,False,BGZZHTXS_s016,
BGZZHTXS,443.0,bank,2043.0,2047.0,443,bank,2043,2047,equal,True,Equal,16,,False,False,BGZZHTXS_s016,
BGZZHTXS,444.0,',2047.0,2048.0,444,',2047,2048,equal,True,Equal,16,,False,False,BGZZHTXS_s016,
BGZZHTXS,445.0,s,2048.0,2049.0,445,s,2048,2049,equal,True,Equal,16,,False,False,BGZZHTXS_s016,
BGZZHTXS,446.0,windows,2050.0,2057.0,446,windows,2050,2057,equal,True,Equal,16,,False,False,BGZZHTXS_s016,
BGZZHTXS,447.0,.,2057.0,2058.0,447,.,2057,2058,equal,True,Equal,16,Sentence Ending,False,False,BGZZHTXS_s016,Correct Ending
BGZZHTXS,448.0,The,2059.0,2062.0,448,The,2059,2062,equal,True,Equal,17,Sentence Beginning,False,False,BGZZHTXS_s017,Correct Beginning
BGZZHTXS,449.0,bank,2063.0,2067.0,449,bank,2063,2067,equal,True,Equal,17,,False,False,BGZZHTXS_s017,
BGZZHTXS,450.0,was,2068.0,2071.0,450,was,2068,2071,equal,True,Equal,17,,False,False,BGZZHTXS_s017,
BGZZHTXS,451.0,a,2072.0,2073.0,451,a,2072,2073,equal,True,Equal,17,,False,False,BGZZHTXS_s017,
BGZZHTXS,452.0,tall,2074.0,2078.0,452,tall,2074,2078,equal,True,Equal,17,,False,False,BGZZHTXS_s017,
BGZZHTXS,453.0,but,2079.0,2082.0,453,but,2079,2082,equal,True,Equal,17,,False,False,BGZZHTXS_s017,
BGZZHTXS,454.0,thin,2083.0,2087.0,454,thin,2083,2087,equal,True,Equal,17,,False,False,BGZZHTXS_s017,
BGZZHTXS,455.0,building,2088.0,2096.0,455,building,2088,2096,equal,True,Equal,17,,False,False,BGZZHTXS_s017,
BGZZHTXS,456.0,and,2097.0,2100.0,456,and,2097,2100,equal,True,Equal,17,,False,False,BGZZHTXS_s017,
BGZZHTXS,457.0,only,2101.0,2105.0,457,only,2101,2105,equal,True,Equal,17,,False,False,BGZZHTXS_s017,
BGZZHTXS,458.0,the,2106.0,2109.0,458,the,2106,2109,equal,True,Equal,17,,False,False,BGZZHTXS_s017,
BGZZHTXS,459.0,first,2110.0,2115.0,459,first,2110,2115,equal,True,Equal,17,,False,False,BGZZHTXS_s017,
BGZZHTXS,460.0,two,2116.0,2119.0,460,two,2116,2119,equal,True,Equal,17,,False,False,BGZZHTXS_s017,
BGZZHTXS,461.0,floors,2120.0,2126.0,461,floors,2120,2126,equal,True,Equal,17,,False,False,BGZZHTXS_s017,
BGZZHTXS,462.0,were,2127.0,2131.0,462,were,2127,2131,equal,True,Equal,17,,False,False,BGZZHTXS_s017,
BGZZHTXS,463.0,utilised,2132.0,2140.0,463,utilised,2132,2140,equal,True,Equal,17,,False,False,BGZZHTXS_s017,
BGZZHTXS,464.0,",",2140.0,2141.0,464,",",2140,2141,equal,True,Equal,17,,False,False,BGZZHTXS_s017,
BGZZHTXS,465.0,if,2142.0,2144.0,465,if,2142,2144,equal,True,Equal,17,,False,False,BGZZHTXS_s017,
BGZZHTXS,466.0,he,2145.0,2147.0,466,he,2145,2147,equal,True,Equal,17,,False,False,BGZZHTXS_s017,
BGZZHTXS,467.0,could,2148.0,2153.0,467,could,2148,2153,equal,True,Equal,17,,False,False,BGZZHTXS_s017,
BGZZHTXS,468.0,get,2154.0,2157.0,468,get,2154,2157,equal,True,Equal,17,,False,False,BGZZHTXS_s017,
BGZZHTXS,469.0,to,2158.0,2160.0,469,to,2158,2160,equal,True,Equal,17,,False,False,BGZZHTXS_s017,
BGZZHTXS,470.0,the,2161.0,2164.0,470,the,2161,2164,equal,True,Equal,17,,False,False,BGZZHTXS_s017,
BGZZHTXS,471.0,third,2165.0,2170.0,471,third,2165,2170,equal,True,Equal,17,,False,False,BGZZHTXS_s017,
BGZZHTXS,472.0,floor,2171.0,2176.0,472,floor,2171,2176,equal,True,Equal,17,,False,False,BGZZHTXS_s017,
BGZZHTXS,473.0,then,2177.0,2181.0,473,then,2177,2181,equal,True,Equal,17,,False,False,BGZZHTXS_s017,
BGZZHTXS,474.0,he,2182.0,2184.0,474,he,2182,2184,equal,True,Equal,17,,False,False,BGZZHTXS_s017,
BGZZHTXS,475.0,could,2185.0,2190.0,475,could,2185,2190,equal,True,Equal,17,,False,False,BGZZHTXS_s017,
BGZZHTXS,476.0,get,2191.0,2194.0,476,get,2191,2194,equal,True,Equal,17,,False,False,BGZZHTXS_s017,
BGZZHTXS,477.0,to,2195.0,2197.0,477,to,2195,2197,equal,True,Equal,17,,False,False,BGZZHTXS_s017,
BGZZHTXS,478.0,the,2198.0,2201.0,478,the,2198,2201,equal,True,Equal,17,,False,False,BGZZHTXS_s017,
BGZZHTXS,479.0,top,2202.0,2205.0,479,top,2202,2205,equal,True,Equal,17,,False,False,BGZZHTXS_s017,
BGZZHTXS,480.0,",",2205.0,2206.0,480,",",2205,2206,equal,True,Equal,17,,False,False,BGZZHTXS_s017,
BGZZHTXS,481.0,and,2207.0,2210.0,481,and,2207,2210,equal,True,Equal,17,,False,False,BGZZHTXS_s017,
BGZZHTXS,482.0,that,2211.0,2215.0,482,that,2211,2215,equal,True,Equal,17,,False,False,BGZZHTXS_s017,
BGZZHTXS,483.0,he,2216.0,2218.0,483,he,2216,2218,equal,True,Equal,17,,False,False,BGZZHTXS_s017,
BGZZHTXS,484.0,did,2219.0,2222.0,484,did,2219,2222,equal,True,Equal,17,,False,False,BGZZHTXS_s017,
BGZZHTXS,485.0,.,2222.0,2223.0,485,.,2222,2223,equal,True,Equal,17,Sentence Ending,False,False,BGZZHTXS_s017,Correct Ending
BGZZHTXS,486.0,He,2224.0,2226.0,486,He,2224,2226,equal,True,Equal,18,Sentence Beginning,False,False,BGZZHTXS_s018,Correct Beginning
BGZZHTXS,487.0,created,2227.0,2234.0,487,created,2227,2234,equal,True,Equal,18,,False,False,BGZZHTXS_s018,
BGZZHTXS,488.0,a,2235.0,2236.0,488,a,2235,2236,equal,True,Equal,18,,False,False,BGZZHTXS_s018,
BGZZHTXS,489.0,glider,2237.0,2243.0,489,glider,2237,2243,equal,True,Equal,18,,False,False,BGZZHTXS_s018,
BGZZHTXS,490.0,",",2243.0,2244.0,490,",",2243,2244,equal,True,Equal,18,,False,False,BGZZHTXS_s018,
BGZZHTXS,491.0,put,2245.0,2248.0,491,put,2245,2248,equal,True,Equal,18,,False,False,BGZZHTXS_s018,
BGZZHTXS,492.0,it,2249.0,2251.0,492,it,2249,2251,equal,True,Equal,18,,False,False,BGZZHTXS_s018,
BGZZHTXS,493.0,on,2252.0,2254.0,493,on,2252,2254,equal,True,Equal,18,,False,False,BGZZHTXS_s018,
BGZZHTXS,494.0,",",2254.0,2255.0,494,",",2254,2255,equal,True,Equal,18,,False,False,BGZZHTXS_s018,
BGZZHTXS,495.0,jumped,2256.0,2262.0,495,jumped,2256,2262,equal,True,Equal,18,,False,False,BGZZHTXS_s018,
BGZZHTXS,496.0,to,2263.0,2265.0,496,to,2263,2265,equal,True,Equal,18,,False,False,BGZZHTXS_s018,
BGZZHTXS,497.0,the,2266.0,2269.0,497,the,2266,2269,equal,True,Equal,18,,False,False,BGZZHTXS_s018,
BGZZHTXS,498.0,west,2270.0,2274.0,498,west,2270,2274,equal,True,Equal,18,,False,False,BGZZHTXS_s018,
BGZZHTXS,499.0,dodging,2275.0,2282.0,499,dodging,2275,2282,equal,True,Equal,18,,False,False,BGZZHTXS_s018,
BGZZHTXS,500.0,all,2283.0,2286.0,500,all,2283,2286,equal,True,Equal,18,,False,False,BGZZHTXS_s018,
BGZZHTXS,501.0,soliders,2287.0,2295.0,501,soliders,2287,2295,equal,True,Equal,18,,False,False,BGZZHTXS_s018,
BGZZHTXS,502.0,and,2296.0,2299.0,502,and,2296,2299,equal,True,Equal,18,,False,False,BGZZHTXS_s018,
BGZZHTXS,503.0,ran,2300.0,2303.0,503,ran,2300,2303,equal,True,Equal,18,,False,False,BGZZHTXS_s018,
BGZZHTXS,504.0,to,2304.0,2306.0,504,to,2304,2306,equal,True,Equal,18,,False,False,BGZZHTXS_s018,
BGZZHTXS,505.0,his,2307.0,2310.0,505,his,2307,2310,equal,True,Equal,18,,False,False,BGZZHTXS_s018,
BGZZHTXS,506.0,father,2311.0,2317.0,506,father,2311,2317,equal,True,Equal,18,,False,False,BGZZHTXS_s018,
BGZZHTXS,507.0,and,2318.0,2321.0,507,and,2318,2321,equal,True,Equal,18,,False,False,BGZZHTXS_s018,
BGZZHTXS,508.0,they,2322.0,2326.0,508,they,2322,2326,equal,True,Equal,18,,False,False,BGZZHTXS_s018,
BGZZHTXS,509.0,all,2327.0,2330.0,509,all,2327,2330,equal,True,Equal,18,,False,False,BGZZHTXS_s018,
BGZZHTXS,510.0,lived,2331.0,2336.0,510,lived,2331,2336,equal,True,Equal,18,,False,False,BGZZHTXS_s018,
BGZZHTXS,511.0,happily,2337.0,2344.0,511,happily,2337,2344,equal,True,Equal,18,,False,False,BGZZHTXS_s018,
BGZZHTXS,512.0,ever,2345.0,2349.0,512,ever,2345,2349,equal,True,Equal,18,,False,False,BGZZHTXS_s018,
BGZZHTXS,513.0,after,2350.0,2355.0,513,after,2350,2355,equal,True,Equal,18,,False,False,BGZZHTXS_s018,
BGZZHTXS,514.0,.,2355.0,2356.0,514,.,2355,2356,equal,True,Equal,18,Sentence Ending,False,False,BGZZHTXS_s018,Correct Ending
BHLQHBRW,0.0,The,0.0,3.0,0,The,0,3,equal,True,Equal,0,Sentence Beginning,False,False,BHLQHBRW_s000,Correct Beginning
BHLQHBRW,1.0,search,4.0,10.0,1,search,4,10,equal,True,Equal,0,,False,False,BHLQHBRW_s000,
BHLQHBRW,2.0,"""",11.0,12.0,2,"""",11,12,equal,True,Equal,0,,False,False,BHLQHBRW_s000,
BHLQHBRW,3.0,Come,12.0,16.0,3,Come,12,16,equal,True,Equal,0,,False,False,BHLQHBRW_s000,
BHLQHBRW,4.0,on,17.0,19.0,4,on,17,19,equal,True,Equal,0,,False,False,BHLQHBRW_s000,
BHLQHBRW,5.0,kids,20.0,24.0,5,kids,20,24,equal,True,Equal,0,,False,False,BHLQHBRW_s000,
BHLQHBRW,6.0,",",24.0,25.0,6,",",24,25,equal,True,Equal,0,,False,False,BHLQHBRW_s000,
BHLQHBRW,7.0,let,26.0,29.0,7,let,26,29,equal,True,Equal,0,,False,False,BHLQHBRW_s000,
BHLQHBRW,8.0,me,30.0,32.0,8,me,30,32,equal,True,Equal,0,,False,False,BHLQHBRW_s000,
BHLQHBRW,9.0,tell,33.0,37.0,9,tell,33,37,equal,True,Equal,0,,False,False,BHLQHBRW_s000,
BHLQHBRW,10.0,you,38.0,41.0,10,you,38,41,equal,True,Equal,0,,False,False,BHLQHBRW_s000,
BHLQHBRW,11.0,the,42.0,45.0,11,the,42,45,equal,True,Equal,0,,False,False,BHLQHBRW_s000,
BHLQHBRW,12.0,story,46.0,51.0,12,story,46,51,equal,True,Equal,0,,False,False,BHLQHBRW_s000,
BHLQHBRW,13.0,of,52.0,54.0,13,of,52,54,equal,True,Equal,0,,False,False,BHLQHBRW_s000,
BHLQHBRW,14.0,the,55.0,58.0,14,the,55,58,equal,True,Equal,0,,False,False,BHLQHBRW_s000,
BHLQHBRW,15.0,day,59.0,62.0,15,day,59,62,equal,True,Equal,0,,False,False,BHLQHBRW_s000,
BHLQHBRW,16.0,I,63.0,64.0,16,I,63,64,equal,True,Equal,0,,False,False,BHLQHBRW_s000,
BHLQHBRW,17.0,went,65.0,69.0,17,went,65,69,equal,True,Equal,0,,False,False,BHLQHBRW_s000,
BHLQHBRW,18.0,to,70.0,72.0,18,to,70,72,equal,True,Equal,0,,False,False,BHLQHBRW_s000,
BHLQHBRW,19.0,Mars,73.0,77.0,19,Mars,73,77,equal,True,Equal,0,,False,False,BHLQHBRW_s000,
BHLQHBRW,20.0,in,78.0,80.0,20,in,78,80,equal,True,Equal,0,,False,False,BHLQHBRW_s000,
BHLQHBRW,21.0,search,81.0,87.0,21,search,81,87,equal,True,Equal,0,,False,False,BHLQHBRW_s000,
BHLQHBRW,22.0,of,88.0,90.0,22,of,88,90,equal,True,Equal,0,,False,False,BHLQHBRW_s000,
BHLQHBRW,23.0,the,91.0,94.0,23,the,91,94,equal,True,Equal,0,,False,False,BHLQHBRW_s000,
BHLQHBRW,24.0,most,95.0,99.0,24,most,95,99,equal,True,Equal,0,,False,False,BHLQHBRW_s000,
BHLQHBRW,25.0,rare,100.0,104.0,25,rare,100,104,equal,True,Equal,0,,False,False,BHLQHBRW_s000,
BHLQHBRW,26.0,item,105.0,109.0,26,item,105,109,equal,True,Equal,0,,False,False,BHLQHBRW_s000,
BHLQHBRW,27.0,in,110.0,112.0,27,in,110,112,equal,True,Equal,0,,False,False,BHLQHBRW_s000,
BHLQHBRW,28.0,the,113.0,116.0,28,the,113,116,equal,True,Equal,0,,False,False,BHLQHBRW_s000,
BHLQHBRW,29.0,universe,117.0,125.0,29,universe,117,125,equal,True,Equal,0,,False,False,BHLQHBRW_s000,
BHLQHBRW,30.0,",",125.0,126.0,30,",",125,126,equal,True,Equal,0,,False,False,BHLQHBRW_s000,
BHLQHBRW,31.0,"""",126.0,127.0,31,"""",126,127,equal,True,Equal,0,,False,False,BHLQHBRW_s000,
BHLQHBRW,32.0,Martha,128.0,134.0,32,Martha,128,134,equal,True,Equal,0,,False,False,BHLQHBRW_s000,
BHLQHBRW,33.0,Herry,135.0,140.0,33,Herry,135,140,equal,True,Equal,0,,False,False,BHLQHBRW_s000,
BHLQHBRW,34.0,said,141.0,145.0,34,said,141,145,equal,True,Equal,0,,False,False,BHLQHBRW_s000,
BHLQHBRW,35.0,as,146.0,148.0,35,as,146,148,equal,True,Equal,0,,False,False,BHLQHBRW_s000,
BHLQHBRW,36.0,she,149.0,152.0,36,she,149,152,equal,True,Equal,0,,False,False,BHLQHBRW_s000,
BHLQHBRW,37.0,tucked,153.0,159.0,37,tucked,153,159,equal,True,Equal,0,,False,False,BHLQHBRW_s000,
BHLQHBRW,38.0,her,160.0,163.0,38,her,160,163,equal,True,Equal,0,,False,False,BHLQHBRW_s000,
BHLQHBRW,39.0,children,164.0,172.0,39,children,164,172,equal,True,Equal,0,,False,False,BHLQHBRW_s000,
BHLQHBRW,40.0,into,173.0,177.0,40,into,173,177,equal,True,Equal,0,,False,False,BHLQHBRW_s000,
BHLQHBRW,41.0,bed,178.0,181.0,41,bed,178,181,equal,True,Equal,0,,False,False,BHLQHBRW_s000,
BHLQHBRW,42.0,.,181.0,182.0,42,.,181,182,equal,True,Equal,0,Sentence Ending,False,False,BHLQHBRW_s000,Correct Ending
BHLQHBRW,43.0,"""",183.0,184.0,43,"""",183,184,equal,True,Equal,1,,False,False,BHLQHBRW_s001,
BHLQHBRW,44.0,This,184.0,188.0,44,This,184,188,equal,True,Equal,1,Sentence Beginning,False,False,BHLQHBRW_s001,Correct Beginning
BHLQHBRW,45.0,is,189.0,191.0,45,is,189,191,equal,True,Equal,1,,False,False,BHLQHBRW_s001,
BHLQHBRW,46.0,one,192.0,195.0,46,one,192,195,equal,True,Equal,1,,False,False,BHLQHBRW_s001,
BHLQHBRW,47.0,long,196.0,200.0,47,long,196,200,equal,True,Equal,1,,False,False,BHLQHBRW_s001,
BHLQHBRW,48.0,story,201.0,206.0,48,story,201,206,equal,True,Equal,1,,False,False,BHLQHBRW_s001,
BHLQHBRW,49.0,.,206.0,207.0,49,.,206,207,equal,True,Equal,1,Sentence Ending,False,False,BHLQHBRW_s001,Correct Ending
BHLQHBRW,50.0,.,207.0,208.0,50,.,207,208,equal,True,Equal,2,Sentence Ending,False,False,BHLQHBRW_s002,Correct Ending
BHLQHBRW,51.0,.,208.0,209.0,51,.,208,209,equal,True,Equal,3,Sentence Ending,False,False,BHLQHBRW_s003,Correct Ending
BHLQHBRW,52.0,"""",209.0,210.0,52,"""",209,210,equal,True,Equal,4,,False,False,BHLQHBRW_s004,
BHLQHBRW,53.0,It,211.0,213.0,53,It,211,213,equal,True,Equal,4,Sentence Beginning,False,False,BHLQHBRW_s004,Correct Beginning
BHLQHBRW,54.0,was,214.0,217.0,54,was,214,217,equal,True,Equal,4,,False,False,BHLQHBRW_s004,
BHLQHBRW,55.0,March,218.0,223.0,55,March,218,223,equal,True,Equal,4,,False,False,BHLQHBRW_s004,
BHLQHBRW,56.0,19th,224.0,228.0,56,19th,224,228,equal,True,Equal,4,,False,False,BHLQHBRW_s004,
BHLQHBRW,57.0,",",228.0,229.0,57,",",228,229,equal,True,Equal,4,,False,False,BHLQHBRW_s004,
BHLQHBRW,58.0,3202,230.0,234.0,58,3202,230,234,equal,True,Equal,4,,False,False,BHLQHBRW_s004,
BHLQHBRW,59.0,.,234.0,235.0,59,.,234,235,equal,True,Equal,4,Sentence Ending,False,False,BHLQHBRW_s004,Correct Ending
BHLQHBRW,60.0,Everyone,236.0,244.0,60,Everyone,236,244,equal,True,Equal,5,Sentence Beginning,False,False,BHLQHBRW_s005,Correct Beginning
BHLQHBRW,61.0,had,245.0,248.0,61,had,245,248,equal,True,Equal,5,,False,False,BHLQHBRW_s005,
BHLQHBRW,62.0,to,249.0,251.0,62,to,249,251,equal,True,Equal,5,,False,False,BHLQHBRW_s005,
BHLQHBRW,63.0,evacuate,252.0,260.0,63,evacuate,252,260,equal,True,Equal,5,,False,False,BHLQHBRW_s005,
BHLQHBRW,64.0,Earth,261.0,266.0,64,Earth,261,266,equal,True,Equal,5,,False,False,BHLQHBRW_s005,
BHLQHBRW,65.0,due,267.0,270.0,65,due,267,270,equal,True,Equal,5,,False,False,BHLQHBRW_s005,
BHLQHBRW,66.0,to,271.0,273.0,66,to,271,273,equal,True,Equal,5,,False,False,BHLQHBRW_s005,
BHLQHBRW,67.0,the,274.0,277.0,67,the,274,277,equal,True,Equal,5,,False,False,BHLQHBRW_s005,
BHLQHBRW,68.0,shortage,278.0,286.0,68,shortage,278,286,equal,True,Equal,5,,False,False,BHLQHBRW_s005,
BHLQHBRW,69.0,of,287.0,289.0,69,of,287,289,equal,True,Equal,5,,False,False,BHLQHBRW_s005,
BHLQHBRW,70.0,air,290.0,293.0,70,air,290,293,equal,True,Equal,5,,False,False,BHLQHBRW_s005,
BHLQHBRW,71.0,",",293.0,294.0,71,",",293,294,equal,True,Equal,5,,False,False,BHLQHBRW_s005,
BHLQHBRW,72.0,but,295.0,298.0,72,but,295,298,equal,True,Equal,5,,False,False,BHLQHBRW_s005,
BHLQHBRW,73.0,the,299.0,302.0,73,the,299,302,equal,True,Equal,5,,False,False,BHLQHBRW_s005,
BHLQHBRW,74.0,only,303.0,307.0,74,only,303,307,equal,True,Equal,5,,False,False,BHLQHBRW_s005,
BHLQHBRW,75.0,other,308.0,313.0,75,other,308,313,equal,True,Equal,5,,False,False,BHLQHBRW_s005,
BHLQHBRW,76.0,planet,314.0,320.0,76,planet,314,320,equal,True,Equal,5,,False,False,BHLQHBRW_s005,
BHLQHBRW,77.0,with,321.0,325.0,77,with,321,325,equal,True,Equal,5,,False,False,BHLQHBRW_s005,
BHLQHBRW,78.0,enough,326.0,332.0,78,enough,326,332,equal,True,Equal,5,,False,False,BHLQHBRW_s005,
BHLQHBRW,79.0,air,333.0,336.0,79,air,333,336,equal,True,Equal,5,,False,False,BHLQHBRW_s005,
BHLQHBRW,80.0,to,337.0,339.0,80,to,337,339,equal,True,Equal,5,,False,False,BHLQHBRW_s005,
BHLQHBRW,81.0,sustain,340.0,347.0,81,sustain,340,347,equal,True,Equal,5,,False,False,BHLQHBRW_s005,
BHLQHBRW,82.0,the,348.0,351.0,82,the,348,351,equal,True,Equal,5,,False,False,BHLQHBRW_s005,
BHLQHBRW,83.0,human,352.0,357.0,83,human,352,357,equal,True,Equal,5,,False,False,BHLQHBRW_s005,
BHLQHBRW,84.0,race,358.0,362.0,84,race,358,362,equal,True,Equal,5,,False,False,BHLQHBRW_s005,
BHLQHBRW,85.0,was,363.0,366.0,85,was,363,366,equal,True,Equal,5,,False,False,BHLQHBRW_s005,
BHLQHBRW,86.0,covered,367.0,374.0,86,covered,367,374,equal,True,Equal,5,,False,False,BHLQHBRW_s005,
BHLQHBRW,87.0,in,375.0,377.0,87,in,375,377,equal,True,Equal,5,,False,False,BHLQHBRW_s005,
BHLQHBRW,88.0,hostile,378.0,385.0,88,hostile,378,385,equal,True,Equal,5,,False,False,BHLQHBRW_s005,
BHLQHBRW,89.0,alien,386.0,391.0,89,alien,386,391,equal,True,Equal,5,,False,False,BHLQHBRW_s005,
BHLQHBRW,90.0,creatures,392.0,401.0,90,creatures,392,401,equal,True,Equal,5,,False,False,BHLQHBRW_s005,
BHLQHBRW,91.0,.,401.0,402.0,91,.,401,402,equal,True,Equal,5,Sentence Ending,False,False,BHLQHBRW_s005,Correct Ending
BHLQHBRW,92.0,Sure,403.0,407.0,92,Sure,403,407,equal,True,Equal,6,Sentence Beginning,False,False,BHLQHBRW_s006,Correct Beginning
BHLQHBRW,93.0,the,408.0,411.0,93,the,408,411,equal,True,Equal,6,,False,False,BHLQHBRW_s006,
BHLQHBRW,94.0,terms,412.0,417.0,94,terms,412,417,equal,True,Equal,6,,False,False,BHLQHBRW_s006,
BHLQHBRW,95.0,',418.0,419.0,95,',418,419,equal,True,Equal,6,,False,False,BHLQHBRW_s006,
BHLQHBRW,96.0,alien,419.0,424.0,96,alien,419,424,equal,True,Equal,6,,False,False,BHLQHBRW_s006,
BHLQHBRW,97.0,',424.0,425.0,97,',424,425,equal,True,Equal,6,,False,False,BHLQHBRW_s006,
BHLQHBRW,98.0,and,426.0,429.0,98,and,426,429,equal,True,Equal,6,,False,False,BHLQHBRW_s006,
BHLQHBRW,99.0,',430.0,431.0,99,',430,431,equal,True,Equal,6,,False,False,BHLQHBRW_s006,
BHLQHBRW,100.0,creature,431.0,439.0,100,creature,431,439,equal,True,Equal,6,,False,False,BHLQHBRW_s006,
BHLQHBRW,101.0,',439.0,440.0,101,',439,440,equal,True,Equal,6,,False,False,BHLQHBRW_s006,
BHLQHBRW,102.0,were,441.0,445.0,102,were,441,445,equal,True,Equal,6,,False,False,BHLQHBRW_s006,
BHLQHBRW,103.0,a,446.0,447.0,103,a,446,447,equal,True,Equal,6,,False,False,BHLQHBRW_s006,
BHLQHBRW,104.0,little,448.0,454.0,104,little,448,454,equal,True,Equal,6,,False,False,BHLQHBRW_s006,
BHLQHBRW,105.0,outdated,455.0,463.0,105,outdated,455,463,equal,True,Equal,6,,False,False,BHLQHBRW_s006,
BHLQHBRW,106.0,for,464.0,467.0,106,for,464,467,equal,True,Equal,6,,False,False,BHLQHBRW_s006,
BHLQHBRW,107.0,most,468.0,472.0,107,most,468,472,equal,True,Equal,6,,False,False,BHLQHBRW_s006,
BHLQHBRW,108.0,people,473.0,479.0,108,people,473,479,equal,True,Equal,6,,False,False,BHLQHBRW_s006,
BHLQHBRW,109.0,",",479.0,480.0,109,",",479,480,equal,True,Equal,6,,False,False,BHLQHBRW_s006,
BHLQHBRW,110.0,but,481.0,484.0,110,but,481,484,equal,True,Equal,6,,False,False,BHLQHBRW_s006,
BHLQHBRW,111.0,it,485.0,487.0,111,it,485,487,equal,True,Equal,6,,False,False,BHLQHBRW_s006,
BHLQHBRW,112.0,was,488.0,491.0,112,was,488,491,equal,True,Equal,6,,False,False,BHLQHBRW_s006,
BHLQHBRW,113.0,the,492.0,495.0,113,the,492,495,equal,True,Equal,6,,False,False,BHLQHBRW_s006,
BHLQHBRW,114.0,only,496.0,500.0,114,only,496,500,equal,True,Equal,6,,False,False,BHLQHBRW_s006,
BHLQHBRW,115.0,way,501.0,504.0,115,way,501,504,equal,True,Equal,6,,False,False,BHLQHBRW_s006,
BHLQHBRW,116.0,you,505.0,508.0,116,you,505,508,equal,True,Equal,6,,False,False,BHLQHBRW_s006,
BHLQHBRW,117.0,could,509.0,514.0,117,could,509,514,equal,True,Equal,6,,False,False,BHLQHBRW_s006,
BHLQHBRW,118.0,describe,515.0,523.0,118,describe,515,523,equal,True,Equal,6,,False,False,BHLQHBRW_s006,
BHLQHBRW,119.0,those,524.0,529.0,119,those,524,529,equal,True,Equal,6,,False,False,BHLQHBRW_s006,
BHLQHBRW,120.0,horrifying,530.0,540.0,120,horrifying,530,540,equal,True,Equal,6,,False,False,BHLQHBRW_s006,
BHLQHBRW,121.0,creatures,541.0,550.0,121,creatures,541,550,equal,True,Equal,6,,False,False,BHLQHBRW_s006,
BHLQHBRW,122.0,.,550.0,551.0,122,.,550,551,equal,True,Equal,6,Sentence Ending,False,False,BHLQHBRW_s006,Correct Ending
BHLQHBRW,123.0,They,552.0,556.0,123,They,552,556,equal,True,Equal,7,Sentence Beginning,False,False,BHLQHBRW_s007,Correct Beginning
BHLQHBRW,124.0,had,557.0,560.0,124,had,557,560,equal,True,Equal,7,,False,False,BHLQHBRW_s007,
BHLQHBRW,125.0,a,561.0,562.0,125,a,561,562,equal,True,Equal,7,,False,False,BHLQHBRW_s007,
BHLQHBRW,126.0,long,563.0,567.0,126,long,563,567,equal,True,Equal,7,,False,False,BHLQHBRW_s007,
BHLQHBRW,127.0,",",567.0,568.0,127,",",567,568,equal,True,Equal,7,,False,False,BHLQHBRW_s007,
BHLQHBRW,128.0,thin,569.0,573.0,128,thin,569,573,equal,True,Equal,7,,False,False,BHLQHBRW_s007,
BHLQHBRW,129.0,",",573.0,574.0,129,",",573,574,equal,True,Equal,7,,False,False,BHLQHBRW_s007,
BHLQHBRW,130.0,parchment,575.0,584.0,130,parchment,575,584,equal,True,Equal,7,,False,False,BHLQHBRW_s007,
BHLQHBRW,131.0,white,585.0,590.0,131,white,585,590,equal,True,Equal,7,,False,False,BHLQHBRW_s007,
BHLQHBRW,132.0,body,591.0,595.0,132,body,591,595,equal,True,Equal,7,,False,False,BHLQHBRW_s007,
BHLQHBRW,133.0,.,595.0,596.0,133,.,595,596,equal,True,Equal,7,Sentence Ending,False,False,BHLQHBRW_s007,Correct Ending
BHLQHBRW,134.0,The,597.0,600.0,134,The,597,600,equal,True,Equal,8,Sentence Beginning,False,False,BHLQHBRW_s008,Correct Beginning
BHLQHBRW,135.0,more,601.0,605.0,135,more,601,605,equal,True,Equal,8,,False,False,BHLQHBRW_s008,
BHLQHBRW,136.0,private,606.0,613.0,136,private,606,613,equal,True,Equal,8,,False,False,BHLQHBRW_s008,
BHLQHBRW,137.0,areas,614.0,619.0,137,areas,614,619,equal,True,Equal,8,,False,False,BHLQHBRW_s008,
BHLQHBRW,138.0,of,620.0,622.0,138,of,620,622,equal,True,Equal,8,,False,False,BHLQHBRW_s008,
BHLQHBRW,139.0,their,623.0,628.0,139,their,623,628,equal,True,Equal,8,,False,False,BHLQHBRW_s008,
BHLQHBRW,140.0,bodies,629.0,635.0,140,bodies,629,635,equal,True,Equal,8,,False,False,BHLQHBRW_s008,
BHLQHBRW,141.0,were,636.0,640.0,141,were,636,640,equal,True,Equal,8,,False,False,BHLQHBRW_s008,
BHLQHBRW,142.0,covered,641.0,648.0,142,covered,641,648,equal,True,Equal,8,,False,False,BHLQHBRW_s008,
BHLQHBRW,143.0,in,649.0,651.0,143,in,649,651,equal,True,Equal,8,,False,False,BHLQHBRW_s008,
BHLQHBRW,144.0,long,652.0,656.0,144,long,652,656,equal,True,Equal,8,,False,False,BHLQHBRW_s008,
BHLQHBRW,145.0,",",656.0,657.0,145,",",656,657,equal,True,Equal,8,,False,False,BHLQHBRW_s008,
BHLQHBRW,146.0,thick,658.0,663.0,146,thick,658,663,equal,True,Equal,8,,False,False,BHLQHBRW_s008,
BHLQHBRW,147.0,",",663.0,664.0,147,",",663,664,equal,True,Equal,8,,False,False,BHLQHBRW_s008,
BHLQHBRW,148.0,black,665.0,670.0,148,black,665,670,equal,True,Equal,8,,False,False,BHLQHBRW_s008,
BHLQHBRW,149.0,tenticeles,671.0,681.0,149,tenticeles,671,681,equal,True,Equal,8,,False,False,BHLQHBRW_s008,
BHLQHBRW,150.0,which,682.0,687.0,150,which,682,687,equal,True,Equal,8,,False,False,BHLQHBRW_s008,
BHLQHBRW,151.0,had,688.0,691.0,151,had,688,691,equal,True,Equal,8,,False,False,BHLQHBRW_s008,
BHLQHBRW,152.0,a,692.0,693.0,152,a,692,693,equal,True,Equal,8,,False,False,BHLQHBRW_s008,
BHLQHBRW,153.0,second,694.0,700.0,153,second,694,700,equal,True,Equal,8,,False,False,BHLQHBRW_s008,
BHLQHBRW,154.0,use,701.0,704.0,154,use,701,704,equal,True,Equal,8,,False,False,BHLQHBRW_s008,
BHLQHBRW,155.0,;,704.0,705.0,155,;,704,705,equal,True,Equal,8,,False,False,BHLQHBRW_s008,
BHLQHBRW,156.0,to,706.0,708.0,156,to,706,708,equal,True,Equal,8,,False,False,BHLQHBRW_s008,
BHLQHBRW,157.0,strangle,709.0,717.0,157,strangle,709,717,equal,True,Equal,8,,False,False,BHLQHBRW_s008,
BHLQHBRW,158.0,and,718.0,721.0,158,and,718,721,equal,True,Equal,8,,False,False,BHLQHBRW_s008,
BHLQHBRW,159.0,tear,722.0,726.0,159,tear,722,726,equal,True,Equal,8,,False,False,BHLQHBRW_s008,
BHLQHBRW,160.0,apart,727.0,732.0,160,apart,727,732,equal,True,Equal,8,,False,False,BHLQHBRW_s008,
BHLQHBRW,161.0,their,733.0,738.0,161,their,733,738,equal,True,Equal,8,,False,False,BHLQHBRW_s008,
BHLQHBRW,162.0,prey,739.0,743.0,162,prey,739,743,equal,True,Equal,8,,False,False,BHLQHBRW_s008,
BHLQHBRW,163.0,.,743.0,744.0,163,.,743,744,equal,True,Equal,8,Sentence Ending,False,False,BHLQHBRW_s008,Correct Ending
BHLQHBRW,164.0,No,745.0,747.0,164,No,745,747,equal,True,Equal,9,Sentence Beginning,False,False,BHLQHBRW_s009,Correct Beginning
BHLQHBRW,165.0,one,748.0,751.0,165,one,748,751,equal,True,Equal,9,,False,False,BHLQHBRW_s009,
BHLQHBRW,166.0,could,752.0,757.0,166,could,752,757,equal,True,Equal,9,,False,False,BHLQHBRW_s009,
BHLQHBRW,167.0,ever,758.0,762.0,167,ever,758,762,equal,True,Equal,9,,False,False,BHLQHBRW_s009,
BHLQHBRW,168.0,hope,763.0,767.0,168,hope,763,767,equal,True,Equal,9,,False,False,BHLQHBRW_s009,
BHLQHBRW,169.0,to,768.0,770.0,169,to,768,770,equal,True,Equal,9,,False,False,BHLQHBRW_s009,
BHLQHBRW,170.0,find,771.0,775.0,170,find,771,775,equal,True,Equal,9,,False,False,BHLQHBRW_s009,
BHLQHBRW,171.0,peace,776.0,781.0,171,peace,776,781,equal,True,Equal,9,,False,False,BHLQHBRW_s009,
BHLQHBRW,172.0,with,782.0,786.0,172,with,782,786,equal,True,Equal,9,,False,False,BHLQHBRW_s009,
BHLQHBRW,173.0,these,787.0,792.0,173,these,787,792,equal,True,Equal,9,,False,False,BHLQHBRW_s009,
BHLQHBRW,174.0,creatures,793.0,802.0,174,creatures,793,802,equal,True,Equal,9,,False,False,BHLQHBRW_s009,
BHLQHBRW,175.0,.,802.0,803.0,175,.,802,803,equal,True,Equal,9,Sentence Ending,False,False,BHLQHBRW_s009,Correct Ending
BHLQHBRW,176.0,Except,804.0,810.0,176,Except,804,810,equal,True,Equal,10,Sentence Beginning,False,False,BHLQHBRW_s010,Correct Beginning
BHLQHBRW,177.0,",",810.0,811.0,177,",",810,811,equal,True,Equal,10,,False,False,BHLQHBRW_s010,
BHLQHBRW,178.0,of,812.0,814.0,178,of,812,814,equal,True,Equal,10,,False,False,BHLQHBRW_s010,
BHLQHBRW,179.0,course,815.0,821.0,179,course,815,821,equal,True,Equal,10,,False,False,BHLQHBRW_s010,
BHLQHBRW,180.0,",",821.0,822.0,180,",",821,822,equal,True,Equal,10,,False,False,BHLQHBRW_s010,
BHLQHBRW,181.0,one,823.0,826.0,181,one,823,826,equal,True,Equal,10,,False,False,BHLQHBRW_s010,
BHLQHBRW,182.0,particular,827.0,837.0,182,particular,827,837,equal,True,Equal,10,,False,False,BHLQHBRW_s010,
BHLQHBRW,183.0,item,838.0,842.0,183,item,838,842,equal,True,Equal,10,,False,False,BHLQHBRW_s010,
BHLQHBRW,184.0,which,843.0,848.0,184,which,843,848,equal,True,Equal,10,,False,False,BHLQHBRW_s010,
BHLQHBRW,185.0,could,849.0,854.0,185,could,849,854,equal,True,Equal,10,,False,False,BHLQHBRW_s010,
BHLQHBRW,186.0,make,855.0,859.0,186,make,855,859,equal,True,Equal,10,,False,False,BHLQHBRW_s010,
BHLQHBRW,187.0,them,860.0,864.0,187,them,860,864,equal,True,Equal,10,,False,False,BHLQHBRW_s010,
BHLQHBRW,188.0,peaceful,865.0,873.0,188,peaceful,865,873,equal,True,Equal,10,,False,False,BHLQHBRW_s010,
BHLQHBRW,189.0,.,873.0,874.0,189,.,873,874,equal,True,Equal,10,Sentence Ending,False,False,BHLQHBRW_s010,Correct Ending
BHLQHBRW,190.0,However,875.0,882.0,190,However,875,882,equal,True,Equal,11,Sentence Beginning,False,False,BHLQHBRW_s011,Correct Beginning
BHLQHBRW,191.0,",",882.0,883.0,191,",",882,883,equal,True,Equal,11,,False,False,BHLQHBRW_s011,
BHLQHBRW,192.0,it,884.0,886.0,192,it,884,886,equal,True,Equal,11,,False,False,BHLQHBRW_s011,
BHLQHBRW,193.0,was,887.0,890.0,193,was,887,890,equal,True,Equal,11,,False,False,BHLQHBRW_s011,
BHLQHBRW,194.0,lost,891.0,895.0,194,lost,891,895,equal,True,Equal,11,,False,False,BHLQHBRW_s011,
BHLQHBRW,195.0,centuries,896.0,905.0,195,centuries,896,905,equal,True,Equal,11,,False,False,BHLQHBRW_s011,
BHLQHBRW,196.0,ago,906.0,909.0,196,ago,906,909,equal,True,Equal,11,,False,False,BHLQHBRW_s011,
BHLQHBRW,197.0,",",909.0,910.0,197,",",909,910,equal,True,Equal,11,,False,False,BHLQHBRW_s011,
BHLQHBRW,198.0,and,911.0,914.0,198,and,911,914,equal,True,Equal,11,,False,False,BHLQHBRW_s011,
BHLQHBRW,199.0,its,915.0,918.0,199,its,915,918,equal,True,Equal,11,,False,False,BHLQHBRW_s011,
BHLQHBRW,200.0,existence,919.0,928.0,200,existence,919,928,equal,True,Equal,11,,False,False,BHLQHBRW_s011,
BHLQHBRW,201.0,was,929.0,932.0,201,was,929,932,equal,True,Equal,11,,False,False,BHLQHBRW_s011,
BHLQHBRW,202.0,only,933.0,937.0,202,only,933,937,equal,True,Equal,11,,False,False,BHLQHBRW_s011,
BHLQHBRW,203.0,found,938.0,943.0,203,found,938,943,equal,True,Equal,11,,False,False,BHLQHBRW_s011,
BHLQHBRW,204.0,recently,944.0,952.0,204,recently,944,952,equal,True,Equal,11,,False,False,BHLQHBRW_s011,
BHLQHBRW,205.0,.,952.0,953.0,205,.,952,953,equal,True,Equal,11,Sentence Ending,False,False,BHLQHBRW_s011,Correct Ending
BHLQHBRW,206.0,I,954.0,955.0,206,I,954,955,equal,True,Equal,12,Sentence Beginning,False,False,BHLQHBRW_s012,Correct Beginning
BHLQHBRW,207.0,",",955.0,956.0,207,",",955,956,equal,True,Equal,12,,False,False,BHLQHBRW_s012,
BHLQHBRW,208.0,however,957.0,964.0,208,however,957,964,equal,True,Equal,12,,False,False,BHLQHBRW_s012,
BHLQHBRW,209.0,",",964.0,965.0,209,",",964,965,equal,True,Equal,12,,False,False,BHLQHBRW_s012,
BHLQHBRW,210.0,Martha,966.0,972.0,210,Martha,966,972,equal,True,Equal,12,,False,False,BHLQHBRW_s012,
BHLQHBRW,211.0,Herry,973.0,978.0,211,Herry,973,978,equal,True,Equal,12,,False,False,BHLQHBRW_s012,
BHLQHBRW,212.0,",",978.0,979.0,212,",",978,979,equal,True,Equal,12,,False,False,BHLQHBRW_s012,
BHLQHBRW,213.0,was,980.0,983.0,213,was,980,983,equal,True,Equal,12,,False,False,BHLQHBRW_s012,
BHLQHBRW,214.0,put,984.0,987.0,214,put,984,987,equal,True,Equal,12,,False,False,BHLQHBRW_s012,
BHLQHBRW,215.0,to,988.0,990.0,215,to,988,990,equal,True,Equal,12,,False,False,BHLQHBRW_s012,
BHLQHBRW,216.0,the,991.0,994.0,216,the,991,994,equal,True,Equal,12,,False,False,BHLQHBRW_s012,
BHLQHBRW,217.0,task,995.0,999.0,217,task,995,999,equal,True,Equal,12,,False,False,BHLQHBRW_s012,
BHLQHBRW,218.0,of,1000.0,1002.0,218,of,1000,1002,equal,True,Equal,12,,False,False,BHLQHBRW_s012,
BHLQHBRW,219.0,locating,1003.0,1011.0,219,locating,1003,1011,equal,True,Equal,12,,False,False,BHLQHBRW_s012,
BHLQHBRW,220.0,this,1012.0,1016.0,220,this,1012,1016,equal,True,Equal,12,,False,False,BHLQHBRW_s012,
BHLQHBRW,221.0,object,1017.0,1023.0,221,object,1017,1023,equal,True,Equal,12,,False,False,BHLQHBRW_s012,
BHLQHBRW,222.0,and,1024.0,1027.0,222,and,1024,1027,equal,True,Equal,12,,False,False,BHLQHBRW_s012,
BHLQHBRW,223.0,saving,1028.0,1034.0,223,saving,1028,1034,equal,True,Equal,12,,False,False,BHLQHBRW_s012,
BHLQHBRW,224.0,mankind,1035.0,1042.0,224,mankind,1035,1042,equal,True,Equal,12,,False,False,BHLQHBRW_s012,
BHLQHBRW,225.0,!,1042.0,1043.0,225,!,1042,1043,equal,True,Equal,12,Sentence Ending,False,False,BHLQHBRW_s012,Correct Ending
BHLQHBRW,226.0,The,1044.0,1047.0,226,The,1044,1047,equal,True,Equal,13,Sentence Beginning,False,False,BHLQHBRW_s013,Correct Beginning
BHLQHBRW,227.0,object,1048.0,1054.0,227,object,1048,1054,equal,True,Equal,13,,False,False,BHLQHBRW_s013,
BHLQHBRW,228.0,was,1055.0,1058.0,228,was,1055,1058,equal,True,Equal,13,,False,False,BHLQHBRW_s013,
BHLQHBRW,229.0,described,1059.0,1068.0,229,described,1059,1068,equal,True,Equal,13,,False,False,BHLQHBRW_s013,
BHLQHBRW,230.0,in,1069.0,1071.0,230,in,1069,1071,equal,True,Equal,13,,False,False,BHLQHBRW_s013,
BHLQHBRW,231.0,an,1072.0,1074.0,231,an,1072,1074,equal,True,Equal,13,,False,False,BHLQHBRW_s013,
BHLQHBRW,232.0,ancient,1075.0,1082.0,232,ancient,1075,1082,equal,True,Equal,13,,False,False,BHLQHBRW_s013,
BHLQHBRW,233.0,scroll,1083.0,1089.0,233,scroll,1083,1089,equal,True,Equal,13,,False,False,BHLQHBRW_s013,
BHLQHBRW,234.0,found,1090.0,1095.0,234,found,1090,1095,equal,True,Equal,13,,False,False,BHLQHBRW_s013,
BHLQHBRW,235.0,by,1096.0,1098.0,235,by,1096,1098,equal,True,Equal,13,,False,False,BHLQHBRW_s013,
BHLQHBRW,236.0,one,1099.0,1102.0,236,one,1099,1102,equal,True,Equal,13,,False,False,BHLQHBRW_s013,
BHLQHBRW,237.0,of,1103.0,1105.0,237,of,1103,1105,equal,True,Equal,13,,False,False,BHLQHBRW_s013,
BHLQHBRW,238.0,the,1106.0,1109.0,238,the,1106,1109,equal,True,Equal,13,,False,False,BHLQHBRW_s013,
BHLQHBRW,239.0,few,1110.0,1113.0,239,few,1110,1113,equal,True,Equal,13,,False,False,BHLQHBRW_s013,
BHLQHBRW,240.0,survivors,1114.0,1123.0,240,survivors,1114,1123,equal,True,Equal,13,,False,False,BHLQHBRW_s013,
BHLQHBRW,241.0,who,1124.0,1127.0,241,who,1124,1127,equal,True,Equal,13,,False,False,BHLQHBRW_s013,
BHLQHBRW,242.0,were,1128.0,1132.0,242,were,1128,1132,equal,True,Equal,13,,False,False,BHLQHBRW_s013,
BHLQHBRW,243.0,sent,1133.0,1137.0,243,sent,1133,1137,equal,True,Equal,13,,False,False,BHLQHBRW_s013,
BHLQHBRW,244.0,to,1138.0,1140.0,244,to,1138,1140,equal,True,Equal,13,,False,False,BHLQHBRW_s013,
BHLQHBRW,245.0,the,1141.0,1144.0,245,the,1141,1144,equal,True,Equal,13,,False,False,BHLQHBRW_s013,
BHLQHBRW,246.0,aliens,1145.0,1151.0,246,aliens,1145,1151,equal,True,Equal,13,,False,False,BHLQHBRW_s013,
BHLQHBRW,247.0,',1151.0,1152.0,247,',1151,1152,equal,True,Equal,13,,False,False,BHLQHBRW_s013,
BHLQHBRW,248.0,home,1153.0,1157.0,248,home,1153,1157,equal,True,Equal,13,,False,False,BHLQHBRW_s013,
BHLQHBRW,249.0,planet,1158.0,1164.0,249,planet,1158,1164,equal,True,Equal,13,,False,False,BHLQHBRW_s013,
BHLQHBRW,250.0,.,1164.0,1165.0,250,.,1164,1165,equal,True,Equal,13,Sentence Ending,False,False,BHLQHBRW_s013,Correct Ending
BHLQHBRW,251.0,As,1166.0,1168.0,251,As,1166,1168,equal,True,Equal,14,Sentence Beginning,False,False,BHLQHBRW_s014,Correct Beginning
BHLQHBRW,252.0,I,1169.0,1170.0,252,I,1169,1170,equal,True,Equal,14,,False,False,BHLQHBRW_s014,
BHLQHBRW,253.0,was,1171.0,1174.0,253,was,1171,1174,equal,True,Equal,14,,False,False,BHLQHBRW_s014,
BHLQHBRW,254.0,in,1175.0,1177.0,254,in,1175,1177,equal,True,Equal,14,,False,False,BHLQHBRW_s014,
BHLQHBRW,255.0,the,1178.0,1181.0,255,the,1178,1181,equal,True,Equal,14,,False,False,BHLQHBRW_s014,
BHLQHBRW,256.0,high,1182.0,1186.0,256,high,1182,1186,equal,True,Equal,14,,False,False,BHLQHBRW_s014,
BHLQHBRW,257.0,-,1186.0,1187.0,257,-,1186,1187,equal,True,Equal,14,,False,False,BHLQHBRW_s014,
BHLQHBRW,258.0,tech,1187.0,1191.0,258,tech,1187,1191,equal,True,Equal,14,,False,False,BHLQHBRW_s014,
BHLQHBRW,259.0,",",1191.0,1192.0,259,",",1191,1192,equal,True,Equal,14,,False,False,BHLQHBRW_s014,
BHLQHBRW,260.0,military,1193.0,1201.0,260,military,1193,1201,equal,True,Equal,14,,False,False,BHLQHBRW_s014,
BHLQHBRW,261.0,grade,1202.0,1207.0,261,grade,1202,1207,equal,True,Equal,14,,False,False,BHLQHBRW_s014,
BHLQHBRW,262.0,spaceship,1208.0,1217.0,262,spaceship,1208,1217,equal,True,Equal,14,,False,False,BHLQHBRW_s014,
BHLQHBRW,263.0,to,1218.0,1220.0,263,to,1218,1220,equal,True,Equal,14,,False,False,BHLQHBRW_s014,
BHLQHBRW,264.0,the,1221.0,1224.0,264,the,1221,1224,equal,True,Equal,14,,False,False,BHLQHBRW_s014,
BHLQHBRW,265.0,center,1225.0,1231.0,265,center,1225,1231,equal,True,Equal,14,,False,False,BHLQHBRW_s014,
BHLQHBRW,266.0,planet,1232.0,1238.0,266,planet,1232,1238,equal,True,Equal,14,,False,False,BHLQHBRW_s014,
BHLQHBRW,267.0,in,1239.0,1241.0,267,in,1239,1241,equal,True,Equal,14,,False,False,BHLQHBRW_s014,
BHLQHBRW,268.0,the,1242.0,1245.0,268,the,1242,1245,equal,True,Equal,14,,False,False,BHLQHBRW_s014,
BHLQHBRW,269.0,solar,1246.0,1251.0,269,solar,1246,1251,equal,True,Equal,14,,False,False,BHLQHBRW_s014,
BHLQHBRW,270.0,system,1252.0,1258.0,270,system,1252,1258,equal,True,Equal,14,,False,False,BHLQHBRW_s014,
BHLQHBRW,271.0,",",1258.0,1259.0,271,",",1258,1259,equal,True,Equal,14,,False,False,BHLQHBRW_s014,
BHLQHBRW,272.0,I,1260.0,1261.0,272,I,1260,1261,equal,True,Equal,14,,False,False,BHLQHBRW_s014,
BHLQHBRW,273.0,looked,1262.0,1268.0,273,looked,1262,1268,equal,True,Equal,14,,False,False,BHLQHBRW_s014,
BHLQHBRW,274.0,through,1269.0,1276.0,274,through,1269,1276,equal,True,Equal,14,,False,False,BHLQHBRW_s014,
BHLQHBRW,275.0,the,1277.0,1280.0,275,the,1277,1280,equal,True,Equal,14,,False,False,BHLQHBRW_s014,
BHLQHBRW,276.0,scroll,1281.0,1287.0,276,scroll,1281,1287,equal,True,Equal,14,,False,False,BHLQHBRW_s014,
BHLQHBRW,277.0,to,1288.0,1290.0,277,to,1288,1290,equal,True,Equal,14,,False,False,BHLQHBRW_s014,
BHLQHBRW,278.0,decipher,1291.0,1299.0,278,decipher,1291,1299,equal,True,Equal,14,,False,False,BHLQHBRW_s014,
BHLQHBRW,279.0,it,1300.0,1302.0,279,it,1300,1302,equal,True,Equal,14,,False,False,BHLQHBRW_s014,
BHLQHBRW,280.0,and,1303.0,1306.0,280,and,1303,1306,equal,True,Equal,14,,False,False,BHLQHBRW_s014,
BHLQHBRW,281.0,figure,1307.0,1313.0,281,figure,1307,1313,equal,True,Equal,14,,False,False,BHLQHBRW_s014,
BHLQHBRW,282.0,out,1314.0,1317.0,282,out,1314,1317,equal,True,Equal,14,,False,False,BHLQHBRW_s014,
BHLQHBRW,283.0,which,1318.0,1323.0,283,which,1318,1323,equal,True,Equal,14,,False,False,BHLQHBRW_s014,
BHLQHBRW,284.0,planet,1324.0,1330.0,284,planet,1324,1330,equal,True,Equal,14,,False,False,BHLQHBRW_s014,
BHLQHBRW,285.0,we,1331.0,1333.0,285,we,1331,1333,equal,True,Equal,14,,False,False,BHLQHBRW_s014,
BHLQHBRW,286.0,had,1334.0,1337.0,286,had,1334,1337,equal,True,Equal,14,,False,False,BHLQHBRW_s014,
BHLQHBRW,287.0,to,1338.0,1340.0,287,to,1338,1340,equal,True,Equal,14,,False,False,BHLQHBRW_s014,
BHLQHBRW,288.0,go,1341.0,1343.0,288,go,1341,1343,equal,True,Equal,14,,False,False,BHLQHBRW_s014,
BHLQHBRW,289.0,to,1344.0,1346.0,289,to,1344,1346,equal,True,Equal,14,,False,False,BHLQHBRW_s014,
BHLQHBRW,290.0,.,1346.0,1347.0,290,.,1346,1347,equal,True,Equal,14,Sentence Ending,False,False,BHLQHBRW_s014,Correct Ending
BHLQHBRW,291.0,Of,1348.0,1350.0,291,Of,1348,1350,equal,True,Equal,15,Sentence Beginning,False,False,BHLQHBRW_s015,Correct Beginning
BHLQHBRW,292.0,course,1351.0,1357.0,292,course,1351,1357,equal,True,Equal,15,,False,False,BHLQHBRW_s015,
BHLQHBRW,293.0,",",1357.0,1358.0,293,",",1357,1358,equal,True,Equal,15,,False,False,BHLQHBRW_s015,
BHLQHBRW,294.0,I,1359.0,1360.0,294,I,1359,1360,equal,True,Equal,15,,False,False,BHLQHBRW_s015,
BHLQHBRW,295.0,was,1361.0,1364.0,295,was,1361,1364,equal,True,Equal,15,,False,False,BHLQHBRW_s015,
BHLQHBRW,296.0,not,1365.0,1368.0,296,not,1365,1368,equal,True,Equal,15,,False,False,BHLQHBRW_s015,
BHLQHBRW,297.0,doing,1369.0,1374.0,297,doing,1369,1374,equal,True,Equal,15,,False,False,BHLQHBRW_s015,
BHLQHBRW,298.0,it,1375.0,1377.0,298,it,1375,1377,equal,True,Equal,15,,False,False,BHLQHBRW_s015,
BHLQHBRW,299.0,alone,1378.0,1383.0,299,alone,1378,1383,equal,True,Equal,15,,False,False,BHLQHBRW_s015,
BHLQHBRW,300.0,.,1383.0,1384.0,300,.,1383,1384,equal,True,Equal,15,Sentence Ending,False,False,BHLQHBRW_s015,Correct Ending
BHLQHBRW,301.0,I,1385.0,1386.0,301,I,1385,1386,equal,True,Equal,16,Sentence Beginning,False,False,BHLQHBRW_s016,Correct Beginning
BHLQHBRW,302.0,had,1387.0,1390.0,302,had,1387,1390,equal,True,Equal,16,,False,False,BHLQHBRW_s016,
BHLQHBRW,303.0,team,1391.0,1395.0,303,team,1391,1395,equal,True,Equal,16,,False,False,BHLQHBRW_s016,
BHLQHBRW,304.0,of,1396.0,1398.0,304,of,1396,1398,equal,True,Equal,16,,False,False,BHLQHBRW_s016,
BHLQHBRW,305.0,people,1399.0,1405.0,305,people,1399,1405,equal,True,Equal,16,,False,False,BHLQHBRW_s016,
BHLQHBRW,306.0,working,1406.0,1413.0,306,working,1406,1413,equal,True,Equal,16,,False,False,BHLQHBRW_s016,
BHLQHBRW,307.0,beside,1414.0,1420.0,307,beside,1414,1420,equal,True,Equal,16,,False,False,BHLQHBRW_s016,
BHLQHBRW,308.0,me,1421.0,1423.0,308,me,1421,1423,equal,True,Equal,16,,False,False,BHLQHBRW_s016,
BHLQHBRW,309.0,;,1423.0,1424.0,309,;,1423,1424,equal,True,Equal,16,,False,False,BHLQHBRW_s016,
BHLQHBRW,310.0,Jules,1425.0,1430.0,310,Jules,1425,1430,equal,True,Equal,16,,False,False,BHLQHBRW_s016,
BHLQHBRW,311.0,",",1430.0,1431.0,311,",",1430,1431,equal,True,Equal,16,,False,False,BHLQHBRW_s016,
BHLQHBRW,312.0,Amelia,1432.0,1438.0,312,Amelia,1432,1438,equal,True,Equal,16,,False,False,BHLQHBRW_s016,
BHLQHBRW,313.0,",",1438.0,1439.0,313,",",1438,1439,equal,True,Equal,16,,False,False,BHLQHBRW_s016,
BHLQHBRW,314.0,Peter,1440.0,1445.0,314,Peter,1440,1445,equal,True,Equal,16,,False,False,BHLQHBRW_s016,
BHLQHBRW,315.0,",",1445.0,1446.0,315,",",1445,1446,equal,True,Equal,16,,False,False,BHLQHBRW_s016,
BHLQHBRW,316.0,Jack,1447.0,1451.0,316,Jack,1447,1451,equal,True,Equal,16,,False,False,BHLQHBRW_s016,
BHLQHBRW,317.0,",",1451.0,1452.0,317,",",1451,1452,equal,True,Equal,16,,False,False,BHLQHBRW_s016,
BHLQHBRW,318.0,and,1453.0,1456.0,318,and,1453,1456,equal,True,Equal,16,,False,False,BHLQHBRW_s016,
BHLQHBRW,319.0,Esmerelda,1457.0,1466.0,319,Esmerelda,1457,1466,equal,True,Equal,16,,False,False,BHLQHBRW_s016,
BHLQHBRW,320.0,.,1466.0,1467.0,320,.,1466,1467,equal,True,Equal,16,Sentence Ending,False,False,BHLQHBRW_s016,Correct Ending
BHLQHBRW,321.0,My,1468.0,1470.0,321,My,1468,1470,equal,True,Equal,17,Sentence Beginning,False,False,BHLQHBRW_s017,Correct Beginning
BHLQHBRW,322.0,team,1471.0,1475.0,322,team,1471,1475,equal,True,Equal,17,,False,False,BHLQHBRW_s017,
BHLQHBRW,323.0,quickly,1476.0,1483.0,323,quickly,1476,1483,equal,True,Equal,17,,False,False,BHLQHBRW_s017,
BHLQHBRW,324.0,deciphered,1484.0,1494.0,324,deciphered,1484,1494,equal,True,Equal,17,,False,False,BHLQHBRW_s017,
BHLQHBRW,325.0,almost,1495.0,1501.0,325,almost,1495,1501,equal,True,Equal,17,,False,False,BHLQHBRW_s017,
BHLQHBRW,326.0,all,1502.0,1505.0,326,all,1502,1505,equal,True,Equal,17,,False,False,BHLQHBRW_s017,
BHLQHBRW,327.0,of,1506.0,1508.0,327,of,1506,1508,equal,True,Equal,17,,False,False,BHLQHBRW_s017,
BHLQHBRW,328.0,the,1509.0,1512.0,328,the,1509,1512,equal,True,Equal,17,,False,False,BHLQHBRW_s017,
BHLQHBRW,329.0,scroll,1513.0,1519.0,329,scroll,1513,1519,equal,True,Equal,17,,False,False,BHLQHBRW_s017,
BHLQHBRW,330.0,",",1519.0,1520.0,330,",",1519,1520,equal,True,Equal,17,,False,False,BHLQHBRW_s017,
BHLQHBRW,331.0,with,1521.0,1525.0,331,with,1521,1525,equal,True,Equal,17,,False,False,BHLQHBRW_s017,
BHLQHBRW,332.0,the,1526.0,1529.0,332,the,1526,1529,equal,True,Equal,17,,False,False,BHLQHBRW_s017,
BHLQHBRW,333.0,only,1530.0,1534.0,333,only,1530,1534,equal,True,Equal,17,,False,False,BHLQHBRW_s017,
BHLQHBRW,334.0,part,1535.0,1539.0,334,part,1535,1539,equal,True,Equal,17,,False,False,BHLQHBRW_s017,
BHLQHBRW,335.0,that,1540.0,1544.0,335,that,1540,1544,equal,True,Equal,17,,False,False,BHLQHBRW_s017,
BHLQHBRW,336.0,we,1545.0,1547.0,336,we,1545,1547,equal,True,Equal,17,,False,False,BHLQHBRW_s017,
BHLQHBRW,337.0,couldn,1548.0,1554.0,337,couldn,1548,1554,equal,True,Equal,17,,False,False,BHLQHBRW_s017,
BHLQHBRW,338.0,',1554.0,1555.0,338,',1554,1555,equal,True,Equal,17,,False,False,BHLQHBRW_s017,
BHLQHBRW,339.0,t,1555.0,1556.0,339,t,1555,1556,equal,True,Equal,17,,False,False,BHLQHBRW_s017,
BHLQHBRW,340.0,figure,1557.0,1563.0,340,figure,1557,1563,equal,True,Equal,17,,False,False,BHLQHBRW_s017,
BHLQHBRW,341.0,out,1564.0,1567.0,341,out,1564,1567,equal,True,Equal,17,,False,False,BHLQHBRW_s017,
BHLQHBRW,342.0,being,1568.0,1573.0,342,being,1568,1573,equal,True,Equal,17,,False,False,BHLQHBRW_s017,
BHLQHBRW,343.0,a,1574.0,1575.0,343,a,1574,1575,equal,True,Equal,17,,False,False,BHLQHBRW_s017,
BHLQHBRW,344.0,single,1576.0,1582.0,344,single,1576,1582,equal,True,Equal,17,,False,False,BHLQHBRW_s017,
BHLQHBRW,345.0,sentence,1583.0,1591.0,345,sentence,1583,1591,equal,True,Equal,17,,False,False,BHLQHBRW_s017,
BHLQHBRW,346.0,at,1592.0,1594.0,346,at,1592,1594,equal,True,Equal,17,,False,False,BHLQHBRW_s017,
BHLQHBRW,347.0,the,1595.0,1598.0,347,the,1595,1598,equal,True,Equal,17,,False,False,BHLQHBRW_s017,
BHLQHBRW,348.0,end,1599.0,1602.0,348,end,1599,1602,equal,True,Equal,17,,False,False,BHLQHBRW_s017,
BHLQHBRW,349.0,",",1602.0,1603.0,349,",",1602,1603,equal,True,Equal,17,,False,False,BHLQHBRW_s017,
BHLQHBRW,350.0,which,1604.0,1609.0,350,which,1604,1609,equal,True,Equal,17,,False,False,BHLQHBRW_s017,
BHLQHBRW,351.0,was,1610.0,1613.0,351,was,1610,1613,equal,True,Equal,17,,False,False,BHLQHBRW_s017,
BHLQHBRW,352.0,written,1614.0,1621.0,352,written,1614,1621,equal,True,Equal,17,,False,False,BHLQHBRW_s017,
BHLQHBRW,353.0,in,1622.0,1624.0,353,in,1622,1624,equal,True,Equal,17,,False,False,BHLQHBRW_s017,
BHLQHBRW,354.0,a,1625.0,1626.0,354,a,1625,1626,equal,True,Equal,17,,False,False,BHLQHBRW_s017,
BHLQHBRW,355.0,completely,1627.0,1637.0,355,completely,1627,1637,equal,True,Equal,17,,False,False,BHLQHBRW_s017,
BHLQHBRW,356.0,different,1638.0,1647.0,356,different,1638,1647,equal,True,Equal,17,,False,False,BHLQHBRW_s017,
BHLQHBRW,357.0,cipher,1648.0,1654.0,357,cipher,1648,1654,equal,True,Equal,17,,False,False,BHLQHBRW_s017,
BHLQHBRW,358.0,to,1655.0,1657.0,358,to,1655,1657,equal,True,Equal,17,,False,False,BHLQHBRW_s017,
BHLQHBRW,359.0,the,1658.0,1661.0,359,the,1658,1661,equal,True,Equal,17,,False,False,BHLQHBRW_s017,
BHLQHBRW,360.0,rest,1662.0,1666.0,360,rest,1662,1666,equal,True,Equal,17,,False,False,BHLQHBRW_s017,
BHLQHBRW,361.0,of,1667.0,1669.0,361,of,1667,1669,equal,True,Equal,17,,False,False,BHLQHBRW_s017,
BHLQHBRW,362.0,the,1670.0,1673.0,362,the,1670,1673,equal,True,Equal,17,,False,False,BHLQHBRW_s017,
BHLQHBRW,363.0,scroll,1674.0,1680.0,363,scroll,1674,1680,equal,True,Equal,17,,False,False,BHLQHBRW_s017,
BHLQHBRW,364.0,.,1680.0,1681.0,364,.,1680,1681,equal,True,Equal,17,Sentence Ending,False,False,BHLQHBRW_s017,Correct Ending
BHLQHBRW,365.0,However,1682.0,1689.0,365,However,1682,1689,equal,True,Equal,18,Sentence Beginning,False,False,BHLQHBRW_s018,Correct Beginning
BHLQHBRW,366.0,",",1689.0,1690.0,366,",",1689,1690,equal,True,Equal,18,,False,False,BHLQHBRW_s018,
BHLQHBRW,367.0,we,1691.0,1693.0,367,we,1691,1693,equal,True,Equal,18,,False,False,BHLQHBRW_s018,
BHLQHBRW,368.0,didn,1694.0,1698.0,368,didn,1694,1698,equal,True,Equal,18,,False,False,BHLQHBRW_s018,
BHLQHBRW,369.0,',1698.0,1699.0,369,',1698,1699,equal,True,Equal,18,,False,False,BHLQHBRW_s018,
BHLQHBRW,370.0,t,1699.0,1700.0,370,t,1699,1700,equal,True,Equal,18,,False,False,BHLQHBRW_s018,
BHLQHBRW,371.0,think,1701.0,1706.0,371,think,1701,1706,equal,True,Equal,18,,False,False,BHLQHBRW_s018,
BHLQHBRW,372.0,much,1707.0,1711.0,372,much,1707,1711,equal,True,Equal,18,,False,False,BHLQHBRW_s018,
BHLQHBRW,373.0,of,1712.0,1714.0,373,of,1712,1714,equal,True,Equal,18,,False,False,BHLQHBRW_s018,
BHLQHBRW,374.0,it,1715.0,1717.0,374,it,1715,1717,equal,True,Equal,18,,False,False,BHLQHBRW_s018,
BHLQHBRW,375.0,",",1717.0,1718.0,375,",",1717,1718,equal,True,Equal,18,,False,False,BHLQHBRW_s018,
BHLQHBRW,376.0,as,1719.0,1721.0,376,as,1719,1721,equal,True,Equal,18,,False,False,BHLQHBRW_s018,
BHLQHBRW,377.0,we,1722.0,1724.0,377,we,1722,1724,equal,True,Equal,18,,False,False,BHLQHBRW_s018,
BHLQHBRW,378.0,were,1725.0,1729.0,378,were,1725,1729,equal,True,Equal,18,,False,False,BHLQHBRW_s018,
BHLQHBRW,379.0,already,1730.0,1737.0,379,already,1730,1737,equal,True,Equal,18,,False,False,BHLQHBRW_s018,
BHLQHBRW,380.0,far,1738.0,1741.0,380,far,1738,1741,equal,True,Equal,18,,False,False,BHLQHBRW_s018,
BHLQHBRW,381.0,too,1742.0,1745.0,381,too,1742,1745,equal,True,Equal,18,,False,False,BHLQHBRW_s018,
BHLQHBRW,382.0,excited,1746.0,1753.0,382,excited,1746,1753,equal,True,Equal,18,,False,False,BHLQHBRW_s018,
BHLQHBRW,383.0,to,1754.0,1756.0,383,to,1754,1756,equal,True,Equal,18,,False,False,BHLQHBRW_s018,
BHLQHBRW,384.0,be,1757.0,1759.0,384,be,1757,1759,equal,True,Equal,18,,False,False,BHLQHBRW_s018,
BHLQHBRW,385.0,going,1760.0,1765.0,385,going,1760,1765,equal,True,Equal,18,,False,False,BHLQHBRW_s018,
BHLQHBRW,386.0,to,1766.0,1768.0,386,to,1766,1768,equal,True,Equal,18,,False,False,BHLQHBRW_s018,
BHLQHBRW,387.0,the,1769.0,1772.0,387,the,1769,1772,equal,True,Equal,18,,False,False,BHLQHBRW_s018,
BHLQHBRW,388.0,planet,1773.0,1779.0,388,planet,1773,1779,equal,True,Equal,18,,False,False,BHLQHBRW_s018,
BHLQHBRW,389.0,with,1780.0,1784.0,389,with,1780,1784,equal,True,Equal,18,,False,False,BHLQHBRW_s018,
BHLQHBRW,390.0,the,1785.0,1788.0,390,the,1785,1788,equal,True,Equal,18,,False,False,BHLQHBRW_s018,
BHLQHBRW,391.0,unknown,1789.0,1796.0,391,unknown,1789,1796,equal,True,Equal,18,,False,False,BHLQHBRW_s018,
BHLQHBRW,392.0,object,1797.0,1803.0,392,object,1797,1803,equal,True,Equal,18,,False,False,BHLQHBRW_s018,
BHLQHBRW,393.0,already,1804.0,1811.0,393,already,1804,1811,equal,True,Equal,18,,False,False,BHLQHBRW_s018,
BHLQHBRW,394.0,.,1811.0,1812.0,394,.,1811,1812,equal,True,Equal,18,Sentence Ending,False,False,BHLQHBRW_s018,Correct Ending
BHLQHBRW,395.0,We,1813.0,1815.0,395,We,1813,1815,equal,True,Equal,19,Sentence Beginning,False,False,BHLQHBRW_s019,Correct Beginning
BHLQHBRW,396.0,soon,1816.0,1820.0,396,soon,1816,1820,equal,True,Equal,19,,False,False,BHLQHBRW_s019,
BHLQHBRW,397.0,arrived,1821.0,1828.0,397,arrived,1821,1828,equal,True,Equal,19,,False,False,BHLQHBRW_s019,
BHLQHBRW,398.0,at,1829.0,1831.0,398,at,1829,1831,equal,True,Equal,19,,False,False,BHLQHBRW_s019,
BHLQHBRW,399.0,Magmatrella,1832.0,1843.0,399,Magmatrella,1832,1843,equal,True,Equal,19,,False,False,BHLQHBRW_s019,
BHLQHBRW,400.0,",",1843.0,1844.0,400,",",1843,1844,equal,True,Equal,19,,False,False,BHLQHBRW_s019,
BHLQHBRW,401.0,the,1845.0,1848.0,401,the,1845,1848,equal,True,Equal,19,,False,False,BHLQHBRW_s019,
BHLQHBRW,402.0,7th,1849.0,1852.0,402,7th,1849,1852,equal,True,Equal,19,,False,False,BHLQHBRW_s019,
BHLQHBRW,403.0,hottest,1853.0,1860.0,403,hottest,1853,1860,equal,True,Equal,19,,False,False,BHLQHBRW_s019,
BHLQHBRW,404.0,planet,1861.0,1867.0,404,planet,1861,1867,equal,True,Equal,19,,False,False,BHLQHBRW_s019,
BHLQHBRW,405.0,in,1868.0,1870.0,405,in,1868,1870,equal,True,Equal,19,,False,False,BHLQHBRW_s019,
BHLQHBRW,406.0,the,1871.0,1874.0,406,the,1871,1874,equal,True,Equal,19,,False,False,BHLQHBRW_s019,
BHLQHBRW,407.0,solar,1875.0,1880.0,407,solar,1875,1880,equal,True,Equal,19,,False,False,BHLQHBRW_s019,
BHLQHBRW,408.0,system,1881.0,1887.0,408,system,1881,1887,equal,True,Equal,19,,False,False,BHLQHBRW_s019,
BHLQHBRW,409.0,(,1888.0,1889.0,409,(,1888,1889,equal,True,Equal,19,,False,False,BHLQHBRW_s019,
BHLQHBRW,410.0,this,1889.0,1893.0,410,this,1889,1893,equal,True,Equal,19,,False,False,BHLQHBRW_s019,
BHLQHBRW,411.0,is,1894.0,1896.0,411,is,1894,1896,equal,True,Equal,19,,False,False,BHLQHBRW_s019,
BHLQHBRW,412.0,because,1897.0,1904.0,412,because,1897,1904,equal,True,Equal,19,,False,False,BHLQHBRW_s019,
BHLQHBRW,413.0,it,1905.0,1907.0,413,it,1905,1907,equal,True,Equal,19,,False,False,BHLQHBRW_s019,
BHLQHBRW,414.0,is,1908.0,1910.0,414,is,1908,1910,equal,True,Equal,19,,False,False,BHLQHBRW_s019,
BHLQHBRW,415.0,extremely,1911.0,1920.0,415,extremely,1911,1920,equal,True,Equal,19,,False,False,BHLQHBRW_s019,
BHLQHBRW,416.0,close,1921.0,1926.0,416,close,1921,1926,equal,True,Equal,19,,False,False,BHLQHBRW_s019,
BHLQHBRW,417.0,to,1927.0,1929.0,417,to,1927,1929,equal,True,Equal,19,,False,False,BHLQHBRW_s019,
BHLQHBRW,418.0,a,1930.0,1931.0,418,a,1930,1931,equal,True,Equal,19,,False,False,BHLQHBRW_s019,
BHLQHBRW,419.0,blue,1932.0,1936.0,419,blue,1932,1936,equal,True,Equal,19,,False,False,BHLQHBRW_s019,
BHLQHBRW,420.0,sun,1937.0,1940.0,420,sun,1937,1940,equal,True,Equal,19,,False,False,BHLQHBRW_s019,
BHLQHBRW,421.0,),1940.0,1941.0,421,),1940,1941,equal,True,Equal,19,,False,False,BHLQHBRW_s019,
BHLQHBRW,422.0,.,1941.0,1942.0,422,.,1941,1942,equal,True,Equal,19,Sentence Ending,False,False,BHLQHBRW_s019,Correct Ending
BHLQHBRW,423.0,The,1943.0,1946.0,423,The,1943,1946,equal,True,Equal,20,Sentence Beginning,False,False,BHLQHBRW_s020,Correct Beginning
BHLQHBRW,424.0,team,1947.0,1951.0,424,team,1947,1951,equal,True,Equal,20,,False,False,BHLQHBRW_s020,
BHLQHBRW,425.0,quickly,1952.0,1959.0,425,quickly,1952,1959,equal,True,Equal,20,,False,False,BHLQHBRW_s020,
BHLQHBRW,426.0,geared,1960.0,1966.0,426,geared,1960,1966,equal,True,Equal,20,,False,False,BHLQHBRW_s020,
BHLQHBRW,427.0,up,1967.0,1969.0,427,up,1967,1969,equal,True,Equal,20,,False,False,BHLQHBRW_s020,
BHLQHBRW,428.0,and,1970.0,1973.0,428,and,1970,1973,equal,True,Equal,20,,False,False,BHLQHBRW_s020,
BHLQHBRW,429.0,headed,1974.0,1980.0,429,headed,1974,1980,equal,True,Equal,20,,False,False,BHLQHBRW_s020,
BHLQHBRW,430.0,outside,1981.0,1988.0,430,outside,1981,1988,equal,True,Equal,20,,False,False,BHLQHBRW_s020,
BHLQHBRW,431.0,.,1988.0,1989.0,431,.,1988,1989,equal,True,Equal,20,Sentence Ending,False,False,BHLQHBRW_s020,Correct Ending
BHLQHBRW,432.0,"""",1990.0,1991.0,432,"""",1990,1991,equal,True,Equal,21,,False,False,BHLQHBRW_s021,
BHLQHBRW,433.0,How,1991.0,1994.0,433,How,1991,1994,equal,True,Equal,21,Sentence Beginning,False,False,BHLQHBRW_s021,Correct Beginning
BHLQHBRW,434.0,hard,1995.0,1999.0,434,hard,1995,1999,equal,True,Equal,21,,False,False,BHLQHBRW_s021,
BHLQHBRW,435.0,was,2000.0,2003.0,435,was,2000,2003,equal,True,Equal,21,,False,False,BHLQHBRW_s021,
BHLQHBRW,436.0,it,2004.0,2006.0,436,it,2004,2006,equal,True,Equal,21,,False,False,BHLQHBRW_s021,
BHLQHBRW,437.0,to,2007.0,2009.0,437,to,2007,2009,equal,True,Equal,21,,False,False,BHLQHBRW_s021,
BHLQHBRW,438.0,put,2010.0,2013.0,438,put,2010,2013,equal,True,Equal,21,,False,False,BHLQHBRW_s021,
BHLQHBRW,439.0,on,2014.0,2016.0,439,on,2014,2016,equal,True,Equal,21,,False,False,BHLQHBRW_s021,
BHLQHBRW,440.0,the,2017.0,2020.0,440,the,2017,2020,equal,True,Equal,21,,False,False,BHLQHBRW_s021,
BHLQHBRW,441.0,helmet,2021.0,2027.0,441,helmet,2021,2027,equal,True,Equal,21,,False,False,BHLQHBRW_s021,
BHLQHBRW,442.0,if,2028.0,2030.0,442,if,2028,2030,equal,True,Equal,21,,False,False,BHLQHBRW_s021,
BHLQHBRW,443.0,you,2031.0,2034.0,443,you,2031,2034,equal,True,Equal,21,,False,False,BHLQHBRW_s021,
BHLQHBRW,444.0,have,2035.0,2039.0,444,have,2035,2039,equal,True,Equal,21,,False,False,BHLQHBRW_s021,
BHLQHBRW,445.0,so,2040.0,2042.0,445,so,2040,2042,equal,True,Equal,21,,False,False,BHLQHBRW_s021,
BHLQHBRW,446.0,much,2043.0,2047.0,446,much,2043,2047,equal,True,Equal,21,,False,False,BHLQHBRW_s021,
BHLQHBRW,447.0,ginger,2048.0,2054.0,447,ginger,2048,2054,equal,True,Equal,21,,False,False,BHLQHBRW_s021,
BHLQHBRW,448.0,hair,2055.0,2059.0,448,hair,2055,2059,equal,True,Equal,21,,False,False,BHLQHBRW_s021,
BHLQHBRW,449.0,",",2059.0,2060.0,449,",",2059,2060,equal,True,Equal,21,,False,False,BHLQHBRW_s021,
BHLQHBRW,450.0,mum,2061.0,2064.0,450,mum,2061,2064,equal,True,Equal,21,,False,False,BHLQHBRW_s021,
BHLQHBRW,451.0,?,2064.0,2065.0,451,?,2064,2065,equal,True,Equal,21,Sentence Ending,False,False,BHLQHBRW_s021,Correct Ending
BHLQHBRW,452.0,"""",2065.0,2066.0,452,"""",2065,2066,equal,True,Equal,22,,False,False,BHLQHBRW_s022,
BHLQHBRW,453.0,Andrew,2067.0,2073.0,453,Andrew,2067,2073,equal,True,Equal,22,Sentence Beginning,False,False,BHLQHBRW_s022,Correct Beginning
BHLQHBRW,454.0,asked,2074.0,2079.0,454,asked,2074,2079,equal,True,Equal,22,,False,False,BHLQHBRW_s022,
BHLQHBRW,455.0,curiously,2080.0,2089.0,455,curiously,2080,2089,equal,True,Equal,22,,False,False,BHLQHBRW_s022,
BHLQHBRW,456.0,.,2089.0,2090.0,456,.,2089,2090,equal,True,Equal,22,Sentence Ending,False,False,BHLQHBRW_s022,Correct Ending
BHLQHBRW,457.0,"""",2091.0,2092.0,457,"""",2091,2092,equal,True,Equal,23,,False,False,BHLQHBRW_s023,
BHLQHBRW,458.0,She,2092.0,2095.0,458,She,2092,2095,equal,True,Equal,23,Sentence Beginning,False,False,BHLQHBRW_s023,Correct Beginning
BHLQHBRW,459.0,probably,2096.0,2104.0,459,probably,2096,2104,equal,True,Equal,23,,False,False,BHLQHBRW_s023,
BHLQHBRW,460.0,tied,2105.0,2109.0,460,tied,2105,2109,equal,True,Equal,23,,False,False,BHLQHBRW_s023,
BHLQHBRW,461.0,it,2110.0,2112.0,461,it,2110,2112,equal,True,Equal,23,,False,False,BHLQHBRW_s023,
BHLQHBRW,462.0,up,2113.0,2115.0,462,up,2113,2115,equal,True,Equal,23,,False,False,BHLQHBRW_s023,
BHLQHBRW,463.0,",",2115.0,2116.0,463,",",2115,2116,equal,True,Equal,23,,False,False,BHLQHBRW_s023,
BHLQHBRW,464.0,stupid,2117.0,2123.0,464,stupid,2117,2123,equal,True,Equal,23,,False,False,BHLQHBRW_s023,
BHLQHBRW,465.0,",",2123.0,2124.0,465,",",2123,2124,equal,True,Equal,23,,False,False,BHLQHBRW_s023,
BHLQHBRW,466.0,"""",2124.0,2125.0,466,"""",2124,2125,equal,True,Equal,23,,False,False,BHLQHBRW_s023,
BHLQHBRW,467.0,Angela,2126.0,2132.0,467,Angela,2126,2132,equal,True,Equal,23,,False,False,BHLQHBRW_s023,
BHLQHBRW,468.0,hissed,2133.0,2139.0,468,hissed,2133,2139,equal,True,Equal,23,,False,False,BHLQHBRW_s023,
BHLQHBRW,469.0,at,2140.0,2142.0,469,at,2140,2142,equal,True,Equal,23,,False,False,BHLQHBRW_s023,
BHLQHBRW,470.0,her,2143.0,2146.0,470,her,2143,2146,equal,True,Equal,23,,False,False,BHLQHBRW_s023,
BHLQHBRW,471.0,younger,2147.0,2154.0,471,younger,2147,2154,equal,True,Equal,23,,False,False,BHLQHBRW_s023,
BHLQHBRW,472.0,brother,2155.0,2162.0,472,brother,2155,2162,equal,True,Equal,23,,False,False,BHLQHBRW_s023,
BHLQHBRW,473.0,.,2162.0,2163.0,473,.,2162,2163,equal,True,Equal,23,Sentence Ending,False,False,BHLQHBRW_s023,Correct Ending
BHLQHBRW,474.0,"""",2164.0,2165.0,474,"""",2164,2165,equal,True,Equal,24,,False,False,BHLQHBRW_s024,
BHLQHBRW,475.0,Hey,2165.0,2168.0,475,Hey,2165,2168,equal,True,Equal,24,Sentence Beginning,False,False,BHLQHBRW_s024,Correct Beginning
BHLQHBRW,476.0,",",2168.0,2169.0,476,",",2168,2169,equal,True,Equal,24,,False,False,BHLQHBRW_s024,
BHLQHBRW,477.0,no,2170.0,2172.0,477,no,2170,2172,equal,True,Equal,24,,False,False,BHLQHBRW_s024,
BHLQHBRW,478.0,fighting,2173.0,2181.0,478,fighting,2173,2181,equal,True,Equal,24,,False,False,BHLQHBRW_s024,
BHLQHBRW,479.0,",",2181.0,2182.0,479,",",2181,2182,equal,True,Equal,24,,False,False,BHLQHBRW_s024,
BHLQHBRW,480.0,"""",2182.0,2183.0,480,"""",2182,2183,equal,True,Equal,24,,False,False,BHLQHBRW_s024,
BHLQHBRW,481.0,I,2184.0,2185.0,481,I,2184,2185,equal,True,Equal,24,,False,False,BHLQHBRW_s024,
BHLQHBRW,482.0,said,2186.0,2190.0,482,said,2186,2190,equal,True,Equal,24,,False,False,BHLQHBRW_s024,
BHLQHBRW,483.0,disapprovingly,2191.0,2205.0,483,disapprovingly,2191,2205,equal,True,Equal,24,,False,False,BHLQHBRW_s024,
BHLQHBRW,484.0,.,2205.0,2206.0,484,.,2205,2206,equal,True,Equal,24,Sentence Ending,False,False,BHLQHBRW_s024,Correct Ending
BHLQHBRW,485.0,"""",2207.0,2208.0,485,"""",2207,2208,equal,True,Equal,25,,False,False,BHLQHBRW_s025,
BHLQHBRW,486.0,Anyway,2208.0,2214.0,486,Anyway,2208,2214,equal,True,Equal,25,Sentence Beginning,False,False,BHLQHBRW_s025,Correct Beginning
BHLQHBRW,487.0,",",2214.0,2215.0,487,",",2214,2215,equal,True,Equal,25,,False,False,BHLQHBRW_s025,
BHLQHBRW,488.0,on,2216.0,2218.0,488,on,2216,2218,equal,True,Equal,25,,False,False,BHLQHBRW_s025,
BHLQHBRW,489.0,with,2219.0,2223.0,489,with,2219,2223,equal,True,Equal,25,,False,False,BHLQHBRW_s025,
BHLQHBRW,490.0,the,2224.0,2227.0,490,the,2224,2227,equal,True,Equal,25,,False,False,BHLQHBRW_s025,
BHLQHBRW,491.0,story,2228.0,2233.0,491,story,2228,2233,equal,True,Equal,25,,False,False,BHLQHBRW_s025,
BHLQHBRW,492.0,.,2233.0,2234.0,492,.,2233,2234,equal,True,Equal,25,Sentence Ending,False,False,BHLQHBRW_s025,Correct Ending
BHLQHBRW,493.0,.,2234.0,2235.0,493,.,2234,2235,equal,True,Equal,26,Sentence Ending,False,False,BHLQHBRW_s026,Correct Ending
BHLQHBRW,494.0,.,2235.0,2236.0,494,.,2235,2236,equal,True,Equal,27,Sentence Ending,False,False,BHLQHBRW_s027,Correct Ending
BHLQHBRW,495.0,"""",2236.0,2237.0,495,"""",2236,2237,equal,True,Equal,28,,False,False,BHLQHBRW_s028,
BHLQHBRW,496.0,Peter,2238.0,2243.0,496,Peter,2238,2243,equal,True,Equal,28,Sentence Beginning,False,False,BHLQHBRW_s028,Correct Beginning
BHLQHBRW,497.0,followed,2244.0,2252.0,497,followed,2244,2252,equal,True,Equal,28,,False,False,BHLQHBRW_s028,
BHLQHBRW,498.0,the,2253.0,2256.0,498,the,2253,2256,equal,True,Equal,28,,False,False,BHLQHBRW_s028,
BHLQHBRW,499.0,small,2257.0,2262.0,499,small,2257,2262,equal,True,Equal,28,,False,False,BHLQHBRW_s028,
BHLQHBRW,500.0,map,2263.0,2266.0,500,map,2263,2266,equal,True,Equal,28,,False,False,BHLQHBRW_s028,
BHLQHBRW,501.0,on,2267.0,2269.0,501,on,2267,2269,equal,True,Equal,28,,False,False,BHLQHBRW_s028,
BHLQHBRW,502.0,the,2270.0,2273.0,502,the,2270,2273,equal,True,Equal,28,,False,False,BHLQHBRW_s028,
BHLQHBRW,503.0,scroll,2274.0,2280.0,503,scroll,2274,2280,equal,True,Equal,28,,False,False,BHLQHBRW_s028,
BHLQHBRW,504.0,and,2281.0,2284.0,504,and,2281,2284,equal,True,Equal,28,,False,False,BHLQHBRW_s028,
BHLQHBRW,505.0,the,2285.0,2288.0,505,the,2285,2288,equal,True,Equal,28,,False,False,BHLQHBRW_s028,
BHLQHBRW,506.0,rest,2289.0,2293.0,506,rest,2289,2293,equal,True,Equal,28,,False,False,BHLQHBRW_s028,
BHLQHBRW,507.0,of,2294.0,2296.0,507,of,2294,2296,equal,True,Equal,28,,False,False,BHLQHBRW_s028,
BHLQHBRW,508.0,us,2297.0,2299.0,508,us,2297,2299,equal,True,Equal,28,,False,False,BHLQHBRW_s028,
BHLQHBRW,509.0,followed,2300.0,2308.0,509,followed,2300,2308,equal,True,Equal,28,,False,False,BHLQHBRW_s028,
BHLQHBRW,510.0,him,2309.0,2312.0,510,him,2309,2312,equal,True,Equal,28,,False,False,BHLQHBRW_s028,
BHLQHBRW,511.0,.,2312.0,2313.0,511,.,2312,2313,equal,True,Equal,28,Sentence Ending,False,False,BHLQHBRW_s028,Correct Ending
BHLQHBRW,512.0,We,2314.0,2316.0,512,We,2314,2316,equal,True,Equal,29,Sentence Beginning,False,False,BHLQHBRW_s029,Correct Beginning
BHLQHBRW,513.0,soon,2317.0,2321.0,513,soon,2317,2321,equal,True,Equal,29,,False,False,BHLQHBRW_s029,
BHLQHBRW,514.0,arrived,2322.0,2329.0,514,arrived,2322,2329,equal,True,Equal,29,,False,False,BHLQHBRW_s029,
BHLQHBRW,515.0,at,2330.0,2332.0,515,at,2330,2332,equal,True,Equal,29,,False,False,BHLQHBRW_s029,
BHLQHBRW,516.0,a,2333.0,2334.0,516,a,2333,2334,equal,True,Equal,29,,False,False,BHLQHBRW_s029,
BHLQHBRW,517.0,temple,2335.0,2341.0,517,temple,2335,2341,equal,True,Equal,29,,False,False,BHLQHBRW_s029,
BHLQHBRW,518.0,that,2342.0,2346.0,518,that,2342,2346,equal,True,Equal,29,,False,False,BHLQHBRW_s029,
BHLQHBRW,519.0,was,2347.0,2350.0,519,was,2347,2350,equal,True,Equal,29,,False,False,BHLQHBRW_s029,
BHLQHBRW,520.0,hidden,2351.0,2357.0,520,hidden,2351,2357,equal,True,Equal,29,,False,False,BHLQHBRW_s029,
BHLQHBRW,521.0,underneath,2358.0,2368.0,521,underneath,2358,2368,equal,True,Equal,29,,False,False,BHLQHBRW_s029,
BHLQHBRW,522.0,the,2369.0,2372.0,522,the,2369,2372,equal,True,Equal,29,,False,False,BHLQHBRW_s029,
BHLQHBRW,523.0,space,2373.0,2378.0,523,space,2373,2378,equal,True,Equal,29,,False,False,BHLQHBRW_s029,
BHLQHBRW,524.0,.,2378.0,2379.0,524,.,2378,2379,equal,True,Equal,29,Sentence Ending,False,False,BHLQHBRW_s029,Correct Ending
BHLQHBRW,525.0,"""",2380.0,2381.0,525,"""",2380,2381,equal,True,Equal,30,,False,False,BHLQHBRW_s030,
BHLQHBRW,526.0,How,2381.0,2384.0,526,How,2381,2384,equal,True,Equal,30,Sentence Beginning,False,False,BHLQHBRW_s030,Correct Beginning
BHLQHBRW,527.0,have,2385.0,2389.0,527,have,2385,2389,equal,True,Equal,30,,False,False,BHLQHBRW_s030,
BHLQHBRW,528.0,the,2390.0,2393.0,528,the,2390,2393,equal,True,Equal,30,,False,False,BHLQHBRW_s030,
BHLQHBRW,529.0,explorers,2394.0,2403.0,529,explorers,2394,2403,equal,True,Equal,30,,False,False,BHLQHBRW_s030,
BHLQHBRW,530.0,never,2404.0,2409.0,530,never,2404,2409,equal,True,Equal,30,,False,False,BHLQHBRW_s030,
BHLQHBRW,531.0,found,2410.0,2415.0,531,found,2410,2415,equal,True,Equal,30,,False,False,BHLQHBRW_s030,
BHLQHBRW,532.0,this,2416.0,2420.0,532,this,2416,2420,equal,True,Equal,30,,False,False,BHLQHBRW_s030,
BHLQHBRW,533.0,place,2421.0,2426.0,533,place,2421,2426,equal,True,Equal,30,,False,False,BHLQHBRW_s030,
BHLQHBRW,534.0,?,2426.0,2427.0,534,?,2426,2427,equal,True,Equal,30,Sentence Ending,False,False,BHLQHBRW_s030,Correct Ending
BHLQHBRW,535.0,"""",2427.0,2428.0,535,"""",2427,2428,equal,True,Equal,31,,False,False,BHLQHBRW_s031,
BHLQHBRW,536.0,Esmerelda,2429.0,2438.0,536,Esmerelda,2429,2438,equal,True,Equal,31,Sentence Beginning,False,False,BHLQHBRW_s031,Correct Beginning
BHLQHBRW,537.0,wondered,2439.0,2447.0,537,wondered,2439,2447,equal,True,Equal,31,,False,False,BHLQHBRW_s031,
BHLQHBRW,538.0,aloud,2448.0,2453.0,538,aloud,2448,2453,equal,True,Equal,31,,False,False,BHLQHBRW_s031,
BHLQHBRW,539.0,.,2453.0,2454.0,539,.,2453,2454,equal,True,Equal,31,Sentence Ending,False,False,BHLQHBRW_s031,Correct Ending
BHLQHBRW,540.0,"""",2455.0,2456.0,540,"""",2455,2456,equal,True,Equal,32,,False,False,BHLQHBRW_s032,
BHLQHBRW,541.0,Do,2456.0,2458.0,541,Do,2456,2458,equal,True,Equal,32,Sentence Beginning,False,False,BHLQHBRW_s032,Correct Beginning
BHLQHBRW,542.0,you,2459.0,2462.0,542,you,2459,2462,equal,True,Equal,32,,False,False,BHLQHBRW_s032,
BHLQHBRW,543.0,think,2463.0,2468.0,543,think,2463,2468,equal,True,Equal,32,,False,False,BHLQHBRW_s032,
BHLQHBRW,544.0,-,2468.0,2469.0,544,-,2468,2469,equal,True,Equal,32,,False,False,BHLQHBRW_s032,
BHLQHBRW,545.0,"""",2469.0,2470.0,545,"""",2469,2470,equal,True,Equal,32,,False,False,BHLQHBRW_s032,
BHLQHBRW,546.0,Her,2471.0,2474.0,546,Her,2471,2474,equal,True,Equal,32,,False,False,BHLQHBRW_s032,
BHLQHBRW,547.0,question,2475.0,2483.0,547,question,2475,2483,equal,True,Equal,32,,False,False,BHLQHBRW_s032,
BHLQHBRW,548.0,was,2484.0,2487.0,548,was,2484,2487,equal,True,Equal,32,,False,False,BHLQHBRW_s032,
BHLQHBRW,549.0,cut,2488.0,2491.0,549,cut,2488,2491,equal,True,Equal,32,,False,False,BHLQHBRW_s032,
BHLQHBRW,550.0,short,2492.0,2497.0,550,short,2492,2497,equal,True,Equal,32,,False,False,BHLQHBRW_s032,
BHLQHBRW,551.0,with,2498.0,2502.0,551,with,2498,2502,equal,True,Equal,32,,False,False,BHLQHBRW_s032,
BHLQHBRW,552.0,a,2503.0,2504.0,552,a,2503,2504,equal,True,Equal,32,,False,False,BHLQHBRW_s032,
BHLQHBRW,553.0,scream,2505.0,2511.0,553,scream,2505,2511,equal,True,Equal,32,,False,False,BHLQHBRW_s032,
BHLQHBRW,554.0,as,2512.0,2514.0,554,as,2512,2514,equal,True,Equal,32,,False,False,BHLQHBRW_s032,
BHLQHBRW,555.0,long,2515.0,2519.0,555,long,2515,2519,equal,True,Equal,32,,False,False,BHLQHBRW_s032,
BHLQHBRW,556.0,black,2520.0,2525.0,556,black,2520,2525,equal,True,Equal,32,,False,False,BHLQHBRW_s032,
BHLQHBRW,557.0,tenticle,2526.0,2534.0,557,tenticle,2526,2534,equal,True,Equal,32,,False,False,BHLQHBRW_s032,
BHLQHBRW,558.0,protruded,2535.0,2544.0,558,protruded,2535,2544,equal,True,Equal,32,,False,False,BHLQHBRW_s032,
BHLQHBRW,559.0,from,2545.0,2549.0,559,from,2545,2549,equal,True,Equal,32,,False,False,BHLQHBRW_s032,
BHLQHBRW,560.0,her,2550.0,2553.0,560,her,2550,2553,equal,True,Equal,32,,False,False,BHLQHBRW_s032,
BHLQHBRW,561.0,stomach,2554.0,2561.0,561,stomach,2554,2561,equal,True,Equal,32,,False,False,BHLQHBRW_s032,
BHLQHBRW,562.0,.,2561.0,2562.0,562,.,2561,2562,equal,True,Equal,32,Sentence Ending,False,False,BHLQHBRW_s032,Correct Ending
BHLQHBRW,563.0,Another,2563.0,2570.0,563,Another,2563,2570,equal,True,Equal,33,Sentence Beginning,False,False,BHLQHBRW_s033,Correct Beginning
BHLQHBRW,564.0,tenticle,2571.0,2579.0,564,tenticle,2571,2579,equal,True,Equal,33,,False,False,BHLQHBRW_s033,
BHLQHBRW,565.0,wrapped,2580.0,2587.0,565,wrapped,2580,2587,equal,True,Equal,33,,False,False,BHLQHBRW_s033,
BHLQHBRW,566.0,itself,2588.0,2594.0,566,itself,2588,2594,equal,True,Equal,33,,False,False,BHLQHBRW_s033,
BHLQHBRW,567.0,around,2595.0,2601.0,567,around,2595,2601,equal,True,Equal,33,,False,False,BHLQHBRW_s033,
BHLQHBRW,568.0,her,2602.0,2605.0,568,her,2602,2605,equal,True,Equal,33,,False,False,BHLQHBRW_s033,
BHLQHBRW,569.0,head,2606.0,2610.0,569,head,2606,2610,equal,True,Equal,33,,False,False,BHLQHBRW_s033,
BHLQHBRW,570.0,as,2611.0,2613.0,570,as,2611,2613,equal,True,Equal,33,,False,False,BHLQHBRW_s033,
BHLQHBRW,571.0,it,2614.0,2616.0,571,it,2614,2616,equal,True,Equal,33,,False,False,BHLQHBRW_s033,
BHLQHBRW,572.0,slowly,2617.0,2623.0,572,slowly,2617,2623,equal,True,Equal,33,,False,False,BHLQHBRW_s033,
BHLQHBRW,573.0,crushed,2624.0,2631.0,573,crushed,2624,2631,equal,True,Equal,33,,False,False,BHLQHBRW_s033,
BHLQHBRW,574.0,it,2632.0,2634.0,574,it,2632,2634,equal,True,Equal,33,,False,False,BHLQHBRW_s033,
BHLQHBRW,575.0,.,2634.0,2635.0,575,.,2634,2635,equal,True,Equal,33,Sentence Ending,False,False,BHLQHBRW_s033,Correct Ending
BHLQHBRW,576.0,The,2636.0,2639.0,576,The,2636,2639,equal,True,Equal,34,Sentence Beginning,False,False,BHLQHBRW_s034,Correct Beginning
BHLQHBRW,577.0,rest,2640.0,2644.0,577,rest,2640,2644,equal,True,Equal,34,,False,False,BHLQHBRW_s034,
BHLQHBRW,578.0,of,2645.0,2647.0,578,of,2645,2647,equal,True,Equal,34,,False,False,BHLQHBRW_s034,
BHLQHBRW,579.0,us,2648.0,2650.0,579,us,2648,2650,equal,True,Equal,34,,False,False,BHLQHBRW_s034,
BHLQHBRW,580.0,were,2651.0,2655.0,580,were,2651,2655,equal,True,Equal,34,,False,False,BHLQHBRW_s034,
BHLQHBRW,581.0,frozen,2656.0,2662.0,581,frozen,2656,2662,equal,True,Equal,34,,False,False,BHLQHBRW_s034,
BHLQHBRW,582.0,in,2663.0,2665.0,582,in,2663,2665,equal,True,Equal,34,,False,False,BHLQHBRW_s034,
BHLQHBRW,583.0,horror,2666.0,2672.0,583,horror,2666,2672,equal,True,Equal,34,,False,False,BHLQHBRW_s034,
BHLQHBRW,584.0,as,2673.0,2675.0,584,as,2673,2675,equal,True,Equal,34,,False,False,BHLQHBRW_s034,
BHLQHBRW,585.0,we,2676.0,2678.0,585,we,2676,2678,equal,True,Equal,34,,False,False,BHLQHBRW_s034,
BHLQHBRW,586.0,looked,2679.0,2685.0,586,looked,2679,2685,equal,True,Equal,34,,False,False,BHLQHBRW_s034,
BHLQHBRW,587.0,at,2686.0,2688.0,587,at,2686,2688,equal,True,Equal,34,,False,False,BHLQHBRW_s034,
BHLQHBRW,588.0,the,2689.0,2692.0,588,the,2689,2692,equal,True,Equal,34,,False,False,BHLQHBRW_s034,
BHLQHBRW,589.0,gruesome,2693.0,2701.0,589,gruesome,2693,2701,equal,True,Equal,34,,False,False,BHLQHBRW_s034,
BHLQHBRW,590.0,scene,2702.0,2707.0,590,scene,2702,2707,equal,True,Equal,34,,False,False,BHLQHBRW_s034,
BHLQHBRW,591.0,before,2708.0,2714.0,591,before,2708,2714,equal,True,Equal,34,,False,False,BHLQHBRW_s034,
BHLQHBRW,592.0,us,2715.0,2717.0,592,us,2715,2717,equal,True,Equal,34,,False,False,BHLQHBRW_s034,
BHLQHBRW,593.0,.,2717.0,2718.0,593,.,2717,2718,equal,True,Equal,34,Sentence Ending,False,False,BHLQHBRW_s034,Correct Ending
BHLQHBRW,594.0,.,2718.0,2719.0,594,.,2718,2719,equal,True,Equal,35,Sentence Ending,False,False,BHLQHBRW_s035,Correct Ending
BHLQHBRW,595.0,.,2719.0,2720.0,595,.,2719,2720,equal,True,Equal,36,Sentence Ending,False,False,BHLQHBRW_s036,Correct Ending
BHLQHBRW,596.0,"""",2721.0,2722.0,596,"""",2721,2722,equal,True,Equal,37,,False,False,BHLQHBRW_s037,
BHLQHBRW,597.0,Wait,2722.0,2726.0,597,Wait,2722,2726,equal,True,Equal,37,Sentence Beginning,False,False,BHLQHBRW_s037,Correct Beginning
BHLQHBRW,598.0,",",2726.0,2727.0,598,",",2726,2727,equal,True,Equal,37,,False,False,BHLQHBRW_s037,
BHLQHBRW,599.0,wait,2728.0,2732.0,599,wait,2728,2732,equal,True,Equal,37,,False,False,BHLQHBRW_s037,
BHLQHBRW,600.0,mum,2733.0,2736.0,600,mum,2733,2736,equal,True,Equal,37,,False,False,BHLQHBRW_s037,
BHLQHBRW,601.0,!,2736.0,2737.0,601,!,2736,2737,equal,True,Equal,37,Sentence Ending,False,False,BHLQHBRW_s037,Correct Ending
BHLQHBRW,602.0,We,2738.0,2740.0,602,We,2738,2740,equal,True,Equal,38,Sentence Beginning,False,False,BHLQHBRW_s038,Correct Beginning
BHLQHBRW,603.0,',2740.0,2741.0,603,',2740,2741,equal,True,Equal,38,,False,False,BHLQHBRW_s038,
BHLQHBRW,604.0,re,2741.0,2743.0,604,re,2741,2743,equal,True,Equal,38,,False,False,BHLQHBRW_s038,
BHLQHBRW,605.0,kids,2744.0,2748.0,605,kids,2744,2748,equal,True,Equal,38,,False,False,BHLQHBRW_s038,
BHLQHBRW,606.0,!,2748.0,2749.0,606,!,2748,2749,equal,True,Equal,38,Sentence Ending,False,False,BHLQHBRW_s038,Correct Ending
BHLQHBRW,607.0,If,2750.0,2752.0,607,If,2750,2752,equal,True,Equal,39,Sentence Beginning,False,False,BHLQHBRW_s039,Correct Beginning
BHLQHBRW,608.0,you,2753.0,2756.0,608,you,2753,2756,equal,True,Equal,39,,False,False,BHLQHBRW_s039,
BHLQHBRW,609.0,keep,2757.0,2761.0,609,keep,2757,2761,equal,True,Equal,39,,False,False,BHLQHBRW_s039,
BHLQHBRW,610.0,going,2762.0,2767.0,610,going,2762,2767,equal,True,Equal,39,,False,False,BHLQHBRW_s039,
BHLQHBRW,611.0,then,2768.0,2772.0,611,then,2768,2772,equal,True,Equal,39,,False,False,BHLQHBRW_s039,
BHLQHBRW,612.0,we,2773.0,2775.0,612,we,2773,2775,equal,True,Equal,39,,False,False,BHLQHBRW_s039,
BHLQHBRW,613.0,',2775.0,2776.0,613,',2775,2776,equal,True,Equal,39,,False,False,BHLQHBRW_s039,
BHLQHBRW,614.0,re,2776.0,2778.0,614,re,2776,2778,equal,True,Equal,39,,False,False,BHLQHBRW_s039,
BHLQHBRW,615.0,going,2779.0,2784.0,615,going,2779,2784,equal,True,Equal,39,,False,False,BHLQHBRW_s039,
BHLQHBRW,616.0,to,2785.0,2787.0,616,to,2785,2787,equal,True,Equal,39,,False,False,BHLQHBRW_s039,
BHLQHBRW,617.0,have,2788.0,2792.0,617,have,2788,2792,equal,True,Equal,39,,False,False,BHLQHBRW_s039,
BHLQHBRW,618.0,nightmares,2793.0,2803.0,618,nightmares,2793,2803,equal,True,Equal,39,,False,False,BHLQHBRW_s039,
BHLQHBRW,619.0,!,2803.0,2804.0,619,!,2803,2804,equal,True,Equal,39,Sentence Ending,False,False,BHLQHBRW_s039,Correct Ending
BHLQHBRW,620.0,"""",2804.0,2805.0,620,"""",2804,2805,equal,True,Equal,40,,False,False,BHLQHBRW_s040,
BHLQHBRW,621.0,little,2806.0,2812.0,621,little,2806,2812,equal,True,Equal,40,Sentence Beginning,False,False,BHLQHBRW_s040,Incorrect Beginning
BHLQHBRW,622.0,Andrew,2813.0,2819.0,622,Andrew,2813,2819,equal,True,Equal,40,,False,False,BHLQHBRW_s040,
BHLQHBRW,623.0,whined,2820.0,2826.0,623,whined,2820,2826,equal,True,Equal,40,,False,False,BHLQHBRW_s040,
BHLQHBRW,624.0,.,2826.0,2827.0,624,.,2826,2827,equal,True,Equal,40,Sentence Ending,False,False,BHLQHBRW_s040,Correct Ending
BHLQHBRW,625.0,"""",2828.0,2829.0,625,"""",2828,2829,equal,True,Equal,41,,False,False,BHLQHBRW_s041,
BHLQHBRW,626.0,But,2829.0,2832.0,626,But,2829,2832,equal,True,Equal,41,Sentence Beginning,False,False,BHLQHBRW_s041,Correct Beginning
BHLQHBRW,627.0,I,2833.0,2834.0,627,I,2833,2834,equal,True,Equal,41,,False,False,BHLQHBRW_s041,
BHLQHBRW,628.0,want,2835.0,2839.0,628,want,2835,2839,equal,True,Equal,41,,False,False,BHLQHBRW_s041,
BHLQHBRW,629.0,to,2840.0,2842.0,629,to,2840,2842,equal,True,Equal,41,,False,False,BHLQHBRW_s041,
BHLQHBRW,630.0,hear,2843.0,2847.0,630,hear,2843,2847,equal,True,Equal,41,,False,False,BHLQHBRW_s041,
BHLQHBRW,631.0,the,2848.0,2851.0,631,the,2848,2851,equal,True,Equal,41,,False,False,BHLQHBRW_s041,
BHLQHBRW,632.0,rest,2852.0,2856.0,632,rest,2852,2856,equal,True,Equal,41,,False,False,BHLQHBRW_s041,
BHLQHBRW,633.0,!,2856.0,2857.0,633,!,2856,2857,equal,True,Equal,41,Sentence Ending,False,False,BHLQHBRW_s041,Correct Ending
BHLQHBRW,634.0,"""",2857.0,2858.0,634,"""",2857,2858,equal,True,Equal,42,,False,False,BHLQHBRW_s042,
BHLQHBRW,635.0,Angela,2859.0,2865.0,635,Angela,2859,2865,equal,True,Equal,42,Sentence Beginning,False,False,BHLQHBRW_s042,Correct Beginning
BHLQHBRW,636.0,said,2866.0,2870.0,636,said,2866,2870,equal,True,Equal,42,,False,False,BHLQHBRW_s042,
BHLQHBRW,637.0,angrily,2871.0,2878.0,637,angrily,2871,2878,equal,True,Equal,42,,False,False,BHLQHBRW_s042,
BHLQHBRW,638.0,.,2878.0,2879.0,638,.,2878,2879,equal,True,Equal,42,Sentence Ending,False,False,BHLQHBRW_s042,Correct Ending
BHLQHBRW,639.0,Martha,2880.0,2886.0,639,Martha,2880,2886,equal,True,Equal,43,Sentence Beginning,False,False,BHLQHBRW_s043,Correct Beginning
BHLQHBRW,640.0,shook,2887.0,2892.0,640,shook,2887,2892,equal,True,Equal,43,,False,False,BHLQHBRW_s043,
BHLQHBRW,641.0,her,2893.0,2896.0,641,her,2893,2896,equal,True,Equal,43,,False,False,BHLQHBRW_s043,
BHLQHBRW,642.0,head,2897.0,2901.0,642,head,2897,2901,equal,True,Equal,43,,False,False,BHLQHBRW_s043,
BHLQHBRW,643.0,.,2901.0,2902.0,643,.,2901,2902,equal,True,Equal,43,Sentence Ending,False,False,BHLQHBRW_s043,Correct Ending
BHLQHBRW,644.0,"""",2903.0,2904.0,644,"""",2903,2904,equal,True,Equal,44,,False,False,BHLQHBRW_s044,
BHLQHBRW,645.0,Andrew,2904.0,2910.0,645,Andrew,2904,2910,equal,True,Equal,44,Sentence Beginning,False,False,BHLQHBRW_s044,Correct Beginning
BHLQHBRW,646.0,is,2911.0,2913.0,646,is,2911,2913,equal,True,Equal,44,,False,False,BHLQHBRW_s044,
BHLQHBRW,647.0,right,2914.0,2919.0,647,right,2914,2919,equal,True,Equal,44,,False,False,BHLQHBRW_s044,
BHLQHBRW,648.0,.,2919.0,2920.0,648,.,2919,2920,equal,True,Equal,44,Sentence Ending,False,False,BHLQHBRW_s044,Correct Ending
BHLQHBRW,649.0,But,2921.0,2924.0,649,But,2921,2924,equal,True,Equal,45,Sentence Beginning,False,False,BHLQHBRW_s045,Correct Beginning
BHLQHBRW,650.0,if,2925.0,2927.0,650,if,2925,2927,equal,True,Equal,45,,False,False,BHLQHBRW_s045,
BHLQHBRW,651.0,you,2928.0,2931.0,651,you,2928,2931,equal,True,Equal,45,,False,False,BHLQHBRW_s045,
BHLQHBRW,652.0,want,2932.0,2936.0,652,want,2932,2936,equal,True,Equal,45,,False,False,BHLQHBRW_s045,
BHLQHBRW,653.0,to,2937.0,2939.0,653,to,2937,2939,equal,True,Equal,45,,False,False,BHLQHBRW_s045,
BHLQHBRW,654.0,hear,2940.0,2944.0,654,hear,2940,2944,equal,True,Equal,45,,False,False,BHLQHBRW_s045,
BHLQHBRW,655.0,the,2945.0,2948.0,655,the,2945,2948,equal,True,Equal,45,,False,False,BHLQHBRW_s045,
BHLQHBRW,656.0,rest,2949.0,2953.0,656,rest,2949,2953,equal,True,Equal,45,,False,False,BHLQHBRW_s045,
BHLQHBRW,657.0,of,2954.0,2956.0,657,of,2954,2956,equal,True,Equal,45,,False,False,BHLQHBRW_s045,
BHLQHBRW,658.0,the,2957.0,2960.0,658,the,2957,2960,equal,True,Equal,45,,False,False,BHLQHBRW_s045,
BHLQHBRW,659.0,story,2961.0,2966.0,659,story,2961,2966,equal,True,Equal,45,,False,False,BHLQHBRW_s045,
BHLQHBRW,660.0,later,2967.0,2972.0,660,later,2967,2972,equal,True,Equal,45,,False,False,BHLQHBRW_s045,
BHLQHBRW,661.0,",",2972.0,2973.0,661,",",2972,2973,equal,True,Equal,45,,False,False,BHLQHBRW_s045,
BHLQHBRW,662.0,I,2974.0,2975.0,662,I,2974,2975,equal,True,Equal,45,,False,False,BHLQHBRW_s045,
BHLQHBRW,663.0,could,2976.0,2981.0,663,could,2976,2981,equal,True,Equal,45,,False,False,BHLQHBRW_s045,
BHLQHBRW,664.0,tell,2982.0,2986.0,664,tell,2982,2986,equal,True,Equal,45,,False,False,BHLQHBRW_s045,
BHLQHBRW,665.0,you,2987.0,2990.0,665,you,2987,2990,equal,True,Equal,45,,False,False,BHLQHBRW_s045,
BHLQHBRW,666.0,what,2991.0,2995.0,666,what,2991,2995,equal,True,Equal,45,,False,False,BHLQHBRW_s045,
BHLQHBRW,667.0,happens,2996.0,3003.0,667,happens,2996,3003,equal,True,Equal,45,,False,False,BHLQHBRW_s045,
BHLQHBRW,668.0,tomorrow,3004.0,3012.0,668,tomorrow,3004,3012,equal,True,Equal,45,,False,False,BHLQHBRW_s045,
BHLQHBRW,669.0,",",3012.0,3013.0,669,",",3012,3013,equal,True,Equal,45,,False,False,BHLQHBRW_s045,
BHLQHBRW,670.0,eh,3014.0,3016.0,670,eh,3014,3016,equal,True,Equal,45,,False,False,BHLQHBRW_s045,
BHLQHBRW,671.0,?,3016.0,3017.0,671,?,3016,3017,equal,True,Equal,45,Sentence Ending,False,False,BHLQHBRW_s045,Correct Ending
BHLQHBRW,672.0,"""",3017.0,3018.0,672,"""",3017,3018,equal,True,Equal,46,,False,False,BHLQHBRW_s046,
BHLQHBRW,673.0,she,3019.0,3022.0,673,she,3019,3022,equal,True,Equal,46,Sentence Beginning,False,False,BHLQHBRW_s046,Incorrect Beginning
BHLQHBRW,674.0,said,3023.0,3027.0,674,said,3023,3027,equal,True,Equal,46,,False,False,BHLQHBRW_s046,
BHLQHBRW,675.0,with,3028.0,3032.0,675,with,3028,3032,equal,True,Equal,46,,False,False,BHLQHBRW_s046,
BHLQHBRW,676.0,a,3033.0,3034.0,676,a,3033,3034,equal,True,Equal,46,,False,False,BHLQHBRW_s046,
BHLQHBRW,677.0,smile,3035.0,3040.0,677,smile,3035,3040,equal,True,Equal,46,,False,False,BHLQHBRW_s046,
BHLQHBRW,678.0,.,3040.0,3041.0,678,.,3040,3041,equal,True,Equal,46,Sentence Ending,False,False,BHLQHBRW_s046,Correct Ending
BHLQHBRW,679.0,"""",3042.0,3043.0,679,"""",3042,3043,equal,True,Equal,47,,False,False,BHLQHBRW_s047,
BHLQHBRW,680.0,Goodnight,3043.0,3052.0,680,Goodnight,3043,3052,equal,True,Equal,47,Sentence Beginning,False,False,BHLQHBRW_s047,Correct Beginning
BHLQHBRW,681.0,.,3052.0,3053.0,681,.,3052,3053,equal,True,Equal,47,Sentence Ending,False,False,BHLQHBRW_s047,Correct Ending
BHLQHBRW,682.0,.,3053.0,3054.0,682,.,3053,3054,equal,True,Equal,48,Sentence Ending,False,False,BHLQHBRW_s048,Correct Ending
BHLQHBRW,683.0,.,3054.0,3055.0,683,.,3054,3055,equal,True,Equal,49,Sentence Ending,False,False,BHLQHBRW_s049,Correct Ending
BHLQHBRW,684.0,"""",3055.0,3056.0,684,"""",3055,3056,equal,True,Equal,50,,False,False,BHLQHBRW_s050,
BHLQHBRW,,,,,685,.,3056,3057,insert,False,PunctuationInsertion,50,Sentence Ending,False,False,BHLQHBRW_s050,Incorrect Ending
BPHVBHZV,0.0,Boom,0.0,4.0,0,Boom,0,4,equal,True,Equal,0,Sentence Beginning,False,False,BPHVBHZV_s000,Correct Beginning
BPHVBHZV,1.0,!,4.0,5.0,1,!,4,5,equal,True,Equal,0,Sentence Ending,False,False,BPHVBHZV_s000,Correct Ending
BPHVBHZV,2.0,it,6.0,8.0,2,it,6,8,equal,True,Equal,1,Sentence Beginning,False,False,BPHVBHZV_s001,Incorrect Beginning
BPHVBHZV,3.0,was,9.0,12.0,3,was,9,12,equal,True,Equal,1,,False,False,BPHVBHZV_s001,
BPHVBHZV,4.0,an,13.0,15.0,4,an,13,15,equal,True,Equal,1,,False,False,BPHVBHZV_s001,
BPHVBHZV,5.0,explosion,16.0,25.0,5,explosion,16,25,equal,True,Equal,1,,False,False,BPHVBHZV_s001,
BPHVBHZV,6.0,the,26.0,29.0,6,the,26,29,equal,True,Equal,1,,False,False,BPHVBHZV_s001,
BPHVBHZV,7.0,world,30.0,35.0,7,world,30,35,equal,True,Equal,1,,False,False,BPHVBHZV_s001,
BPHVBHZV,8.0,shook,36.0,41.0,8,shook,36,41,equal,True,Equal,1,,False,False,BPHVBHZV_s001,
BPHVBHZV,9.0,asnd,42.0,46.0,9,asnd,42,46,equal,True,Equal,1,,False,False,BPHVBHZV_s001,
BPHVBHZV,10.0,lfe,47.0,50.0,10,lfe,47,50,equal,True,Equal,1,,False,False,BPHVBHZV_s001,
BPHVBHZV,11.0,flashed,51.0,58.0,11,flashed,51,58,equal,True,Equal,1,,False,False,BPHVBHZV_s001,
BPHVBHZV,12.0,before,59.0,65.0,12,before,59,65,equal,True,Equal,1,,False,False,BPHVBHZV_s001,
BPHVBHZV,13.0,my,66.0,68.0,13,my,66,68,equal,True,Equal,1,,False,False,BPHVBHZV_s001,
BPHVBHZV,14.0,eyes,69.0,73.0,14,eyes,69,73,equal,True,Equal,1,,False,False,BPHVBHZV_s001,
BPHVBHZV,15.0,i,74.0,75.0,15,i,74,75,equal,True,Equal,1,,False,False,BPHVBHZV_s001,
BPHVBHZV,16.0,struggled,76.0,85.0,16,struggled,76,85,equal,True,Equal,1,,False,False,BPHVBHZV_s001,
BPHVBHZV,17.0,to,86.0,88.0,17,to,86,88,equal,True,Equal,1,,False,False,BPHVBHZV_s001,
BPHVBHZV,18.0,get,89.0,92.0,18,get,89,92,equal,True,Equal,1,,False,False,BPHVBHZV_s001,
BPHVBHZV,19.0,up,93.0,95.0,19,up,93,95,equal,True,Equal,1,,False,False,BPHVBHZV_s001,
BPHVBHZV,20.0,burried,96.0,103.0,20,burried,96,103,equal,True,Equal,1,,False,False,BPHVBHZV_s001,
BPHVBHZV,21.0,in,104.0,106.0,21,in,104,106,equal,True,Equal,1,,False,False,BPHVBHZV_s001,
BPHVBHZV,22.0,te,107.0,109.0,22,te,107,109,equal,True,Equal,1,,False,False,BPHVBHZV_s001,
BPHVBHZV,23.0,remains,110.0,117.0,23,remains,110,117,equal,True,Equal,1,,False,False,BPHVBHZV_s001,
BPHVBHZV,24.0,of,118.0,120.0,24,of,118,120,equal,True,Equal,1,,False,False,BPHVBHZV_s001,
BPHVBHZV,25.0,whats,121.0,126.0,25,whats,121,126,equal,True,Equal,1,,False,False,BPHVBHZV_s001,
BPHVBHZV,26.0,of,127.0,129.0,26,of,127,129,equal,True,Equal,1,,False,False,BPHVBHZV_s001,
BPHVBHZV,27.0,our,130.0,133.0,27,our,130,133,equal,True,Equal,1,,False,False,BPHVBHZV_s001,
BPHVBHZV,28.0,house,134.0,139.0,28,house,134,139,equal,True,Equal,1,,False,False,BPHVBHZV_s001,
BPHVBHZV,29.0,",",139.0,140.0,29,",",139,140,equal,True,Equal,1,,False,False,BPHVBHZV_s001,
BPHVBHZV,30.0,this,141.0,145.0,30,this,141,145,equal,True,Equal,1,,False,False,BPHVBHZV_s001,
BPHVBHZV,31.0,was,146.0,149.0,31,was,146,149,equal,True,Equal,1,,False,False,BPHVBHZV_s001,
BPHVBHZV,32.0,the,150.0,153.0,32,the,150,153,equal,True,Equal,1,,False,False,BPHVBHZV_s001,
BPHVBHZV,33.0,third,154.0,159.0,33,third,154,159,equal,True,Equal,1,,False,False,BPHVBHZV_s001,
BPHVBHZV,34.0,bombing,160.0,167.0,34,bombing,160,167,equal,True,Equal,1,,False,False,BPHVBHZV_s001,
BPHVBHZV,35.0,in,168.0,170.0,35,in,168,170,equal,True,Equal,1,,False,False,BPHVBHZV_s001,
BPHVBHZV,36.0,1,171.0,172.0,36,1,171,172,equal,True,Equal,1,,False,False,BPHVBHZV_s001,
BPHVBHZV,37.0,week,173.0,177.0,37,week,173,177,equal,True,Equal,1,,False,False,BPHVBHZV_s001,
BPHVBHZV,38.0,but,178.0,181.0,38,but,178,181,equal,True,Equal,1,,False,False,BPHVBHZV_s001,
BPHVBHZV,39.0,we,182.0,184.0,39,we,182,184,equal,True,Equal,1,,False,False,BPHVBHZV_s001,
BPHVBHZV,40.0,couldn,185.0,191.0,40,couldn,185,191,equal,True,Equal,1,,False,False,BPHVBHZV_s001,
BPHVBHZV,41.0,',191.0,192.0,41,',191,192,equal,True,Equal,1,,False,False,BPHVBHZV_s001,
BPHVBHZV,42.0,t,192.0,193.0,42,t,192,193,equal,True,Equal,1,,False,False,BPHVBHZV_s001,
BPHVBHZV,43.0,leave,194.0,199.0,43,leave,194,199,equal,True,Equal,1,,False,False,BPHVBHZV_s001,
BPHVBHZV,44.0,.,199.0,200.0,44,.,199,200,equal,True,Equal,1,Sentence Ending,False,False,BPHVBHZV_s001,Correct Ending
BPHVBHZV,45.0,The,201.0,204.0,45,The,201,204,equal,True,Equal,2,Sentence Beginning,False,False,BPHVBHZV_s002,Correct Beginning
BPHVBHZV,46.0,civil,205.0,210.0,46,civil,205,210,equal,True,Equal,2,,False,False,BPHVBHZV_s002,
BPHVBHZV,47.0,war,211.0,214.0,47,war,211,214,equal,True,Equal,2,,False,False,BPHVBHZV_s002,
BPHVBHZV,48.0,in,215.0,217.0,48,in,215,217,equal,True,Equal,2,,False,False,BPHVBHZV_s002,
BPHVBHZV,49.0,iraq,218.0,222.0,49,iraq,218,222,equal,True,Equal,2,,False,False,BPHVBHZV_s002,
BPHVBHZV,50.0,had,223.0,226.0,50,had,223,226,equal,True,Equal,2,,False,False,BPHVBHZV_s002,
BPHVBHZV,51.0,reached,227.0,234.0,51,reached,227,234,equal,True,Equal,2,,False,False,BPHVBHZV_s002,
BPHVBHZV,52.0,a,235.0,236.0,52,a,235,236,equal,True,Equal,2,,False,False,BPHVBHZV_s002,
BPHVBHZV,53.0,new,237.0,240.0,53,new,237,240,equal,True,Equal,2,,False,False,BPHVBHZV_s002,
BPHVBHZV,54.0,level,241.0,246.0,54,level,241,246,equal,True,Equal,2,,False,False,BPHVBHZV_s002,
BPHVBHZV,55.0,.,246.0,247.0,55,.,246,247,equal,True,Equal,2,Sentence Ending,False,False,BPHVBHZV_s002,Correct Ending
BQTNFJFX,0.0,the,0.0,3.0,0,The,0,3,equal,False,Equal,0,Sentence Beginning,False,False,BQTNFJFX_s000,Incorrect Beginning
BQTNFJFX,1.0,ag,4.0,6.0,1,ag,4,6,equal,True,Equal,0,,False,False,BQTNFJFX_s000,
BQTNFJFX,2.0,is,7.0,9.0,2,is,7,9,equal,True,Equal,0,,False,False,BQTNFJFX_s000,
BQTNFJFX,3.0,god,10.0,13.0,3,god,10,13,equal,True,Equal,0,,False,False,BQTNFJFX_s000,
BQTNFJFX,4.0,unecon,14.0,20.0,4,unecon,14,20,equal,True,Equal,0,,False,False,BQTNFJFX_s000,
BQTNFJFX,5.0,.,20.0,21.0,5,.,20,21,equal,True,Equal,0,Sentence Ending,False,False,BQTNFJFX_s000,Correct Ending
BYCBGCFC,0.0,A,0.0,1.0,0,A,0,1,equal,True,Equal,0,Sentence Beginning,False,False,BYCBGCFC_s000,Correct Beginning
BYCBGCFC,1.0,young,2.0,7.0,1,young,2,7,equal,True,Equal,0,,False,False,BYCBGCFC_s000,
BYCBGCFC,2.0,boy,8.0,11.0,2,boy,8,11,equal,True,Equal,0,,False,False,BYCBGCFC_s000,
BYCBGCFC,3.0,Named,12.0,17.0,3,Named,12,17,equal,True,Equal,0,,False,False,BYCBGCFC_s000,
BYCBGCFC,4.0,Jasper,18.0,24.0,4,Jasper,18,24,equal,True,Equal,0,,False,False,BYCBGCFC_s000,
BYCBGCFC,5.0,dreamed,25.0,32.0,5,dreamed,25,32,equal,True,Equal,0,,False,False,BYCBGCFC_s000,
BYCBGCFC,6.0,of,33.0,35.0,6,of,33,35,equal,True,Equal,0,,False,False,BYCBGCFC_s000,
BYCBGCFC,7.0,being,36.0,41.0,7,being,36,41,equal,True,Equal,0,,False,False,BYCBGCFC_s000,
BYCBGCFC,8.0,a,42.0,43.0,8,a,42,43,equal,True,Equal,0,,False,False,BYCBGCFC_s000,
BYCBGCFC,9.0,supur,44.0,49.0,9,supur,44,49,equal,True,Equal,0,,False,False,BYCBGCFC_s000,
BYCBGCFC,10.0,hero,50.0,54.0,10,hero,50,54,equal,True,Equal,0,,False,False,BYCBGCFC_s000,
BYCBGCFC,11.0,.,54.0,55.0,11,.,54,55,equal,True,Equal,0,Sentence Ending,False,False,BYCBGCFC_s000,Correct Ending
BYCBGCFC,12.0,He,56.0,58.0,12,He,56,58,equal,True,Equal,1,Sentence Beginning,False,False,BYCBGCFC_s001,Correct Beginning
BYCBGCFC,13.0,loved,59.0,64.0,13,loved,59,64,equal,True,Equal,1,,False,False,BYCBGCFC_s001,
BYCBGCFC,14.0,super,65.0,70.0,14,super,65,70,equal,True,Equal,1,,False,False,BYCBGCFC_s001,
BYCBGCFC,15.0,heros,71.0,76.0,15,heros,71,76,equal,True,Equal,1,,False,False,BYCBGCFC_s001,
BYCBGCFC,16.0,then,77.0,81.0,16,then,77,81,equal,True,Equal,1,,False,False,BYCBGCFC_s001,
BYCBGCFC,17.0,years,82.0,87.0,17,years,82,87,equal,True,Equal,1,,False,False,BYCBGCFC_s001,
BYCBGCFC,18.0,and,88.0,91.0,18,and,88,91,equal,True,Equal,1,,False,False,BYCBGCFC_s001,
BYCBGCFC,19.0,years,92.0,97.0,19,years,92,97,equal,True,Equal,1,,False,False,BYCBGCFC_s001,
BYCBGCFC,20.0,past,98.0,102.0,20,past,98,102,equal,True,Equal,1,,False,False,BYCBGCFC_s001,
BYCBGCFC,21.0,it,103.0,105.0,21,it,103,105,equal,True,Equal,1,,False,False,BYCBGCFC_s001,
BYCBGCFC,22.0,was,106.0,109.0,22,was,106,109,equal,True,Equal,1,,False,False,BYCBGCFC_s001,
BYCBGCFC,23.0,his,110.0,113.0,23,his,110,113,equal,True,Equal,1,,False,False,BYCBGCFC_s001,
BYCBGCFC,24.0,time,114.0,118.0,24,time,114,118,equal,True,Equal,1,,False,False,BYCBGCFC_s001,
BYCBGCFC,25.0,to,119.0,121.0,25,to,119,121,equal,True,Equal,1,,False,False,BYCBGCFC_s001,
BYCBGCFC,26.0,shine,122.0,127.0,26,shine,122,127,equal,True,Equal,1,,False,False,BYCBGCFC_s001,
BYCBGCFC,27.0,.,127.0,128.0,27,.,127,128,equal,True,Equal,1,Sentence Ending,False,False,BYCBGCFC_s001,Correct Ending
BYCBGCFC,28.0,But,129.0,132.0,28,But,129,132,equal,True,Equal,2,Sentence Beginning,False,False,BYCBGCFC_s002,Correct Beginning
BYCBGCFC,29.0,there,133.0,138.0,29,there,133,138,equal,True,Equal,2,,False,False,BYCBGCFC_s002,
BYCBGCFC,30.0,was,139.0,142.0,30,was,139,142,equal,True,Equal,2,,False,False,BYCBGCFC_s002,
BYCBGCFC,31.0,one,143.0,146.0,31,one,143,146,equal,True,Equal,2,,False,False,BYCBGCFC_s002,
BYCBGCFC,32.0,problem,147.0,154.0,32,problem,147,154,equal,True,Equal,2,,False,False,BYCBGCFC_s002,
BYCBGCFC,33.0,there,155.0,160.0,33,there,155,160,equal,True,Equal,2,,False,False,BYCBGCFC_s002,
BYCBGCFC,34.0,was,161.0,164.0,34,was,161,164,equal,True,Equal,2,,False,False,BYCBGCFC_s002,
BYCBGCFC,35.0,no,165.0,167.0,35,no,165,167,equal,True,Equal,2,,False,False,BYCBGCFC_s002,
BYCBGCFC,36.0,one,168.0,171.0,36,one,168,171,equal,True,Equal,2,,False,False,BYCBGCFC_s002,
BYCBGCFC,37.0,to,172.0,174.0,37,to,172,174,equal,True,Equal,2,,False,False,BYCBGCFC_s002,
BYCBGCFC,38.0,save,175.0,179.0,38,save,175,179,equal,True,Equal,2,,False,False,BYCBGCFC_s002,
BYCBGCFC,39.0,and,180.0,183.0,39,and,180,183,equal,True,Equal,2,,False,False,BYCBGCFC_s002,
BYCBGCFC,40.0,he,184.0,186.0,40,he,184,186,equal,True,Equal,2,,False,False,BYCBGCFC_s002,
BYCBGCFC,41.0,dose,187.0,191.0,41,dose,187,191,equal,True,Equal,2,,False,False,BYCBGCFC_s002,
BYCBGCFC,42.0,not,192.0,195.0,42,not,192,195,equal,True,Equal,2,,False,False,BYCBGCFC_s002,
BYCBGCFC,43.0,have,196.0,200.0,43,have,196,200,equal,True,Equal,2,,False,False,BYCBGCFC_s002,
BYCBGCFC,44.0,a,201.0,202.0,44,a,201,202,equal,True,Equal,2,,False,False,BYCBGCFC_s002,
BYCBGCFC,45.0,suit,203.0,207.0,45,suit,203,207,equal,True,Equal,2,,False,False,BYCBGCFC_s002,
BYCBGCFC,46.0,to,208.0,210.0,46,to,208,210,equal,True,Equal,2,,False,False,BYCBGCFC_s002,
BYCBGCFC,47.0,be,211.0,213.0,47,be,211,213,equal,True,Equal,2,,False,False,BYCBGCFC_s002,
BYCBGCFC,48.0,a,214.0,215.0,48,a,214,215,equal,True,Equal,2,,False,False,BYCBGCFC_s002,
BYCBGCFC,49.0,super,216.0,221.0,49,super,216,221,equal,True,Equal,2,,False,False,BYCBGCFC_s002,
BYCBGCFC,50.0,hero,222.0,226.0,50,hero,222,226,equal,True,Equal,2,,False,False,BYCBGCFC_s002,
BYCBGCFC,51.0,so,227.0,229.0,51,so,227,229,equal,True,Equal,2,,False,False,BYCBGCFC_s002,
BYCBGCFC,52.0,that,230.0,234.0,52,that,230,234,equal,True,Equal,2,,False,False,BYCBGCFC_s002,
BYCBGCFC,53.0,night,235.0,240.0,53,night,235,240,equal,True,Equal,2,,False,False,BYCBGCFC_s002,
BYCBGCFC,54.0,he,241.0,243.0,54,he,241,243,equal,True,Equal,2,,False,False,BYCBGCFC_s002,
BYCBGCFC,55.0,made,244.0,248.0,55,made,244,248,equal,True,Equal,2,,False,False,BYCBGCFC_s002,
BYCBGCFC,56.0,his,249.0,252.0,56,his,249,252,equal,True,Equal,2,,False,False,BYCBGCFC_s002,
BYCBGCFC,57.0,own,253.0,256.0,57,own,253,256,equal,True,Equal,2,,False,False,BYCBGCFC_s002,
BYCBGCFC,58.0,suit,257.0,261.0,58,suit,257,261,equal,True,Equal,2,,False,False,BYCBGCFC_s002,
BYCBGCFC,59.0,and,262.0,265.0,59,and,262,265,equal,True,Equal,2,,False,False,BYCBGCFC_s002,
BYCBGCFC,60.0,named,266.0,271.0,60,named,266,271,equal,True,Equal,2,,False,False,BYCBGCFC_s002,
BYCBGCFC,61.0,his,272.0,275.0,61,his,272,275,equal,True,Equal,2,,False,False,BYCBGCFC_s002,
BYCBGCFC,62.0,self,276.0,280.0,62,self,276,280,equal,True,Equal,2,,False,False,BYCBGCFC_s002,
BYCBGCFC,63.0,water,281.0,286.0,63,water,281,286,equal,True,Equal,2,,False,False,BYCBGCFC_s002,
BYCBGCFC,64.0,man,287.0,290.0,64,man,287,290,equal,True,Equal,2,,False,False,BYCBGCFC_s002,
BYCBGCFC,65.0,which,291.0,296.0,65,which,291,296,equal,True,Equal,2,,False,False,BYCBGCFC_s002,
BYCBGCFC,66.0,gave,297.0,301.0,66,gave,297,301,equal,True,Equal,2,,False,False,BYCBGCFC_s002,
BYCBGCFC,67.0,him,302.0,305.0,67,him,302,305,equal,True,Equal,2,,False,False,BYCBGCFC_s002,
BYCBGCFC,68.0,self,306.0,310.0,68,self,306,310,equal,True,Equal,2,,False,False,BYCBGCFC_s002,
BYCBGCFC,69.0,the,311.0,314.0,69,the,311,314,equal,True,Equal,2,,False,False,BYCBGCFC_s002,
BYCBGCFC,70.0,ability,315.0,322.0,70,ability,315,322,equal,True,Equal,2,,False,False,BYCBGCFC_s002,
BYCBGCFC,71.0,to,323.0,325.0,71,to,323,325,equal,True,Equal,2,,False,False,BYCBGCFC_s002,
BYCBGCFC,72.0,shoot,326.0,331.0,72,shoot,326,331,equal,True,Equal,2,,False,False,BYCBGCFC_s002,
BYCBGCFC,73.0,typs,332.0,336.0,73,typs,332,336,equal,True,Equal,2,,False,False,BYCBGCFC_s002,
BYCBGCFC,74.0,of,337.0,339.0,74,of,337,339,equal,True,Equal,2,,False,False,BYCBGCFC_s002,
BYCBGCFC,75.0,water,340.0,345.0,75,water,340,345,equal,True,Equal,2,,False,False,BYCBGCFC_s002,
BYCBGCFC,76.0,a,346.0,347.0,76,a,346,347,equal,True,Equal,2,,False,False,BYCBGCFC_s002,
BYCBGCFC,77.0,liquids,348.0,355.0,77,liquids,348,355,equal,True,Equal,2,,False,False,BYCBGCFC_s002,
BYCBGCFC,78.0,to,356.0,358.0,78,to,356,358,equal,True,Equal,2,,False,False,BYCBGCFC_s002,
BYCBGCFC,79.0,save,359.0,363.0,79,save,359,363,equal,True,Equal,2,,False,False,BYCBGCFC_s002,
BYCBGCFC,80.0,people,364.0,370.0,80,people,364,370,equal,True,Equal,2,,False,False,BYCBGCFC_s002,
BYCBGCFC,81.0,.,370.0,371.0,81,.,370,371,equal,True,Equal,2,Sentence Ending,False,False,BYCBGCFC_s002,Correct Ending
BYCBGCFC,82.0,So,372.0,374.0,82,So,372,374,equal,True,Equal,3,Sentence Beginning,False,False,BYCBGCFC_s003,Correct Beginning
BYCBGCFC,83.0,the,375.0,378.0,83,the,375,378,equal,True,Equal,3,,False,False,BYCBGCFC_s003,
BYCBGCFC,84.0,did,379.0,382.0,84,did,379,382,equal,True,Equal,3,,False,False,BYCBGCFC_s003,
BYCBGCFC,85.0,soome,383.0,388.0,85,soome,383,388,equal,True,Equal,3,,False,False,BYCBGCFC_s003,
BYCBGCFC,86.0,praying,389.0,396.0,86,praying,389,396,equal,True,Equal,3,,False,False,BYCBGCFC_s003,
BYCBGCFC,87.0,and,397.0,400.0,87,and,397,400,equal,True,Equal,3,,False,False,BYCBGCFC_s003,
BYCBGCFC,88.0,got,401.0,404.0,88,got,401,404,equal,True,Equal,3,,False,False,BYCBGCFC_s003,
BYCBGCFC,89.0,the,405.0,408.0,89,the,405,408,equal,True,Equal,3,,False,False,BYCBGCFC_s003,
BYCBGCFC,90.0,ability,409.0,416.0,90,ability,409,416,equal,True,Equal,3,,False,False,BYCBGCFC_s003,
BYCBGCFC,91.0,!,416.0,417.0,91,!,416,417,equal,True,Equal,3,Sentence Ending,False,False,BYCBGCFC_s003,Correct Ending
BYCBGCFC,92.0,The,418.0,421.0,92,The,418,421,equal,True,Equal,4,Sentence Beginning,False,False,BYCBGCFC_s004,Correct Beginning
BYCBGCFC,93.0,next,422.0,426.0,93,next,422,426,equal,True,Equal,4,,False,False,BYCBGCFC_s004,
BYCBGCFC,94.0,morning,427.0,434.0,94,morning,427,434,equal,True,Equal,4,,False,False,BYCBGCFC_s004,
BYCBGCFC,95.0,a,435.0,436.0,95,a,435,436,equal,True,Equal,4,,False,False,BYCBGCFC_s004,
BYCBGCFC,96.0,truck,437.0,442.0,96,truck,437,442,equal,True,Equal,4,,False,False,BYCBGCFC_s004,
BYCBGCFC,97.0,of,443.0,445.0,97,of,443,445,equal,True,Equal,4,,False,False,BYCBGCFC_s004,
BYCBGCFC,98.0,sus,446.0,449.0,98,sus,446,449,equal,True,Equal,4,,False,False,BYCBGCFC_s004,
BYCBGCFC,99.0,men,450.0,453.0,99,men,450,453,equal,True,Equal,4,,False,False,BYCBGCFC_s004,
BYCBGCFC,100.0,invaded,454.0,461.0,100,invaded,454,461,equal,True,Equal,4,,False,False,BYCBGCFC_s004,
BYCBGCFC,101.0,the,462.0,465.0,101,the,462,465,equal,True,Equal,4,,False,False,BYCBGCFC_s004,
BYCBGCFC,102.0,town,466.0,470.0,102,town,466,470,equal,True,Equal,4,,False,False,BYCBGCFC_s004,
BYCBGCFC,103.0,so,471.0,473.0,103,so,471,473,equal,True,Equal,4,,False,False,BYCBGCFC_s004,
BYCBGCFC,104.0,the,474.0,477.0,104,the,474,477,equal,True,Equal,4,,False,False,BYCBGCFC_s004,
BYCBGCFC,105.0,did,478.0,481.0,105,did,478,481,equal,True,Equal,4,,False,False,BYCBGCFC_s004,
BYCBGCFC,106.0,his,482.0,485.0,106,his,482,485,equal,True,Equal,4,,False,False,BYCBGCFC_s004,
BYCBGCFC,107.0,power,486.0,491.0,107,power,486,491,equal,True,Equal,4,,False,False,BYCBGCFC_s004,
BYCBGCFC,108.0,but,492.0,495.0,108,but,492,495,equal,True,Equal,4,,False,False,BYCBGCFC_s004,
BYCBGCFC,109.0,they,496.0,500.0,109,they,496,500,equal,True,Equal,4,,False,False,BYCBGCFC_s004,
BYCBGCFC,110.0,had,501.0,504.0,110,had,501,504,equal,True,Equal,4,,False,False,BYCBGCFC_s004,
BYCBGCFC,111.0,a,505.0,506.0,111,a,505,506,equal,True,Equal,4,,False,False,BYCBGCFC_s004,
BYCBGCFC,112.0,realy,507.0,512.0,112,realy,507,512,equal,True,Equal,4,,False,False,BYCBGCFC_s004,
BYCBGCFC,113.0,strong,513.0,519.0,113,strong,513,519,equal,True,Equal,4,,False,False,BYCBGCFC_s004,
BYCBGCFC,114.0,sheil,520.0,525.0,114,sheil,520,525,equal,True,Equal,4,,False,False,BYCBGCFC_s004,
BYCBGCFC,115.0,that,526.0,530.0,115,that,526,530,equal,True,Equal,4,,False,False,BYCBGCFC_s004,
BYCBGCFC,116.0,is,531.0,533.0,116,is,531,533,equal,True,Equal,4,,False,False,BYCBGCFC_s004,
BYCBGCFC,117.0,water,534.0,539.0,117,water,534,539,equal,True,Equal,4,,False,False,BYCBGCFC_s004,
BYCBGCFC,118.0,proof,540.0,545.0,118,proof,540,545,equal,True,Equal,4,,False,False,BYCBGCFC_s004,
BYCBGCFC,119.0,and,546.0,549.0,119,and,546,549,equal,True,Equal,4,,False,False,BYCBGCFC_s004,
BYCBGCFC,120.0,it,550.0,552.0,120,it,550,552,equal,True,Equal,4,,False,False,BYCBGCFC_s004,
BYCBGCFC,121.0,did,553.0,556.0,121,did,553,556,equal,True,Equal,4,,False,False,BYCBGCFC_s004,
BYCBGCFC,122.0,not,557.0,560.0,122,not,557,560,equal,True,Equal,4,,False,False,BYCBGCFC_s004,
BYCBGCFC,123.0,work,561.0,565.0,123,work,561,565,equal,True,Equal,4,,False,False,BYCBGCFC_s004,
BYCBGCFC,124.0,.,565.0,566.0,124,.,565,566,equal,True,Equal,4,Sentence Ending,False,False,BYCBGCFC_s004,Correct Ending
BYCBGCFC,125.0,Then,567.0,571.0,125,Then,567,571,equal,True,Equal,5,Sentence Beginning,False,False,BYCBGCFC_s005,Correct Beginning
BYCBGCFC,126.0,He,572.0,574.0,126,He,572,574,equal,True,Equal,5,,False,False,BYCBGCFC_s005,
BYCBGCFC,127.0,found,575.0,580.0,127,found,575,580,equal,True,Equal,5,,False,False,BYCBGCFC_s005,
BYCBGCFC,128.0,a,581.0,582.0,128,a,581,582,equal,True,Equal,5,,False,False,BYCBGCFC_s005,
BYCBGCFC,129.0,sord,583.0,587.0,129,sord,583,587,equal,True,Equal,5,,False,False,BYCBGCFC_s005,
BYCBGCFC,130.0,and,588.0,591.0,130,and,588,591,equal,True,Equal,5,,False,False,BYCBGCFC_s005,
BYCBGCFC,131.0,combineded,592.0,602.0,131,combineded,592,602,equal,True,Equal,5,,False,False,BYCBGCFC_s005,
BYCBGCFC,132.0,with,603.0,607.0,132,with,603,607,equal,True,Equal,5,,False,False,BYCBGCFC_s005,
BYCBGCFC,133.0,his,608.0,611.0,133,his,608,611,equal,True,Equal,5,,False,False,BYCBGCFC_s005,
BYCBGCFC,134.0,water,612.0,617.0,134,water,612,617,equal,True,Equal,5,,False,False,BYCBGCFC_s005,
BYCBGCFC,135.0,power,618.0,623.0,135,power,618,623,equal,True,Equal,5,,False,False,BYCBGCFC_s005,
BYCBGCFC,136.0,but,624.0,627.0,136,but,624,627,equal,True,Equal,5,,False,False,BYCBGCFC_s005,
BYCBGCFC,137.0,it,628.0,630.0,137,it,628,630,equal,True,Equal,5,,False,False,BYCBGCFC_s005,
BYCBGCFC,138.0,hurt,631.0,635.0,138,hurt,631,635,equal,True,Equal,5,,False,False,BYCBGCFC_s005,
BYCBGCFC,139.0,them,636.0,640.0,139,them,636,640,equal,True,Equal,5,,False,False,BYCBGCFC_s005,
BYCBGCFC,140.0,but,641.0,644.0,140,but,641,644,equal,True,Equal,5,,False,False,BYCBGCFC_s005,
BYCBGCFC,141.0,did,645.0,648.0,141,did,645,648,equal,True,Equal,5,,False,False,BYCBGCFC_s005,
BYCBGCFC,142.0,not,649.0,652.0,142,not,649,652,equal,True,Equal,5,,False,False,BYCBGCFC_s005,
BYCBGCFC,143.0,finish,653.0,659.0,143,finish,653,659,equal,True,Equal,5,,False,False,BYCBGCFC_s005,
BYCBGCFC,144.0,them,660.0,664.0,144,them,660,664,equal,True,Equal,5,,False,False,BYCBGCFC_s005,
BYCBGCFC,145.0,Jasper,665.0,671.0,145,Jasper,665,671,equal,True,Equal,5,,False,False,BYCBGCFC_s005,
BYCBGCFC,146.0,thought,672.0,679.0,146,thought,672,679,equal,True,Equal,5,,False,False,BYCBGCFC_s005,
BYCBGCFC,147.0,it,680.0,682.0,147,it,680,682,equal,True,Equal,5,,False,False,BYCBGCFC_s005,
BYCBGCFC,148.0,was,683.0,686.0,148,was,683,686,equal,True,Equal,5,,False,False,BYCBGCFC_s005,
BYCBGCFC,149.0,over,687.0,691.0,149,over,687,691,equal,True,Equal,5,,False,False,BYCBGCFC_s005,
BYCBGCFC,150.0,but,692.0,695.0,150,but,692,695,equal,True,Equal,5,,False,False,BYCBGCFC_s005,
BYCBGCFC,151.0,He,696.0,698.0,151,He,696,698,equal,True,Equal,5,,False,False,BYCBGCFC_s005,
BYCBGCFC,152.0,tried,699.0,704.0,152,tried,699,704,equal,True,Equal,5,,False,False,BYCBGCFC_s005,
BYCBGCFC,153.0,as,705.0,707.0,153,as,705,707,equal,True,Equal,5,,False,False,BYCBGCFC_s005,
BYCBGCFC,154.0,hard,708.0,712.0,154,hard,708,712,equal,True,Equal,5,,False,False,BYCBGCFC_s005,
BYCBGCFC,155.0,as,713.0,715.0,155,as,713,715,equal,True,Equal,5,,False,False,BYCBGCFC_s005,
BYCBGCFC,156.0,he,716.0,718.0,156,he,716,718,equal,True,Equal,5,,False,False,BYCBGCFC_s005,
BYCBGCFC,157.0,could,719.0,724.0,157,could,719,724,equal,True,Equal,5,,False,False,BYCBGCFC_s005,
BYCBGCFC,158.0,with,725.0,729.0,158,with,725,729,equal,True,Equal,5,,False,False,BYCBGCFC_s005,
BYCBGCFC,159.0,his,730.0,733.0,159,his,730,733,equal,True,Equal,5,,False,False,BYCBGCFC_s005,
BYCBGCFC,160.0,power,734.0,739.0,160,power,734,739,equal,True,Equal,5,,False,False,BYCBGCFC_s005,
BYCBGCFC,161.0,and,740.0,743.0,161,and,740,743,equal,True,Equal,5,,False,False,BYCBGCFC_s005,
BYCBGCFC,162.0,boom,744.0,748.0,162,boom,744,748,equal,True,Equal,5,,False,False,BYCBGCFC_s005,
BYCBGCFC,163.0,they,749.0,753.0,163,they,749,753,equal,True,Equal,5,,False,False,BYCBGCFC_s005,
BYCBGCFC,164.0,wer,754.0,757.0,164,wer,754,757,equal,True,Equal,5,,False,False,BYCBGCFC_s005,
BYCBGCFC,165.0,deafeted,758.0,766.0,165,deafeted,758,766,equal,True,Equal,5,,False,False,BYCBGCFC_s005,
BYCBGCFC,166.0,everyone,767.0,775.0,166,everyone,767,775,equal,True,Equal,5,,False,False,BYCBGCFC_s005,
BYCBGCFC,167.0,was,776.0,779.0,167,was,776,779,equal,True,Equal,5,,False,False,BYCBGCFC_s005,
BYCBGCFC,168.0,cherring,780.0,788.0,168,cherring,780,788,equal,True,Equal,5,,False,False,BYCBGCFC_s005,
BYCBGCFC,169.0,for,789.0,792.0,169,for,789,792,equal,True,Equal,5,,False,False,BYCBGCFC_s005,
BYCBGCFC,170.0,him,793.0,796.0,170,him,793,796,equal,True,Equal,5,,False,False,BYCBGCFC_s005,
BYCBGCFC,171.0,he,797.0,799.0,171,he,797,799,equal,True,Equal,5,,False,False,BYCBGCFC_s005,
BYCBGCFC,172.0,was,800.0,803.0,172,was,800,803,equal,True,Equal,5,,False,False,BYCBGCFC_s005,
BYCBGCFC,173.0,even,804.0,808.0,173,even,804,808,equal,True,Equal,5,,False,False,BYCBGCFC_s005,
BYCBGCFC,174.0,on,809.0,811.0,174,on,809,811,equal,True,Equal,5,,False,False,BYCBGCFC_s005,
BYCBGCFC,175.0,the,812.0,815.0,175,the,812,815,equal,True,Equal,5,,False,False,BYCBGCFC_s005,
BYCBGCFC,176.0,news,816.0,820.0,176,news,816,820,equal,True,Equal,5,,False,False,BYCBGCFC_s005,
BYCBGCFC,177.0,then,821.0,825.0,177,then,821,825,equal,True,Equal,5,,False,False,BYCBGCFC_s005,
BYCBGCFC,178.0,he,826.0,828.0,178,he,826,828,equal,True,Equal,5,,False,False,BYCBGCFC_s005,
BYCBGCFC,179.0,got,829.0,832.0,179,got,829,832,equal,True,Equal,5,,False,False,BYCBGCFC_s005,
BYCBGCFC,180.0,comfermed,833.0,842.0,180,comfermed,833,842,equal,True,Equal,5,,False,False,BYCBGCFC_s005,
BYCBGCFC,181.0,o,843.0,844.0,181,o,843,844,equal,True,Equal,5,,False,False,BYCBGCFC_s005,
BYCBGCFC,182.0,real,845.0,849.0,182,real,845,849,equal,True,Equal,5,,False,False,BYCBGCFC_s005,
BYCBGCFC,183.0,superhero,850.0,859.0,183,superhero,850,859,equal,True,Equal,5,,False,False,BYCBGCFC_s005,
BYCBGCFC,184.0,and,860.0,863.0,184,and,860,863,equal,True,Equal,5,,False,False,BYCBGCFC_s005,
BYCBGCFC,185.0,he,864.0,866.0,185,he,864,866,equal,True,Equal,5,,False,False,BYCBGCFC_s005,
BYCBGCFC,186.0,still,867.0,872.0,186,still,867,872,equal,True,Equal,5,,False,False,BYCBGCFC_s005,
BYCBGCFC,187.0,rememberd,873.0,882.0,187,rememberd,873,882,equal,True,Equal,5,,False,False,BYCBGCFC_s005,
BYCBGCFC,188.0,.,882.0,883.0,188,.,882,883,equal,True,Equal,5,Sentence Ending,False,False,BYCBGCFC_s005,Correct Ending
BYCBGCFC,189.0,from,884.0,888.0,189,from,884,888,equal,True,Equal,6,Sentence Beginning,False,False,BYCBGCFC_s006,Incorrect Beginning
BYCBGCFC,190.0,this,889.0,893.0,190,this,889,893,equal,True,Equal,6,,False,False,BYCBGCFC_s006,
BYCBGCFC,191.0,day,894.0,897.0,191,day,894,897,equal,True,Equal,6,,False,False,BYCBGCFC_s006,
BYCBGCFC,192.0,.,897.0,898.0,192,.,897,898,equal,True,Equal,6,Sentence Ending,False,False,BYCBGCFC_s006,Correct Ending
BZFPRLBR,0.0,Hi,0.0,2.0,0,Hi,0,2,equal,True,Equal,0,Sentence Beginning,False,False,BZFPRLBR_s000,Correct Beginning
BZFPRLBR,1.0,my,3.0,5.0,1,my,3,5,equal,True,Equal,0,,False,False,BZFPRLBR_s000,
BZFPRLBR,2.0,name,6.0,10.0,2,name,6,10,equal,True,Equal,0,,False,False,BZFPRLBR_s000,
BZFPRLBR,3.0,is,11.0,13.0,3,is,11,13,equal,True,Equal,0,,False,False,BZFPRLBR_s000,
BZFPRLBR,4.0,ronald,14.0,20.0,4,ronald,14,20,equal,True,Equal,0,,False,False,BZFPRLBR_s000,
BZFPRLBR,5.0,davedson,21.0,29.0,5,davedson,21,29,equal,True,Equal,0,,False,False,BZFPRLBR_s000,
BZFPRLBR,6.0,im,30.0,32.0,6,im,30,32,equal,True,Equal,0,,False,False,BZFPRLBR_s000,
BZFPRLBR,7.0,15,33.0,35.0,7,15,33,35,equal,True,Equal,0,,False,False,BZFPRLBR_s000,
BZFPRLBR,8.0,years,36.0,41.0,8,years,36,41,equal,True,Equal,0,,False,False,BZFPRLBR_s000,
BZFPRLBR,9.0,old,42.0,45.0,9,old,42,45,equal,True,Equal,0,,False,False,BZFPRLBR_s000,
BZFPRLBR,10.0,and,46.0,49.0,10,and,46,49,equal,True,Equal,0,,False,False,BZFPRLBR_s000,
BZFPRLBR,11.0,i,50.0,51.0,11,i,50,51,equal,True,Equal,0,,False,False,BZFPRLBR_s000,
BZFPRLBR,12.0,live,52.0,56.0,12,live,52,56,equal,True,Equal,0,,False,False,BZFPRLBR_s000,
BZFPRLBR,13.0,with,57.0,61.0,13,with,57,61,equal,True,Equal,0,,False,False,BZFPRLBR_s000,
BZFPRLBR,14.0,my,62.0,64.0,14,my,62,64,equal,True,Equal,0,,False,False,BZFPRLBR_s000,
BZFPRLBR,15.0,younger,65.0,72.0,15,younger,65,72,equal,True,Equal,0,,False,False,BZFPRLBR_s000,
BZFPRLBR,16.0,sister,73.0,79.0,16,sister,73,79,equal,True,Equal,0,,False,False,BZFPRLBR_s000,
BZFPRLBR,17.0,ella,80.0,84.0,17,ella,80,84,equal,True,Equal,0,,False,False,BZFPRLBR_s000,
BZFPRLBR,18.0,aswell,85.0,91.0,18,aswell,85,91,equal,True,Equal,0,,False,False,BZFPRLBR_s000,
BZFPRLBR,19.0,as,92.0,94.0,19,as,92,94,equal,True,Equal,0,,False,False,BZFPRLBR_s000,
BZFPRLBR,20.0,my,95.0,97.0,20,my,95,97,equal,True,Equal,0,,False,False,BZFPRLBR_s000,
BZFPRLBR,21.0,girlfriend,98.0,108.0,21,girlfriend,98,108,equal,True,Equal,0,,False,False,BZFPRLBR_s000,
BZFPRLBR,22.0,Jane,109.0,113.0,22,Jane,109,113,equal,True,Equal,0,,False,False,BZFPRLBR_s000,
BZFPRLBR,23.0,and,114.0,117.0,23,and,114,117,equal,True,Equal,0,,False,False,BZFPRLBR_s000,
BZFPRLBR,24.0,of,118.0,120.0,24,of,118,120,equal,True,Equal,0,,False,False,BZFPRLBR_s000,
BZFPRLBR,25.0,corse,121.0,126.0,25,corse,121,126,equal,True,Equal,0,,False,False,BZFPRLBR_s000,
BZFPRLBR,26.0,mum,127.0,130.0,26,mum,127,130,equal,True,Equal,0,,False,False,BZFPRLBR_s000,
BZFPRLBR,27.0,and,131.0,134.0,27,and,131,134,equal,True,Equal,0,,False,False,BZFPRLBR_s000,
BZFPRLBR,28.0,dad,135.0,138.0,28,dad,135,138,equal,True,Equal,0,,False,False,BZFPRLBR_s000,
BZFPRLBR,29.0,.,138.0,139.0,29,.,138,139,equal,True,Equal,0,Sentence Ending,False,False,BZFPRLBR_s000,Correct Ending
BZFPRLBR,30.0,Times,140.0,145.0,30,Times,140,145,equal,True,Equal,1,Sentence Beginning,False,False,BZFPRLBR_s001,Correct Beginning
BZFPRLBR,31.0,hear,146.0,150.0,31,hear,146,150,equal,True,Equal,1,,False,False,BZFPRLBR_s001,
BZFPRLBR,32.0,have,151.0,155.0,32,have,151,155,equal,True,Equal,1,,False,False,BZFPRLBR_s001,
BZFPRLBR,33.0,been,156.0,160.0,33,been,156,160,equal,True,Equal,1,,False,False,BZFPRLBR_s001,
BZFPRLBR,34.0,hard,161.0,165.0,34,hard,161,165,equal,True,Equal,1,,False,False,BZFPRLBR_s001,
BZFPRLBR,35.0,for,166.0,169.0,35,for,166,169,equal,True,Equal,1,,False,False,BZFPRLBR_s001,
BZFPRLBR,36.0,us,170.0,172.0,36,us,170,172,equal,True,Equal,1,,False,False,BZFPRLBR_s001,
BZFPRLBR,37.0,dad,173.0,176.0,37,dad,173,176,equal,True,Equal,1,,False,False,BZFPRLBR_s001,
BZFPRLBR,38.0,lost,177.0,181.0,38,lost,177,181,equal,True,Equal,1,,False,False,BZFPRLBR_s001,
BZFPRLBR,39.0,his,182.0,185.0,39,his,182,185,equal,True,Equal,1,,False,False,BZFPRLBR_s001,
BZFPRLBR,40.0,job,186.0,189.0,40,job,186,189,equal,True,Equal,1,,False,False,BZFPRLBR_s001,
BZFPRLBR,41.0,ellas,190.0,195.0,41,ellas,190,195,equal,True,Equal,1,,False,False,BZFPRLBR_s001,
BZFPRLBR,42.0,school,196.0,202.0,42,school,196,202,equal,True,Equal,1,,False,False,BZFPRLBR_s001,
BZFPRLBR,43.0,got,203.0,206.0,43,got,203,206,equal,True,Equal,1,,False,False,BZFPRLBR_s001,
BZFPRLBR,44.0,bomed,207.0,212.0,44,bomed,207,212,equal,True,Equal,1,,False,False,BZFPRLBR_s001,
BZFPRLBR,45.0,and,213.0,216.0,45,and,213,216,equal,True,Equal,1,,False,False,BZFPRLBR_s001,
BZFPRLBR,46.0,were,217.0,221.0,46,were,217,221,equal,True,Equal,1,,False,False,BZFPRLBR_s001,
BZFPRLBR,47.0,in,222.0,224.0,47,in,222,224,equal,True,Equal,1,,False,False,BZFPRLBR_s001,
BZFPRLBR,48.0,depth,225.0,230.0,48,depth,225,230,equal,True,Equal,1,,False,False,BZFPRLBR_s001,
BZFPRLBR,49.0,i,231.0,232.0,49,i,231,232,equal,True,Equal,1,,False,False,BZFPRLBR_s001,
BZFPRLBR,50.0,caint,233.0,238.0,50,caint,233,238,equal,True,Equal,1,,False,False,BZFPRLBR_s001,
BZFPRLBR,51.0,help,239.0,243.0,51,help,239,243,equal,True,Equal,1,,False,False,BZFPRLBR_s001,
BZFPRLBR,52.0,but,244.0,247.0,52,but,244,247,equal,True,Equal,1,,False,False,BZFPRLBR_s001,
BZFPRLBR,53.0,feel,248.0,252.0,53,feel,248,252,equal,True,Equal,1,,False,False,BZFPRLBR_s001,
BZFPRLBR,54.0,bad,253.0,256.0,54,bad,253,256,equal,True,Equal,1,,False,False,BZFPRLBR_s001,
BZFPRLBR,55.0,for,257.0,260.0,55,for,257,260,equal,True,Equal,1,,False,False,BZFPRLBR_s001,
BZFPRLBR,56.0,mum,261.0,264.0,56,mum,261,264,equal,True,Equal,1,,False,False,BZFPRLBR_s001,
BZFPRLBR,57.0,all,265.0,268.0,57,all,265,268,equal,True,Equal,1,,False,False,BZFPRLBR_s001,
BZFPRLBR,58.0,this,269.0,273.0,58,this,269,273,equal,True,Equal,1,,False,False,BZFPRLBR_s001,
BZFPRLBR,59.0,presher,274.0,281.0,59,presher,274,281,equal,True,Equal,1,,False,False,BZFPRLBR_s001,
BZFPRLBR,60.0,on,282.0,284.0,60,on,282,284,equal,True,Equal,1,,False,False,BZFPRLBR_s001,
BZFPRLBR,61.0,hear,285.0,289.0,61,hear,285,289,equal,True,Equal,1,,False,False,BZFPRLBR_s001,
BZFPRLBR,62.0,sholders,290.0,298.0,62,sholders,290,298,equal,True,Equal,1,,False,False,BZFPRLBR_s001,
BZFPRLBR,63.0,.,298.0,299.0,63,.,298,299,equal,True,Equal,1,Sentence Ending,False,False,BZFPRLBR_s001,Correct Ending
BZFPRLBR,64.0,So,300.0,302.0,64,So,300,302,equal,True,Equal,2,Sentence Beginning,False,False,BZFPRLBR_s002,Correct Beginning
BZFPRLBR,65.0,thats,303.0,308.0,65,thats,303,308,equal,True,Equal,2,,False,False,BZFPRLBR_s002,
BZFPRLBR,66.0,why,309.0,312.0,66,why,309,312,equal,True,Equal,2,,False,False,BZFPRLBR_s002,
BZFPRLBR,67.0,im,313.0,315.0,67,im,313,315,equal,True,Equal,2,,False,False,BZFPRLBR_s002,
BZFPRLBR,68.0,going,316.0,321.0,68,going,316,321,equal,True,Equal,2,,False,False,BZFPRLBR_s002,
BZFPRLBR,69.0,to,322.0,324.0,69,to,322,324,equal,True,Equal,2,,False,False,BZFPRLBR_s002,
BZFPRLBR,70.0,help,325.0,329.0,70,help,325,329,equal,True,Equal,2,,False,False,BZFPRLBR_s002,
BZFPRLBR,71.0,fight,330.0,335.0,71,fight,330,335,equal,True,Equal,2,,False,False,BZFPRLBR_s002,
BZFPRLBR,72.0,in,336.0,338.0,72,in,336,338,equal,True,Equal,2,,False,False,BZFPRLBR_s002,
BZFPRLBR,73.0,the,339.0,342.0,73,the,339,342,equal,True,Equal,2,,False,False,BZFPRLBR_s002,
BZFPRLBR,74.0,war,343.0,346.0,74,war,343,346,equal,True,Equal,2,,False,False,BZFPRLBR_s002,
BZFPRLBR,75.0,!,346.0,347.0,75,!,346,347,equal,True,Equal,2,Sentence Ending,False,False,BZFPRLBR_s002,Correct Ending
BZFPRLBR,76.0,i,348.0,349.0,76,i,348,349,equal,True,Equal,3,Sentence Beginning,False,False,BZFPRLBR_s003,Incorrect Beginning
BZFPRLBR,77.0,have,350.0,354.0,77,have,350,354,equal,True,Equal,3,,False,False,BZFPRLBR_s003,
BZFPRLBR,78.0,no,355.0,357.0,78,no,355,357,equal,True,Equal,3,,False,False,BZFPRLBR_s003,
BZFPRLBR,79.0,other,358.0,363.0,79,other,358,363,equal,True,Equal,3,,False,False,BZFPRLBR_s003,
BZFPRLBR,80.0,perpose,364.0,371.0,80,perpose,364,371,equal,True,Equal,3,,False,False,BZFPRLBR_s003,
BZFPRLBR,81.0,i,372.0,373.0,81,i,372,373,equal,True,Equal,3,,False,False,BZFPRLBR_s003,
BZFPRLBR,82.0,droped,374.0,380.0,82,droped,374,380,equal,True,Equal,3,,False,False,BZFPRLBR_s003,
BZFPRLBR,83.0,out,381.0,384.0,83,out,381,384,equal,True,Equal,3,,False,False,BZFPRLBR_s003,
BZFPRLBR,84.0,of,385.0,387.0,84,of,385,387,equal,True,Equal,3,,False,False,BZFPRLBR_s003,
BZFPRLBR,85.0,school,388.0,394.0,85,school,388,394,equal,True,Equal,3,,False,False,BZFPRLBR_s003,
BZFPRLBR,86.0,i,395.0,396.0,86,i,395,396,equal,True,Equal,3,,False,False,BZFPRLBR_s003,
BZFPRLBR,87.0,feel,397.0,401.0,87,feel,397,401,equal,True,Equal,3,,False,False,BZFPRLBR_s003,
BZFPRLBR,88.0,like,402.0,406.0,88,like,402,406,equal,True,Equal,3,,False,False,BZFPRLBR_s003,
BZFPRLBR,89.0,a,407.0,408.0,89,a,407,408,equal,True,Equal,3,,False,False,BZFPRLBR_s003,
BZFPRLBR,90.0,deflated,409.0,417.0,90,deflated,409,417,equal,True,Equal,3,,False,False,BZFPRLBR_s003,
BZFPRLBR,91.0,ballon,418.0,424.0,91,ballon,418,424,equal,True,Equal,3,,False,False,BZFPRLBR_s003,
BZFPRLBR,92.0,boping,425.0,431.0,92,boping,425,431,equal,True,Equal,3,,False,False,BZFPRLBR_s003,
BZFPRLBR,93.0,around,432.0,438.0,93,around,432,438,equal,True,Equal,3,,False,False,BZFPRLBR_s003,
BZFPRLBR,94.0,with,439.0,443.0,94,with,439,443,equal,True,Equal,3,,False,False,BZFPRLBR_s003,
BZFPRLBR,95.0,no,444.0,446.0,95,no,444,446,equal,True,Equal,3,,False,False,BZFPRLBR_s003,
BZFPRLBR,96.0,porpose,447.0,454.0,96,porpose,447,454,equal,True,Equal,3,,False,False,BZFPRLBR_s003,
BZFPRLBR,97.0,pluse,455.0,460.0,97,pluse,455,460,equal,True,Equal,3,,False,False,BZFPRLBR_s003,
BZFPRLBR,98.0,i,461.0,462.0,98,i,461,462,equal,True,Equal,3,,False,False,BZFPRLBR_s003,
BZFPRLBR,99.0,have,463.0,467.0,99,have,463,467,equal,True,Equal,3,,False,False,BZFPRLBR_s003,
BZFPRLBR,100.0,all,468.0,471.0,100,all,468,471,equal,True,Equal,3,,False,False,BZFPRLBR_s003,
BZFPRLBR,101.0,ways,472.0,476.0,101,ways,472,476,equal,True,Equal,3,,False,False,BZFPRLBR_s003,
BZFPRLBR,102.0,whantd,477.0,483.0,102,whantd,477,483,equal,True,Equal,3,,False,False,BZFPRLBR_s003,
BZFPRLBR,103.0,to,484.0,486.0,103,to,484,486,equal,True,Equal,3,,False,False,BZFPRLBR_s003,
BZFPRLBR,104.0,go,487.0,489.0,104,go,487,489,equal,True,Equal,3,,False,False,BZFPRLBR_s003,
BZFPRLBR,105.0,out,490.0,493.0,105,out,490,493,equal,True,Equal,3,,False,False,BZFPRLBR_s003,
BZFPRLBR,106.0,and,494.0,497.0,106,and,494,497,equal,True,Equal,3,,False,False,BZFPRLBR_s003,
BZFPRLBR,107.0,exsplore,498.0,506.0,107,exsplore,498,506,equal,True,Equal,3,,False,False,BZFPRLBR_s003,
BZFPRLBR,108.0,.,506.0,507.0,108,.,506,507,equal,True,Equal,3,,False,False,BZFPRLBR_s003,
BZFPRLBR,109.0,2,508.0,509.0,109,2,508,509,equal,True,Equal,3,,False,False,BZFPRLBR_s003,
BZFPRLBR,110.0,weeks,510.0,515.0,110,weeks,510,515,equal,True,Equal,3,,False,False,BZFPRLBR_s003,
BZFPRLBR,111.0,later,516.0,521.0,111,later,516,521,equal,True,Equal,3,,False,False,BZFPRLBR_s003,
BZFPRLBR,112.0,Hi,522.0,524.0,112,Hi,522,524,equal,True,Equal,3,,False,False,BZFPRLBR_s003,
BZFPRLBR,113.0,again,525.0,530.0,113,again,525,530,equal,True,Equal,3,,False,False,BZFPRLBR_s003,
BZFPRLBR,114.0,i,531.0,532.0,114,i,531,532,equal,True,Equal,3,,False,False,BZFPRLBR_s003,
BZFPRLBR,115.0,said,533.0,537.0,115,said,533,537,equal,True,Equal,3,,False,False,BZFPRLBR_s003,
BZFPRLBR,116.0,good,538.0,542.0,116,good,538,542,equal,True,Equal,3,,False,False,BZFPRLBR_s003,
BZFPRLBR,117.0,bye,543.0,546.0,117,bye,543,546,equal,True,Equal,3,,False,False,BZFPRLBR_s003,
BZFPRLBR,118.0,to,547.0,549.0,118,to,547,549,equal,True,Equal,3,,False,False,BZFPRLBR_s003,
BZFPRLBR,119.0,my,550.0,552.0,119,my,550,552,equal,True,Equal,3,,False,False,BZFPRLBR_s003,
BZFPRLBR,120.0,girl,553.0,557.0,120,girl,553,557,equal,True,Equal,3,,False,False,BZFPRLBR_s003,
BZFPRLBR,121.0,friend,558.0,564.0,121,friend,558,564,equal,True,Equal,3,,False,False,BZFPRLBR_s003,
BZFPRLBR,122.0,and,565.0,568.0,122,and,565,568,equal,True,Equal,3,,False,False,BZFPRLBR_s003,
BZFPRLBR,123.0,family,569.0,575.0,123,family,569,575,equal,True,Equal,3,,False,False,BZFPRLBR_s003,
BZFPRLBR,124.0,and,576.0,579.0,124,and,576,579,equal,True,Equal,3,,False,False,BZFPRLBR_s003,
BZFPRLBR,125.0,now,580.0,583.0,125,now,580,583,equal,True,Equal,3,,False,False,BZFPRLBR_s003,
BZFPRLBR,126.0,i,584.0,585.0,126,i,584,585,equal,True,Equal,3,,False,False,BZFPRLBR_s003,
BZFPRLBR,127.0,have,586.0,590.0,127,have,586,590,equal,True,Equal,3,,False,False,BZFPRLBR_s003,
BZFPRLBR,128.0,made,591.0,595.0,128,made,591,595,equal,True,Equal,3,,False,False,BZFPRLBR_s003,
BZFPRLBR,129.0,it,596.0,598.0,129,it,596,598,equal,True,Equal,3,,False,False,BZFPRLBR_s003,
BZFPRLBR,130.0,.,598.0,599.0,130,.,598,599,equal,True,Equal,3,Sentence Ending,False,False,BZFPRLBR_s003,Correct Ending
BZFPRLBR,131.0,Im,600.0,602.0,131,Im,600,602,equal,True,Equal,4,Sentence Beginning,False,False,BZFPRLBR_s004,Correct Beginning
BZFPRLBR,132.0,in,603.0,605.0,132,in,603,605,equal,True,Equal,4,,False,False,BZFPRLBR_s004,
BZFPRLBR,133.0,in,606.0,608.0,133,in,606,608,equal,True,Equal,4,,False,False,BZFPRLBR_s004,
BZFPRLBR,134.0,a,609.0,610.0,134,a,609,610,equal,True,Equal,4,,False,False,BZFPRLBR_s004,
BZFPRLBR,135.0,fancy,611.0,616.0,135,fancy,611,616,equal,True,Equal,4,,False,False,BZFPRLBR_s004,
BZFPRLBR,136.0,uniform,617.0,624.0,136,uniform,617,624,equal,True,Equal,4,,False,False,BZFPRLBR_s004,
BZFPRLBR,137.0,fighting,625.0,633.0,137,fighting,625,633,equal,True,Equal,4,,False,False,BZFPRLBR_s004,
BZFPRLBR,138.0,for,634.0,637.0,138,for,634,637,equal,True,Equal,4,,False,False,BZFPRLBR_s004,
BZFPRLBR,139.0,my,638.0,640.0,139,my,638,640,equal,True,Equal,4,,False,False,BZFPRLBR_s004,
BZFPRLBR,140.0,contrey,641.0,648.0,140,contrey,641,648,equal,True,Equal,4,,False,False,BZFPRLBR_s004,
BZFPRLBR,141.0,I,649.0,650.0,141,I,649,650,equal,True,Equal,4,,False,False,BZFPRLBR_s004,
BZFPRLBR,142.0,have,651.0,655.0,142,have,651,655,equal,True,Equal,4,,False,False,BZFPRLBR_s004,
BZFPRLBR,143.0,made,656.0,660.0,143,made,656,660,equal,True,Equal,4,,False,False,BZFPRLBR_s004,
BZFPRLBR,144.0,a,661.0,662.0,144,a,661,662,equal,True,Equal,4,,False,False,BZFPRLBR_s004,
BZFPRLBR,145.0,few,663.0,666.0,145,few,663,666,equal,True,Equal,4,,False,False,BZFPRLBR_s004,
BZFPRLBR,146.0,friend,667.0,673.0,146,friend,667,673,equal,True,Equal,4,,False,False,BZFPRLBR_s004,
BZFPRLBR,147.0,Pete,674.0,678.0,147,Pete,674,678,equal,True,Equal,4,,False,False,BZFPRLBR_s004,
BZFPRLBR,148.0,Locky,679.0,684.0,148,Locky,679,684,equal,True,Equal,4,,False,False,BZFPRLBR_s004,
BZFPRLBR,149.0,and,685.0,688.0,149,and,685,688,equal,True,Equal,4,,False,False,BZFPRLBR_s004,
BZFPRLBR,150.0,Bob,689.0,692.0,150,Bob,689,692,equal,True,Equal,4,,False,False,BZFPRLBR_s004,
BZFPRLBR,151.0,.,692.0,693.0,151,.,692,693,equal,True,Equal,4,Sentence Ending,False,False,BZFPRLBR_s004,Correct Ending
BZFPRLBR,152.0,They,694.0,698.0,152,They,694,698,equal,True,Equal,5,Sentence Beginning,False,False,BZFPRLBR_s005,Correct Beginning
BZFPRLBR,153.0,all,699.0,702.0,153,all,699,702,equal,True,Equal,5,,False,False,BZFPRLBR_s005,
BZFPRLBR,154.0,say,703.0,706.0,154,say,703,706,equal,True,Equal,5,,False,False,BZFPRLBR_s005,
BZFPRLBR,155.0,they,707.0,711.0,155,they,707,711,equal,True,Equal,5,,False,False,BZFPRLBR_s005,
BZFPRLBR,156.0,miss,712.0,716.0,156,miss,712,716,equal,True,Equal,5,,False,False,BZFPRLBR_s005,
BZFPRLBR,157.0,home,717.0,721.0,157,home,717,721,equal,True,Equal,5,,False,False,BZFPRLBR_s005,
BZFPRLBR,158.0,but,722.0,725.0,158,but,722,725,equal,True,Equal,5,,False,False,BZFPRLBR_s005,
BZFPRLBR,159.0,so,726.0,728.0,159,so,726,728,equal,True,Equal,5,,False,False,BZFPRLBR_s005,
BZFPRLBR,160.0,far,729.0,732.0,160,far,729,732,equal,True,Equal,5,,False,False,BZFPRLBR_s005,
BZFPRLBR,161.0,i,733.0,734.0,161,i,733,734,equal,True,Equal,5,,False,False,BZFPRLBR_s005,
BZFPRLBR,162.0,dont,735.0,739.0,162,dont,735,739,equal,True,Equal,5,,False,False,BZFPRLBR_s005,
BZFPRLBR,163.0,2,740.0,741.0,163,2,740,741,equal,True,Equal,5,,False,False,BZFPRLBR_s005,
BZFPRLBR,164.0,day,742.0,745.0,164,day,742,745,equal,True,Equal,5,,False,False,BZFPRLBR_s005,
BZFPRLBR,165.0,later,746.0,751.0,165,later,746,751,equal,True,Equal,5,,False,False,BZFPRLBR_s005,
BZFPRLBR,166.0,.,751.0,752.0,166,.,751,752,equal,True,Equal,5,Sentence Ending,False,False,BZFPRLBR_s005,Correct Ending
BZFPRLBR,167.0,Hi,753.0,755.0,167,Hi,753,755,equal,True,Equal,6,Sentence Beginning,False,False,BZFPRLBR_s006,Correct Beginning
BZFPRLBR,168.0,there,756.0,761.0,168,there,756,761,equal,True,Equal,6,,False,False,BZFPRLBR_s006,
BZFPRLBR,169.0,again,762.0,767.0,169,again,762,767,equal,True,Equal,6,,False,False,BZFPRLBR_s006,
BZFPRLBR,170.0,i,768.0,769.0,170,i,768,769,equal,True,Equal,6,,False,False,BZFPRLBR_s006,
BZFPRLBR,171.0,think,770.0,775.0,171,think,770,775,equal,True,Equal,6,,False,False,BZFPRLBR_s006,
BZFPRLBR,172.0,i,776.0,777.0,172,i,776,777,equal,True,Equal,6,,False,False,BZFPRLBR_s006,
BZFPRLBR,173.0,have,778.0,782.0,173,have,778,782,equal,True,Equal,6,,False,False,BZFPRLBR_s006,
BZFPRLBR,174.0,gone,783.0,787.0,174,gone,783,787,equal,True,Equal,6,,False,False,BZFPRLBR_s006,
BZFPRLBR,175.0,death,788.0,793.0,175,death,788,793,equal,True,Equal,6,,False,False,BZFPRLBR_s006,
BZFPRLBR,176.0,its,794.0,797.0,176,its,794,797,equal,True,Equal,6,,False,False,BZFPRLBR_s006,
BZFPRLBR,177.0,really,798.0,804.0,177,really,798,804,equal,True,Equal,6,,False,False,BZFPRLBR_s006,
BZFPRLBR,178.0,hard,805.0,809.0,178,hard,805,809,equal,True,Equal,6,,False,False,BZFPRLBR_s006,
BZFPRLBR,179.0,to,810.0,812.0,179,to,810,812,equal,True,Equal,6,,False,False,BZFPRLBR_s006,
BZFPRLBR,180.0,hear,813.0,817.0,180,hear,813,817,equal,True,Equal,6,,False,False,BZFPRLBR_s006,
BZFPRLBR,181.0,anything,818.0,826.0,181,anything,818,826,equal,True,Equal,6,,False,False,BZFPRLBR_s006,
BZFPRLBR,182.0,all,827.0,830.0,182,all,827,830,equal,True,Equal,6,,False,False,BZFPRLBR_s006,
BZFPRLBR,183.0,i,831.0,832.0,183,i,831,832,equal,True,Equal,6,,False,False,BZFPRLBR_s006,
BZFPRLBR,184.0,hear,833.0,837.0,184,hear,833,837,equal,True,Equal,6,,False,False,BZFPRLBR_s006,
BZFPRLBR,185.0,is,838.0,840.0,185,is,838,840,equal,True,Equal,6,,False,False,BZFPRLBR_s006,
BZFPRLBR,186.0,gun,841.0,844.0,186,gun,841,844,equal,True,Equal,6,,False,False,BZFPRLBR_s006,
BZFPRLBR,187.0,shots,845.0,850.0,187,shots,845,850,equal,True,Equal,6,,False,False,BZFPRLBR_s006,
BZFPRLBR,188.0,all,851.0,854.0,188,all,851,854,equal,True,Equal,6,,False,False,BZFPRLBR_s006,
BZFPRLBR,189.0,the,855.0,858.0,189,the,855,858,equal,True,Equal,6,,False,False,BZFPRLBR_s006,
BZFPRLBR,190.0,time,859.0,863.0,190,time,859,863,equal,True,Equal,6,,False,False,BZFPRLBR_s006,
BZFPRLBR,191.0,we,864.0,866.0,191,we,864,866,equal,True,Equal,6,,False,False,BZFPRLBR_s006,
BZFPRLBR,192.0,lost,867.0,871.0,192,lost,867,871,equal,True,Equal,6,,False,False,BZFPRLBR_s006,
BZFPRLBR,193.0,pete,872.0,876.0,193,pete,872,876,equal,True,Equal,6,,False,False,BZFPRLBR_s006,
BZFPRLBR,194.0,yeterday,877.0,885.0,194,yeterday,877,885,equal,True,Equal,6,,False,False,BZFPRLBR_s006,
BZFPRLBR,195.0,i,886.0,887.0,195,i,886,887,equal,True,Equal,6,,False,False,BZFPRLBR_s006,
BZFPRLBR,196.0,couldent,888.0,896.0,196,couldent,888,896,equal,True,Equal,6,,False,False,BZFPRLBR_s006,
BZFPRLBR,197.0,stop,897.0,901.0,197,stop,897,901,equal,True,Equal,6,,False,False,BZFPRLBR_s006,
BZFPRLBR,198.0,my,902.0,904.0,198,my,902,904,equal,True,Equal,6,,False,False,BZFPRLBR_s006,
BZFPRLBR,199.0,tears,905.0,910.0,199,tears,905,910,equal,True,Equal,6,,False,False,BZFPRLBR_s006,
BZFPRLBR,200.0,infact,911.0,917.0,200,infact,911,917,equal,True,Equal,6,,False,False,BZFPRLBR_s006,
BZFPRLBR,201.0,15,918.0,920.0,201,15,918,920,equal,True,Equal,6,,False,False,BZFPRLBR_s006,
BZFPRLBR,202.0,man,921.0,924.0,202,man,921,924,equal,True,Equal,6,,False,False,BZFPRLBR_s006,
BZFPRLBR,203.0,dead,925.0,929.0,203,dead,925,929,equal,True,Equal,6,,False,False,BZFPRLBR_s006,
BZFPRLBR,204.0,i,930.0,931.0,204,i,930,931,equal,True,Equal,6,,False,False,BZFPRLBR_s006,
BZFPRLBR,205.0,feel,932.0,936.0,205,feel,932,936,equal,True,Equal,6,,False,False,BZFPRLBR_s006,
BZFPRLBR,206.0,so,937.0,939.0,206,so,937,939,equal,True,Equal,6,,False,False,BZFPRLBR_s006,
BZFPRLBR,207.0,sory,940.0,944.0,207,sory,940,944,equal,True,Equal,6,,False,False,BZFPRLBR_s006,
BZFPRLBR,208.0,for,945.0,948.0,208,for,945,948,equal,True,Equal,6,,False,False,BZFPRLBR_s006,
BZFPRLBR,209.0,there,949.0,954.0,209,there,949,954,equal,True,Equal,6,,False,False,BZFPRLBR_s006,
BZFPRLBR,210.0,familys,955.0,962.0,210,familys,955,962,equal,True,Equal,6,,False,False,BZFPRLBR_s006,
BZFPRLBR,211.0,i,963.0,964.0,211,i,963,964,equal,True,Equal,6,,False,False,BZFPRLBR_s006,
BZFPRLBR,212.0,whish,965.0,970.0,212,whish,965,970,equal,True,Equal,6,,False,False,BZFPRLBR_s006,
BZFPRLBR,213.0,pete,971.0,975.0,213,pete,971,975,equal,True,Equal,6,,False,False,BZFPRLBR_s006,
BZFPRLBR,214.0,was,976.0,979.0,214,was,976,979,equal,True,Equal,6,,False,False,BZFPRLBR_s006,
BZFPRLBR,215.0,hear,980.0,984.0,215,hear,980,984,equal,True,Equal,6,,False,False,BZFPRLBR_s006,
BZFPRLBR,216.0,.,984.0,985.0,216,.,984,985,equal,True,Equal,6,Sentence Ending,False,False,BZFPRLBR_s006,Correct Ending
BZFPRLBR,217.0,Hi,986.0,988.0,217,Hi,986,988,equal,True,Equal,7,Sentence Beginning,False,False,BZFPRLBR_s007,Correct Beginning
BZFPRLBR,218.0,i,989.0,990.0,218,i,989,990,equal,True,Equal,7,,False,False,BZFPRLBR_s007,
BZFPRLBR,219.0,feel,991.0,995.0,219,feel,991,995,equal,True,Equal,7,,False,False,BZFPRLBR_s007,
BZFPRLBR,220.0,like,996.0,1000.0,220,like,996,1000,equal,True,Equal,7,,False,False,BZFPRLBR_s007,
BZFPRLBR,221.0,i,1001.0,1002.0,221,i,1001,1002,equal,True,Equal,7,,False,False,BZFPRLBR_s007,
BZFPRLBR,222.0,have,1003.0,1007.0,222,have,1003,1007,equal,True,Equal,7,,False,False,BZFPRLBR_s007,
BZFPRLBR,223.0,whanted,1008.0,1015.0,223,whanted,1008,1015,equal,True,Equal,7,,False,False,BZFPRLBR_s007,
BZFPRLBR,224.0,to,1016.0,1018.0,224,to,1016,1018,equal,True,Equal,7,,False,False,BZFPRLBR_s007,
BZFPRLBR,225.0,fight,1019.0,1024.0,225,fight,1019,1024,equal,True,Equal,7,,False,False,BZFPRLBR_s007,
BZFPRLBR,226.0,this,1025.0,1029.0,226,this,1025,1029,equal,True,Equal,7,,False,False,BZFPRLBR_s007,
BZFPRLBR,227.0,war,1030.0,1033.0,227,war,1030,1033,equal,True,Equal,7,,False,False,BZFPRLBR_s007,
BZFPRLBR,228.0,for,1034.0,1037.0,228,for,1034,1037,equal,True,Equal,7,,False,False,BZFPRLBR_s007,
BZFPRLBR,229.0,so,1038.0,1040.0,229,so,1038,1040,equal,True,Equal,7,,False,False,BZFPRLBR_s007,
BZFPRLBR,230.0,long,1041.0,1045.0,230,long,1041,1045,equal,True,Equal,7,,False,False,BZFPRLBR_s007,
BZFPRLBR,231.0,now,1046.0,1049.0,231,now,1046,1049,equal,True,Equal,7,,False,False,BZFPRLBR_s007,
BZFPRLBR,232.0,but,1050.0,1053.0,232,but,1050,1053,equal,True,Equal,7,,False,False,BZFPRLBR_s007,
BZFPRLBR,233.0,now,1054.0,1057.0,233,now,1054,1057,equal,True,Equal,7,,False,False,BZFPRLBR_s007,
BZFPRLBR,234.0,i,1058.0,1059.0,234,i,1058,1059,equal,True,Equal,7,,False,False,BZFPRLBR_s007,
BZFPRLBR,235.0,realised,1060.0,1068.0,235,realised,1060,1068,equal,True,Equal,7,,False,False,BZFPRLBR_s007,
BZFPRLBR,236.0,i,1069.0,1070.0,236,i,1069,1070,equal,True,Equal,7,,False,False,BZFPRLBR_s007,
BZFPRLBR,237.0,dont,1071.0,1075.0,237,dont,1071,1075,equal,True,Equal,7,,False,False,BZFPRLBR_s007,
BZFPRLBR,238.0,!,1075.0,1076.0,238,!,1075,1076,equal,True,Equal,7,Sentence Ending,False,False,BZFPRLBR_s007,Correct Ending
BZFPRLBR,239.0,i,1077.0,1078.0,239,i,1077,1078,equal,True,Equal,8,Sentence Beginning,False,False,BZFPRLBR_s008,Incorrect Beginning
BZFPRLBR,240.0,miss,1079.0,1083.0,240,miss,1079,1083,equal,True,Equal,8,,False,False,BZFPRLBR_s008,
BZFPRLBR,241.0,my,1084.0,1086.0,241,my,1084,1086,equal,True,Equal,8,,False,False,BZFPRLBR_s008,
BZFPRLBR,242.0,family,1087.0,1093.0,242,family,1087,1093,equal,True,Equal,8,,False,False,BZFPRLBR_s008,
BZFPRLBR,243.0,i,1094.0,1095.0,243,i,1094,1095,equal,True,Equal,8,,False,False,BZFPRLBR_s008,
BZFPRLBR,244.0,whant,1096.0,1101.0,244,whant,1096,1101,equal,True,Equal,8,,False,False,BZFPRLBR_s008,
BZFPRLBR,245.0,to,1102.0,1104.0,245,to,1102,1104,equal,True,Equal,8,,False,False,BZFPRLBR_s008,
BZFPRLBR,246.0,go,1105.0,1107.0,246,go,1105,1107,equal,True,Equal,8,,False,False,BZFPRLBR_s008,
BZFPRLBR,247.0,home,1108.0,1112.0,247,home,1108,1112,equal,True,Equal,8,,False,False,BZFPRLBR_s008,
BZFPRLBR,248.0,i,1113.0,1114.0,248,i,1113,1114,equal,True,Equal,8,,False,False,BZFPRLBR_s008,
BZFPRLBR,249.0,feel,1115.0,1119.0,249,feel,1115,1119,equal,True,Equal,8,,False,False,BZFPRLBR_s008,
BZFPRLBR,250.0,this,1120.0,1124.0,250,this,1120,1124,equal,True,Equal,8,,False,False,BZFPRLBR_s008,
BZFPRLBR,251.0,emptness,1125.0,1133.0,251,emptness,1125,1133,equal,True,Equal,8,,False,False,BZFPRLBR_s008,
BZFPRLBR,252.0,from,1134.0,1138.0,252,from,1134,1138,equal,True,Equal,8,,False,False,BZFPRLBR_s008,
BZFPRLBR,253.0,in,1139.0,1141.0,253,in,1139,1141,equal,True,Equal,8,,False,False,BZFPRLBR_s008,
BZFPRLBR,254.0,my,1142.0,1144.0,254,my,1142,1144,equal,True,Equal,8,,False,False,BZFPRLBR_s008,
BZFPRLBR,255.0,hart,1145.0,1149.0,255,hart,1145,1149,equal,True,Equal,8,,False,False,BZFPRLBR_s008,
BZFPRLBR,256.0,like,1150.0,1154.0,256,like,1150,1154,equal,True,Equal,8,,False,False,BZFPRLBR_s008,
BZFPRLBR,257.0,i,1155.0,1156.0,257,i,1155,1156,equal,True,Equal,8,,False,False,BZFPRLBR_s008,
BZFPRLBR,258.0,long,1157.0,1161.0,258,long,1157,1161,equal,True,Equal,8,,False,False,BZFPRLBR_s008,
BZFPRLBR,259.0,some,1162.0,1166.0,259,some,1162,1166,equal,True,Equal,8,,False,False,BZFPRLBR_s008,
BZFPRLBR,260.0,thing,1167.0,1172.0,260,thing,1167,1172,equal,True,Equal,8,,False,False,BZFPRLBR_s008,
BZFPRLBR,261.0,but,1173.0,1176.0,261,but,1173,1176,equal,True,Equal,8,,False,False,BZFPRLBR_s008,
BZFPRLBR,262.0,i,1177.0,1178.0,262,i,1177,1178,equal,True,Equal,8,,False,False,BZFPRLBR_s008,
BZFPRLBR,263.0,dont,1179.0,1183.0,263,dont,1179,1183,equal,True,Equal,8,,False,False,BZFPRLBR_s008,
BZFPRLBR,264.0,know,1184.0,1188.0,264,know,1184,1188,equal,True,Equal,8,,False,False,BZFPRLBR_s008,
BZFPRLBR,265.0,what,1189.0,1193.0,265,what,1189,1193,equal,True,Equal,8,,False,False,BZFPRLBR_s008,
BZFPRLBR,266.0,.,1193.0,1194.0,266,.,1193,1194,equal,True,Equal,8,Sentence Ending,False,False,BZFPRLBR_s008,Correct Ending
BZFPRLBR,267.0,like,1195.0,1199.0,267,like,1195,1199,equal,True,Equal,9,Sentence Beginning,False,False,BZFPRLBR_s009,Incorrect Beginning
BZFPRLBR,268.0,it,1200.0,1202.0,268,it,1200,1202,equal,True,Equal,9,,False,False,BZFPRLBR_s009,
BZFPRLBR,269.0,whants,1203.0,1209.0,269,whants,1203,1209,equal,True,Equal,9,,False,False,BZFPRLBR_s009,
BZFPRLBR,270.0,me,1210.0,1212.0,270,me,1210,1212,equal,True,Equal,9,,False,False,BZFPRLBR_s009,
BZFPRLBR,271.0,and,1213.0,1216.0,271,and,1213,1216,equal,True,Equal,9,,False,False,BZFPRLBR_s009,
BZFPRLBR,272.0,its,1217.0,1220.0,272,its,1217,1220,equal,True,Equal,9,,False,False,BZFPRLBR_s009,
BZFPRLBR,273.0,calling,1221.0,1228.0,273,calling,1221,1228,equal,True,Equal,9,,False,False,BZFPRLBR_s009,
BZFPRLBR,274.0,my,1229.0,1231.0,274,my,1229,1231,equal,True,Equal,9,,False,False,BZFPRLBR_s009,
BZFPRLBR,275.0,name,1232.0,1236.0,275,name,1232,1236,equal,True,Equal,9,,False,False,BZFPRLBR_s009,
BZFPRLBR,276.0,but,1237.0,1240.0,276,but,1237,1240,equal,True,Equal,9,,False,False,BZFPRLBR_s009,
BZFPRLBR,277.0,im,1241.0,1243.0,277,im,1241,1243,equal,True,Equal,9,,False,False,BZFPRLBR_s009,
BZFPRLBR,278.0,just,1244.0,1248.0,278,just,1244,1248,equal,True,Equal,9,,False,False,BZFPRLBR_s009,
BZFPRLBR,279.0,a,1249.0,1250.0,279,a,1249,1250,equal,True,Equal,9,,False,False,BZFPRLBR_s009,
BZFPRLBR,280.0,blined,1251.0,1257.0,280,blined,1251,1257,equal,True,Equal,9,,False,False,BZFPRLBR_s009,
BZFPRLBR,281.0,sol,1258.0,1261.0,281,sol,1258,1261,equal,True,Equal,9,,False,False,BZFPRLBR_s009,
BZFPRLBR,282.0,not,1262.0,1265.0,282,not,1262,1265,equal,True,Equal,9,,False,False,BZFPRLBR_s009,
BZFPRLBR,283.0,knowing,1266.0,1273.0,283,knowing,1266,1273,equal,True,Equal,9,,False,False,BZFPRLBR_s009,
BZFPRLBR,284.0,where,1274.0,1279.0,284,where,1274,1279,equal,True,Equal,9,,False,False,BZFPRLBR_s009,
BZFPRLBR,285.0,to,1280.0,1282.0,285,to,1280,1282,equal,True,Equal,9,,False,False,BZFPRLBR_s009,
BZFPRLBR,286.0,go,1283.0,1285.0,286,go,1283,1285,equal,True,Equal,9,,False,False,BZFPRLBR_s009,
BZFPRLBR,287.0,hey,1286.0,1289.0,287,hey,1286,1289,equal,True,Equal,9,,False,False,BZFPRLBR_s009,
BZFPRLBR,288.0,there,1290.0,1295.0,288,there,1290,1295,equal,True,Equal,9,,False,False,BZFPRLBR_s009,
BZFPRLBR,289.0,i,1296.0,1297.0,289,i,1296,1297,equal,True,Equal,9,,False,False,BZFPRLBR_s009,
BZFPRLBR,290.0,feel,1298.0,1302.0,290,feel,1298,1302,equal,True,Equal,9,,False,False,BZFPRLBR_s009,
BZFPRLBR,291.0,like,1303.0,1307.0,291,like,1303,1307,equal,True,Equal,9,,False,False,BZFPRLBR_s009,
BZFPRLBR,292.0,the,1308.0,1311.0,292,the,1308,1311,equal,True,Equal,9,,False,False,BZFPRLBR_s009,
BZFPRLBR,293.0,luckyist,1312.0,1320.0,293,luckyist,1312,1320,equal,True,Equal,9,,False,False,BZFPRLBR_s009,
BZFPRLBR,294.0,person,1321.0,1327.0,294,person,1321,1327,equal,True,Equal,9,,False,False,BZFPRLBR_s009,
BZFPRLBR,295.0,in,1328.0,1330.0,295,in,1328,1330,equal,True,Equal,9,,False,False,BZFPRLBR_s009,
BZFPRLBR,296.0,the,1331.0,1334.0,296,the,1331,1334,equal,True,Equal,9,,False,False,BZFPRLBR_s009,
BZFPRLBR,297.0,world,1335.0,1340.0,297,world,1335,1340,equal,True,Equal,9,,False,False,BZFPRLBR_s009,
BZFPRLBR,298.0,i,1341.0,1342.0,298,i,1341,1342,equal,True,Equal,9,,False,False,BZFPRLBR_s009,
BZFPRLBR,299.0,got,1343.0,1346.0,299,got,1343,1346,equal,True,Equal,9,,False,False,BZFPRLBR_s009,
BZFPRLBR,300.0,shot,1347.0,1351.0,300,shot,1347,1351,equal,True,Equal,9,,False,False,BZFPRLBR_s009,
BZFPRLBR,301.0,in,1352.0,1354.0,301,in,1352,1354,equal,True,Equal,9,,False,False,BZFPRLBR_s009,
BZFPRLBR,302.0,the,1355.0,1358.0,302,the,1355,1358,equal,True,Equal,9,,False,False,BZFPRLBR_s009,
BZFPRLBR,303.0,hip,1359.0,1362.0,303,hip,1359,1362,equal,True,Equal,9,,False,False,BZFPRLBR_s009,
BZFPRLBR,304.0,and,1363.0,1366.0,304,and,1363,1366,equal,True,Equal,9,,False,False,BZFPRLBR_s009,
BZFPRLBR,305.0,i,1367.0,1368.0,305,i,1367,1368,equal,True,Equal,9,,False,False,BZFPRLBR_s009,
BZFPRLBR,306.0,sivived,1369.0,1376.0,306,sivived,1369,1376,equal,True,Equal,9,,False,False,BZFPRLBR_s009,
BZFPRLBR,307.0,i,1377.0,1378.0,307,i,1377,1378,equal,True,Equal,9,,False,False,BZFPRLBR_s009,
BZFPRLBR,308.0,go,1379.0,1381.0,308,go,1379,1381,equal,True,Equal,9,,False,False,BZFPRLBR_s009,
BZFPRLBR,309.0,home,1382.0,1386.0,309,home,1382,1386,equal,True,Equal,9,,False,False,BZFPRLBR_s009,
BZFPRLBR,310.0,in,1387.0,1389.0,310,in,1387,1389,equal,True,Equal,9,,False,False,BZFPRLBR_s009,
BZFPRLBR,311.0,a,1390.0,1391.0,311,a,1390,1391,equal,True,Equal,9,,False,False,BZFPRLBR_s009,
BZFPRLBR,312.0,week,1392.0,1396.0,312,week,1392,1396,equal,True,Equal,9,,False,False,BZFPRLBR_s009,
BZFPRLBR,313.0,if,1397.0,1399.0,313,if,1397,1399,equal,True,Equal,9,,False,False,BZFPRLBR_s009,
BZFPRLBR,314.0,we,1400.0,1402.0,314,we,1400,1402,equal,True,Equal,9,,False,False,BZFPRLBR_s009,
BZFPRLBR,315.0,win,1403.0,1406.0,315,win,1403,1406,equal,True,Equal,9,,False,False,BZFPRLBR_s009,
BZFPRLBR,316.0,and,1407.0,1410.0,316,and,1407,1410,equal,True,Equal,9,,False,False,BZFPRLBR_s009,
BZFPRLBR,317.0,i,1411.0,1412.0,317,i,1411,1412,equal,True,Equal,9,,False,False,BZFPRLBR_s009,
BZFPRLBR,318.0,hope,1413.0,1417.0,318,hope,1413,1417,equal,True,Equal,9,,False,False,BZFPRLBR_s009,
BZFPRLBR,319.0,we,1418.0,1420.0,319,we,1418,1420,equal,True,Equal,9,,False,False,BZFPRLBR_s009,
BZFPRLBR,320.0,do,1421.0,1423.0,320,do,1421,1423,equal,True,Equal,9,,False,False,BZFPRLBR_s009,
BZFPRLBR,321.0,!,1423.0,1424.0,321,!,1423,1424,equal,True,Equal,9,,False,False,BZFPRLBR_s009,
BZFPRLBR,322.0,1,1425.0,1426.0,322,1,1425,1426,equal,True,Equal,9,,False,False,BZFPRLBR_s009,
BZFPRLBR,323.0,week,1427.0,1431.0,323,week,1427,1431,equal,True,Equal,9,,False,False,BZFPRLBR_s009,
BZFPRLBR,324.0,later,1432.0,1437.0,324,later,1432,1437,equal,True,Equal,9,,False,False,BZFPRLBR_s009,
BZFPRLBR,325.0,we,1438.0,1440.0,325,we,1438,1440,equal,True,Equal,9,,False,False,BZFPRLBR_s009,
BZFPRLBR,326.0,won,1441.0,1444.0,326,won,1441,1444,equal,True,Equal,9,,False,False,BZFPRLBR_s009,
BZFPRLBR,327.0,we,1445.0,1447.0,327,we,1445,1447,equal,True,Equal,9,,False,False,BZFPRLBR_s009,
BZFPRLBR,328.0,really,1448.0,1454.0,328,really,1448,1454,equal,True,Equal,9,,False,False,BZFPRLBR_s009,
BZFPRLBR,329.0,did,1455.0,1458.0,329,did,1455,1458,equal,True,Equal,9,,False,False,BZFPRLBR_s009,
BZFPRLBR,330.0,i,1459.0,1460.0,330,i,1459,1460,equal,True,Equal,9,,False,False,BZFPRLBR_s009,
BZFPRLBR,331.0,rilise,1461.0,1467.0,331,rilise,1461,1467,equal,True,Equal,9,,False,False,BZFPRLBR_s009,
BZFPRLBR,332.0,now,1468.0,1471.0,332,now,1468,1471,equal,True,Equal,9,,False,False,BZFPRLBR_s009,
BZFPRLBR,333.0,i,1472.0,1473.0,333,i,1472,1473,equal,True,Equal,9,,False,False,BZFPRLBR_s009,
BZFPRLBR,334.0,whanted,1474.0,1481.0,334,whanted,1474,1481,equal,True,Equal,9,,False,False,BZFPRLBR_s009,
BZFPRLBR,335.0,some,1482.0,1486.0,335,some,1482,1486,equal,True,Equal,9,,False,False,BZFPRLBR_s009,
BZFPRLBR,336.0,thing,1487.0,1492.0,336,thing,1487,1492,equal,True,Equal,9,,False,False,BZFPRLBR_s009,
BZFPRLBR,337.0,eles,1493.0,1497.0,337,eles,1493,1497,equal,True,Equal,9,,False,False,BZFPRLBR_s009,
BZFPRLBR,338.0,so,1498.0,1500.0,338,so,1498,1500,equal,True,Equal,9,,False,False,BZFPRLBR_s009,
BZFPRLBR,339.0,badly,1501.0,1506.0,339,badly,1501,1506,equal,True,Equal,9,,False,False,BZFPRLBR_s009,
BZFPRLBR,340.0,my,1507.0,1509.0,340,my,1507,1509,equal,True,Equal,9,,False,False,BZFPRLBR_s009,
BZFPRLBR,341.0,family,1510.0,1516.0,341,family,1510,1516,equal,True,Equal,9,,False,False,BZFPRLBR_s009,
BZFPRLBR,342.0,i,1517.0,1518.0,342,i,1517,1518,equal,True,Equal,9,,False,False,BZFPRLBR_s009,
BZFPRLBR,343.0,was,1519.0,1522.0,343,was,1519,1522,equal,True,Equal,9,,False,False,BZFPRLBR_s009,
BZFPRLBR,344.0,to,1523.0,1525.0,344,to,1523,1525,equal,True,Equal,9,,False,False,BZFPRLBR_s009,
BZFPRLBR,345.0,bissy,1526.0,1531.0,345,bissy,1526,1531,equal,True,Equal,9,,False,False,BZFPRLBR_s009,
BZFPRLBR,346.0,thinking,1532.0,1540.0,346,thinking,1532,1540,equal,True,Equal,9,,False,False,BZFPRLBR_s009,
BZFPRLBR,347.0,what,1541.0,1545.0,347,what,1541,1545,equal,True,Equal,9,,False,False,BZFPRLBR_s009,
BZFPRLBR,348.0,i,1546.0,1547.0,348,i,1546,1547,equal,True,Equal,9,,False,False,BZFPRLBR_s009,
BZFPRLBR,349.0,whanted,1548.0,1555.0,349,whanted,1548,1555,equal,True,Equal,9,,False,False,BZFPRLBR_s009,
BZFPRLBR,350.0,to,1556.0,1558.0,350,to,1556,1558,equal,True,Equal,9,,False,False,BZFPRLBR_s009,
BZFPRLBR,351.0,acomplish,1559.0,1568.0,351,acomplish,1559,1568,equal,True,Equal,9,,False,False,BZFPRLBR_s009,
BZFPRLBR,352.0,so,1569.0,1571.0,352,so,1569,1571,equal,True,Equal,9,,False,False,BZFPRLBR_s009,
BZFPRLBR,353.0,we,1572.0,1574.0,353,we,1572,1574,equal,True,Equal,9,,False,False,BZFPRLBR_s009,
BZFPRLBR,354.0,could,1575.0,1580.0,354,could,1575,1580,equal,True,Equal,9,,False,False,BZFPRLBR_s009,
BZFPRLBR,355.0,get,1581.0,1584.0,355,get,1581,1584,equal,True,Equal,9,,False,False,BZFPRLBR_s009,
BZFPRLBR,356.0,the,1585.0,1588.0,356,the,1585,1588,equal,True,Equal,9,,False,False,BZFPRLBR_s009,
BZFPRLBR,357.0,money,1589.0,1594.0,357,money,1589,1594,equal,True,Equal,9,,False,False,BZFPRLBR_s009,
BZFPRLBR,358.0,we,1595.0,1597.0,358,we,1595,1597,equal,True,Equal,9,,False,False,BZFPRLBR_s009,
BZFPRLBR,359.0,.,1597.0,1598.0,359,.,1597,1598,equal,True,Equal,9,Sentence Ending,False,False,BZFPRLBR_s009,Correct Ending
BZFPRLBR,360.0,i,1599.0,1600.0,360,i,1599,1600,equal,True,Equal,10,Sentence Beginning,False,False,BZFPRLBR_s010,Incorrect Beginning
BZFPRLBR,361.0,pushed,1601.0,1607.0,361,pushed,1601,1607,equal,True,Equal,10,,False,False,BZFPRLBR_s010,
BZFPRLBR,362.0,my,1608.0,1610.0,362,my,1608,1610,equal,True,Equal,10,,False,False,BZFPRLBR_s010,
BZFPRLBR,363.0,family,1611.0,1617.0,363,family,1611,1617,equal,True,Equal,10,,False,False,BZFPRLBR_s010,
BZFPRLBR,364.0,and,1618.0,1621.0,364,and,1618,1621,equal,True,Equal,10,,False,False,BZFPRLBR_s010,
BZFPRLBR,365.0,friends,1622.0,1629.0,365,friends,1622,1629,equal,True,Equal,10,,False,False,BZFPRLBR_s010,
BZFPRLBR,366.0,aside,1630.0,1635.0,366,aside,1630,1635,equal,True,Equal,10,,False,False,BZFPRLBR_s010,
BZFPRLBR,367.0,.,1635.0,1636.0,367,.,1635,1636,equal,True,Equal,10,Sentence Ending,False,False,BZFPRLBR_s010,Correct Ending
CDTYDYHH,0.0,In,0.0,2.0,0,In,0,2,equal,True,Equal,0,Sentence Beginning,False,False,CDTYDYHH_s000,Correct Beginning
CDTYDYHH,1.0,space,3.0,8.0,1,space,3,8,equal,True,Equal,0,,False,False,CDTYDYHH_s000,
CDTYDYHH,2.0,fhfa98fh3hf9s8hfusifhf,9.0,31.0,2,fhfa98fh3hf9s8hfusifhf,9,31,equal,True,Equal,0,,False,False,CDTYDYHH_s000,
CDTYDYHH,3.0,hafsfba8b4,32.0,42.0,3,hafsfba8b4,32,42,equal,True,Equal,0,,False,False,CDTYDYHH_s000,
CDTYDYHH,4.0,bfaibfie74,43.0,53.0,4,bfaibfie74,43,53,equal,True,Equal,0,,False,False,CDTYDYHH_s000,
CDTYDYHH,5.0,faf,54.0,57.0,5,faf,54,57,equal,True,Equal,0,,False,False,CDTYDYHH_s000,
CDTYDYHH,6.0,=,57.0,58.0,6,=,57,58,equal,True,Equal,0,,False,False,CDTYDYHH_s000,
CDTYDYHH,7.0,efgr904he9hfs9hgf,58.0,75.0,7,efgr904he9hfs9hgf,58,75,equal,True,Equal,0,,False,False,CDTYDYHH_s000,
CDTYDYHH,8.0,f8sg48twg8wgf,76.0,89.0,8,f8sg48twg8wgf,76,89,equal,True,Equal,0,,False,False,CDTYDYHH_s000,
CDTYDYHH,9.0,YAY,90.0,93.0,9,YAY,90,93,equal,True,Equal,0,,False,False,CDTYDYHH_s000,
CDTYDYHH,,,,,10,.,93,94,insert,False,PunctuationInsertion,0,Sentence Ending,False,False,CDTYDYHH_s000,Incorrect Ending
CFPPXHTD,0.0,Many,0.0,4.0,0,Many,0,4,equal,True,Equal,0,Sentence Beginning,False,False,CFPPXHTD_s000,Correct Beginning
CFPPXHTD,1.0,moons,5.0,10.0,1,moons,5,10,equal,True,Equal,0,,False,False,CFPPXHTD_s000,
CFPPXHTD,2.0,ago,11.0,14.0,2,ago,11,14,equal,True,Equal,0,,False,False,CFPPXHTD_s000,
CFPPXHTD,3.0,there,15.0,20.0,3,there,15,20,equal,True,Equal,0,,False,False,CFPPXHTD_s000,
CFPPXHTD,4.0,were,21.0,25.0,4,were,21,25,equal,True,Equal,0,,False,False,CFPPXHTD_s000,
CFPPXHTD,5.0,three,26.0,31.0,5,three,26,31,equal,True,Equal,0,,False,False,CFPPXHTD_s000,
CFPPXHTD,6.0,eggs,32.0,36.0,6,eggs,32,36,equal,True,Equal,0,,False,False,CFPPXHTD_s000,
CFPPXHTD,7.0,.,36.0,37.0,7,.,36,37,equal,True,Equal,0,Sentence Ending,False,False,CFPPXHTD_s000,Correct Ending
CFPPXHTD,8.0,one,38.0,41.0,8,one,38,41,equal,True,Equal,1,Sentence Beginning,False,False,CFPPXHTD_s001,Incorrect Beginning
CFPPXHTD,9.0,from,42.0,46.0,9,from,42,46,equal,True,Equal,1,,False,False,CFPPXHTD_s001,
CFPPXHTD,10.0,two,47.0,50.0,10,two,47,50,equal,True,Equal,1,,False,False,CFPPXHTD_s001,
CFPPXHTD,11.0,gorilla,51.0,58.0,11,gorilla,51,58,equal,True,Equal,1,,False,False,CFPPXHTD_s001,
CFPPXHTD,12.0,warriors,59.0,67.0,12,warriors,59,67,equal,True,Equal,1,,False,False,CFPPXHTD_s001,
CFPPXHTD,13.0,",",67.0,68.0,13,",",67,68,equal,True,Equal,1,,False,False,CFPPXHTD_s001,
CFPPXHTD,14.0,another,68.0,75.0,14,another,68,75,equal,True,Equal,1,,False,False,CFPPXHTD_s001,
CFPPXHTD,15.0,from,76.0,80.0,15,from,76,80,equal,True,Equal,1,,False,False,CFPPXHTD_s001,
CFPPXHTD,16.0,two,81.0,84.0,16,two,81,84,equal,True,Equal,1,,False,False,CFPPXHTD_s001,
CFPPXHTD,17.0,golden,85.0,91.0,17,golden,85,91,equal,True,Equal,1,,False,False,CFPPXHTD_s001,
CFPPXHTD,18.0,phonixes,92.0,100.0,18,phonixes,92,100,equal,True,Equal,1,,False,False,CFPPXHTD_s001,
CFPPXHTD,19.0,and,101.0,104.0,19,and,101,104,equal,True,Equal,1,,False,False,CFPPXHTD_s001,
CFPPXHTD,20.0,the,105.0,108.0,20,the,105,108,equal,True,Equal,1,,False,False,CFPPXHTD_s001,
CFPPXHTD,21.0,most,109.0,113.0,21,most,109,113,equal,True,Equal,1,,False,False,CFPPXHTD_s001,
CFPPXHTD,22.0,legendery,114.0,123.0,22,legendery,114,123,equal,True,Equal,1,,False,False,CFPPXHTD_s001,
CFPPXHTD,23.0,from,124.0,128.0,23,from,124,128,equal,True,Equal,1,,False,False,CFPPXHTD_s001,
CFPPXHTD,24.0,the,129.0,132.0,24,the,129,132,equal,True,Equal,1,,False,False,CFPPXHTD_s001,
CFPPXHTD,25.0,lord,133.0,137.0,25,lord,133,137,equal,True,Equal,1,,False,False,CFPPXHTD_s001,
CFPPXHTD,26.0,.,137.0,138.0,26,.,137,138,equal,True,Equal,1,Sentence Ending,False,False,CFPPXHTD_s001,Correct Ending
CFPPXHTD,27.0,.,138.0,139.0,27,.,138,139,equal,True,Equal,2,Sentence Ending,False,False,CFPPXHTD_s002,Correct Ending
CFPPXHTD,28.0,.,139.0,140.0,28,.,139,140,equal,True,Equal,3,Sentence Ending,False,False,CFPPXHTD_s003,Correct Ending
CFPPXHTD,29.0,the,141.0,144.0,29,the,141,144,equal,True,Equal,4,Sentence Beginning,False,False,CFPPXHTD_s004,Incorrect Beginning
CFPPXHTD,30.0,ultra,145.0,150.0,30,ultra,145,150,equal,True,Equal,4,,False,False,CFPPXHTD_s004,
CFPPXHTD,31.0,serpent,151.0,158.0,31,serpent,151,158,equal,True,Equal,4,,False,False,CFPPXHTD_s004,
CFPPXHTD,32.0,and,159.0,162.0,32,and,159,162,equal,True,Equal,4,,False,False,CFPPXHTD_s004,
CFPPXHTD,33.0,his,163.0,166.0,33,his,163,166,equal,True,Equal,4,,False,False,CFPPXHTD_s004,
CFPPXHTD,34.0,name,167.0,171.0,34,name,167,171,equal,True,Equal,4,,False,False,CFPPXHTD_s004,
CFPPXHTD,35.0,was,172.0,175.0,35,was,172,175,equal,True,Equal,4,,False,False,CFPPXHTD_s004,
CFPPXHTD,36.0,gathor,176.0,182.0,36,gathor,176,182,equal,True,Equal,4,,False,False,CFPPXHTD_s004,
CFPPXHTD,37.0,.,182.0,183.0,37,.,182,183,equal,True,Equal,4,Sentence Ending,False,False,CFPPXHTD_s004,Correct Ending
CFPPXHTD,38.0,A,184.0,185.0,38,A,184,185,equal,True,Equal,5,Sentence Beginning,False,False,CFPPXHTD_s005,Correct Beginning
CFPPXHTD,39.0,few,186.0,189.0,39,few,186,189,equal,True,Equal,5,,False,False,CFPPXHTD_s005,
CFPPXHTD,40.0,months,190.0,196.0,40,months,190,196,equal,True,Equal,5,,False,False,CFPPXHTD_s005,
CFPPXHTD,41.0,later,197.0,202.0,41,later,197,202,equal,True,Equal,5,,False,False,CFPPXHTD_s005,
CFPPXHTD,42.0,",",202.0,203.0,42,",",202,203,equal,True,Equal,5,,False,False,CFPPXHTD_s005,
CFPPXHTD,43.0,the,204.0,207.0,43,the,204,207,equal,True,Equal,5,,False,False,CFPPXHTD_s005,
CFPPXHTD,44.0,eggs,208.0,212.0,44,eggs,208,212,equal,True,Equal,5,,False,False,CFPPXHTD_s005,
CFPPXHTD,45.0,hatched,213.0,220.0,45,hatched,213,220,equal,True,Equal,5,,False,False,CFPPXHTD_s005,
CFPPXHTD,46.0,but,221.0,224.0,46,but,221,224,equal,True,Equal,5,,False,False,CFPPXHTD_s005,
CFPPXHTD,47.0,the,225.0,228.0,47,the,225,228,equal,True,Equal,5,,False,False,CFPPXHTD_s005,
CFPPXHTD,48.0,babys,229.0,234.0,48,babys,229,234,equal,True,Equal,5,,False,False,CFPPXHTD_s005,
CFPPXHTD,49.0,realised,235.0,243.0,49,realised,235,243,equal,True,Equal,5,,False,False,CFPPXHTD_s005,
CFPPXHTD,50.0,that,244.0,248.0,50,that,244,248,equal,True,Equal,5,,False,False,CFPPXHTD_s005,
CFPPXHTD,51.0,they,249.0,253.0,51,they,249,253,equal,True,Equal,5,,False,False,CFPPXHTD_s005,
CFPPXHTD,52.0,were,254.0,258.0,52,were,254,258,equal,True,Equal,5,,False,False,CFPPXHTD_s005,
CFPPXHTD,53.0,under,259.0,264.0,53,under,259,264,equal,True,Equal,5,,False,False,CFPPXHTD_s005,
CFPPXHTD,54.0,attack,265.0,271.0,54,attack,265,271,equal,True,Equal,5,,False,False,CFPPXHTD_s005,
CFPPXHTD,55.0,!,271.0,272.0,55,!,271,272,equal,True,Equal,5,Sentence Ending,False,False,CFPPXHTD_s005,Correct Ending
CFPPXHTD,56.0,They,273.0,277.0,56,They,273,277,equal,True,Equal,6,Sentence Beginning,False,False,CFPPXHTD_s006,Correct Beginning
CFPPXHTD,57.0,ran,278.0,281.0,57,ran,278,281,equal,True,Equal,6,,False,False,CFPPXHTD_s006,
CFPPXHTD,58.0,as,282.0,284.0,58,as,282,284,equal,True,Equal,6,,False,False,CFPPXHTD_s006,
CFPPXHTD,59.0,fast,285.0,289.0,59,fast,285,289,equal,True,Equal,6,,False,False,CFPPXHTD_s006,
CFPPXHTD,60.0,as,290.0,292.0,60,as,290,292,equal,True,Equal,6,,False,False,CFPPXHTD_s006,
CFPPXHTD,61.0,they,293.0,297.0,61,they,293,297,equal,True,Equal,6,,False,False,CFPPXHTD_s006,
CFPPXHTD,62.0,could,298.0,303.0,62,could,298,303,equal,True,Equal,6,,False,False,CFPPXHTD_s006,
CFPPXHTD,63.0,.,303.0,304.0,63,.,303,304,equal,True,Equal,6,Sentence Ending,False,False,CFPPXHTD_s006,Correct Ending
CFPPXHTD,64.0,Sadlyonly,304.0,313.0,64,Sadlyonly,304,313,equal,True,Equal,7,Sentence Beginning,False,False,CFPPXHTD_s007,Correct Beginning
CFPPXHTD,65.0,one,314.0,317.0,65,one,314,317,equal,True,Equal,7,,False,False,CFPPXHTD_s007,
CFPPXHTD,66.0,escaped,318.0,325.0,66,escaped,318,325,equal,True,Equal,7,,False,False,CFPPXHTD_s007,
CFPPXHTD,67.0,the,326.0,329.0,67,the,326,329,equal,True,Equal,7,,False,False,CFPPXHTD_s007,
CFPPXHTD,68.0,serpents,330.0,338.0,68,serpents,330,338,equal,True,Equal,7,,False,False,CFPPXHTD_s007,
CFPPXHTD,69.0,baby,339.0,343.0,69,baby,339,343,equal,True,Equal,7,,False,False,CFPPXHTD_s007,
CFPPXHTD,70.0,but,344.0,347.0,70,but,344,347,equal,True,Equal,7,,False,False,CFPPXHTD_s007,
CFPPXHTD,71.0,he,348.0,350.0,71,he,348,350,equal,True,Equal,7,,False,False,CFPPXHTD_s007,
CFPPXHTD,72.0,was,351.0,354.0,72,was,351,354,equal,True,Equal,7,,False,False,CFPPXHTD_s007,
CFPPXHTD,73.0,all,355.0,358.0,73,all,355,358,equal,True,Equal,7,,False,False,CFPPXHTD_s007,
CFPPXHTD,74.0,alone,359.0,364.0,74,alone,359,364,equal,True,Equal,7,,False,False,CFPPXHTD_s007,
CFPPXHTD,75.0,because,365.0,372.0,75,because,365,372,equal,True,Equal,7,,False,False,CFPPXHTD_s007,
CFPPXHTD,76.0,everyone,373.0,381.0,76,everyone,373,381,equal,True,Equal,7,,False,False,CFPPXHTD_s007,
CFPPXHTD,77.0,died,382.0,386.0,77,died,382,386,equal,True,Equal,7,,False,False,CFPPXHTD_s007,
CFPPXHTD,78.0,during,387.0,393.0,78,during,387,393,equal,True,Equal,7,,False,False,CFPPXHTD_s007,
CFPPXHTD,79.0,the,394.0,397.0,79,the,394,397,equal,True,Equal,7,,False,False,CFPPXHTD_s007,
CFPPXHTD,80.0,battle,398.0,404.0,80,battle,398,404,equal,True,Equal,7,,False,False,CFPPXHTD_s007,
CFPPXHTD,81.0,"""",405.0,406.0,81,"""",405,406,equal,True,Equal,7,,False,False,CFPPXHTD_s007,
CFPPXHTD,82.0,I,406.0,407.0,82,I,406,407,equal,True,Equal,7,,False,False,CFPPXHTD_s007,
CFPPXHTD,83.0,have,408.0,412.0,83,have,408,412,equal,True,Equal,7,,False,False,CFPPXHTD_s007,
CFPPXHTD,84.0,no,413.0,415.0,84,no,413,415,equal,True,Equal,7,,False,False,CFPPXHTD_s007,
CFPPXHTD,85.0,freinds,416.0,423.0,85,freinds,416,423,equal,True,Equal,7,,False,False,CFPPXHTD_s007,
CFPPXHTD,86.0,no,424.0,426.0,86,no,424,426,equal,True,Equal,7,,False,False,CFPPXHTD_s007,
CFPPXHTD,87.0,food,427.0,431.0,87,food,427,431,equal,True,Equal,7,,False,False,CFPPXHTD_s007,
CFPPXHTD,88.0,and,432.0,435.0,88,and,432,435,equal,True,Equal,7,,False,False,CFPPXHTD_s007,
CFPPXHTD,89.0,no,436.0,438.0,89,no,436,438,equal,True,Equal,7,,False,False,CFPPXHTD_s007,
CFPPXHTD,90.0,shelter,439.0,446.0,90,shelter,439,446,equal,True,Equal,7,,False,False,CFPPXHTD_s007,
CFPPXHTD,91.0,"""",446.0,447.0,91,"""",446,447,equal,True,Equal,7,,False,False,CFPPXHTD_s007,
CFPPXHTD,92.0,he,447.0,449.0,92,he,447,449,equal,True,Equal,7,,False,False,CFPPXHTD_s007,
CFPPXHTD,93.0,cried,450.0,455.0,93,cried,450,455,equal,True,Equal,7,,False,False,CFPPXHTD_s007,
CFPPXHTD,94.0,A,456.0,457.0,94,A,456,457,equal,True,Equal,7,,False,False,CFPPXHTD_s007,
CFPPXHTD,95.0,few,458.0,461.0,95,few,458,461,equal,True,Equal,7,,False,False,CFPPXHTD_s007,
CFPPXHTD,96.0,days,462.0,466.0,96,days,462,466,equal,True,Equal,7,,False,False,CFPPXHTD_s007,
CFPPXHTD,97.0,later,467.0,472.0,97,later,467,472,equal,True,Equal,7,,False,False,CFPPXHTD_s007,
CFPPXHTD,98.0,",",472.0,473.0,98,",",472,473,equal,True,Equal,7,,False,False,CFPPXHTD_s007,
CFPPXHTD,99.0,he,473.0,475.0,99,he,473,475,equal,True,Equal,7,,False,False,CFPPXHTD_s007,
CFPPXHTD,100.0,gave,476.0,480.0,100,gave,476,480,equal,True,Equal,7,,False,False,CFPPXHTD_s007,
CFPPXHTD,101.0,himself,481.0,488.0,101,himself,481,488,equal,True,Equal,7,,False,False,CFPPXHTD_s007,
CFPPXHTD,102.0,a,489.0,490.0,102,a,489,490,equal,True,Equal,7,,False,False,CFPPXHTD_s007,
CFPPXHTD,103.0,name,491.0,495.0,103,name,491,495,equal,True,Equal,7,,False,False,CFPPXHTD_s007,
CFPPXHTD,104.0,and,496.0,499.0,104,and,496,499,equal,True,Equal,7,,False,False,CFPPXHTD_s007,
CFPPXHTD,105.0,it,500.0,502.0,105,it,500,502,equal,True,Equal,7,,False,False,CFPPXHTD_s007,
CFPPXHTD,106.0,wasGojo,503.0,510.0,106,wasGojo,503,510,equal,True,Equal,7,,False,False,CFPPXHTD_s007,
CFPPXHTD,107.0,.,510.0,511.0,107,.,510,511,equal,True,Equal,7,Sentence Ending,False,False,CFPPXHTD_s007,Correct Ending
CFPPXHTD,108.0,Ten,511.0,514.0,108,Ten,511,514,equal,True,Equal,8,Sentence Beginning,False,False,CFPPXHTD_s008,Correct Beginning
CFPPXHTD,109.0,years,515.0,520.0,109,years,515,520,equal,True,Equal,8,,False,False,CFPPXHTD_s008,
CFPPXHTD,110.0,later,521.0,526.0,110,later,521,526,equal,True,Equal,8,,False,False,CFPPXHTD_s008,
CFPPXHTD,111.0,",",526.0,527.0,111,",",526,527,equal,True,Equal,8,,False,False,CFPPXHTD_s008,
CFPPXHTD,112.0,Gojo,527.0,531.0,112,Gojo,527,531,equal,True,Equal,8,,False,False,CFPPXHTD_s008,
CFPPXHTD,113.0,made,532.0,536.0,113,made,532,536,equal,True,Equal,8,,False,False,CFPPXHTD_s008,
CFPPXHTD,114.0,armor,537.0,542.0,114,armor,537,542,equal,True,Equal,8,,False,False,CFPPXHTD_s008,
CFPPXHTD,115.0,",",542.0,543.0,115,",",542,543,equal,True,Equal,8,,False,False,CFPPXHTD_s008,
CFPPXHTD,116.0,a,543.0,544.0,116,a,543,544,equal,True,Equal,8,,False,False,CFPPXHTD_s008,
CFPPXHTD,117.0,base,545.0,549.0,117,base,545,549,equal,True,Equal,8,,False,False,CFPPXHTD_s008,
CFPPXHTD,118.0,",",549.0,550.0,118,",",549,550,equal,True,Equal,8,,False,False,CFPPXHTD_s008,
CFPPXHTD,119.0,a,550.0,551.0,119,a,550,551,equal,True,Equal,8,,False,False,CFPPXHTD_s008,
CFPPXHTD,120.0,gym,552.0,555.0,120,gym,552,555,equal,True,Equal,8,,False,False,CFPPXHTD_s008,
CFPPXHTD,121.0,?,555.0,556.0,121,?,555,556,equal,True,Equal,8,Sentence Ending,False,False,CFPPXHTD_s008,Correct Ending
CFPPXHTD,122.0,Gojo,556.0,560.0,122,Gojo,556,560,equal,True,Equal,9,Sentence Beginning,False,False,CFPPXHTD_s009,Correct Beginning
CFPPXHTD,123.0,still,561.0,566.0,123,still,561,566,equal,True,Equal,9,,False,False,CFPPXHTD_s009,
CFPPXHTD,124.0,had,567.0,570.0,124,had,567,570,equal,True,Equal,9,,False,False,CFPPXHTD_s009,
CFPPXHTD,125.0,one,571.0,574.0,125,one,571,574,equal,True,Equal,9,,False,False,CFPPXHTD_s009,
CFPPXHTD,126.0,thing,575.0,580.0,126,thing,575,580,equal,True,Equal,9,,False,False,CFPPXHTD_s009,
CFPPXHTD,127.0,on,581.0,583.0,127,on,581,583,equal,True,Equal,9,,False,False,CFPPXHTD_s009,
CFPPXHTD,128.0,his,584.0,587.0,128,his,584,587,equal,True,Equal,9,,False,False,CFPPXHTD_s009,
CFPPXHTD,129.0,checklist,588.0,597.0,129,checklist,588,597,equal,True,Equal,9,,False,False,CFPPXHTD_s009,
CFPPXHTD,130.0,and,598.0,601.0,130,and,598,601,equal,True,Equal,9,,False,False,CFPPXHTD_s009,
CFPPXHTD,131.0,it,602.0,604.0,131,it,602,604,equal,True,Equal,9,,False,False,CFPPXHTD_s009,
CFPPXHTD,132.0,wasrevenge,605.0,615.0,132,wasrevenge,605,615,equal,True,Equal,9,,False,False,CFPPXHTD_s009,
CFPPXHTD,133.0,on,616.0,618.0,133,on,616,618,equal,True,Equal,9,,False,False,CFPPXHTD_s009,
CFPPXHTD,134.0,the,619.0,622.0,134,the,619,622,equal,True,Equal,9,,False,False,CFPPXHTD_s009,
CFPPXHTD,135.0,attackers,623.0,632.0,135,attackers,623,632,equal,True,Equal,9,,False,False,CFPPXHTD_s009,
CFPPXHTD,136.0,.,632.0,633.0,136,.,632,633,equal,True,Equal,9,Sentence Ending,False,False,CFPPXHTD_s009,Correct Ending
CFPPXHTD,137.0,A,633.0,634.0,137,A,633,634,equal,True,Equal,10,Sentence Beginning,False,False,CFPPXHTD_s010,Correct Beginning
CFPPXHTD,138.0,few,635.0,638.0,138,few,635,638,equal,True,Equal,10,,False,False,CFPPXHTD_s010,
CFPPXHTD,139.0,days,639.0,643.0,139,days,639,643,equal,True,Equal,10,,False,False,CFPPXHTD_s010,
CFPPXHTD,140.0,later,644.0,649.0,140,later,644,649,equal,True,Equal,10,,False,False,CFPPXHTD_s010,
CFPPXHTD,141.0,",",649.0,650.0,141,",",649,650,equal,True,Equal,10,,False,False,CFPPXHTD_s010,
CFPPXHTD,142.0,Gojo,650.0,654.0,142,Gojo,650,654,equal,True,Equal,10,,False,False,CFPPXHTD_s010,
CFPPXHTD,143.0,found,655.0,660.0,143,found,655,660,equal,True,Equal,10,,False,False,CFPPXHTD_s010,
CFPPXHTD,144.0,the,661.0,664.0,144,the,661,664,equal,True,Equal,10,,False,False,CFPPXHTD_s010,
CFPPXHTD,145.0,attackers,665.0,674.0,145,attackers,665,674,equal,True,Equal,10,,False,False,CFPPXHTD_s010,
CFPPXHTD,146.0,base,675.0,679.0,146,base,675,679,equal,True,Equal,10,,False,False,CFPPXHTD_s010,
CFPPXHTD,147.0,they,680.0,684.0,147,they,680,684,equal,True,Equal,10,,False,False,CFPPXHTD_s010,
CFPPXHTD,148.0,tried,685.0,690.0,148,tried,685,690,equal,True,Equal,10,,False,False,CFPPXHTD_s010,
CFPPXHTD,149.0,attacking,691.0,700.0,149,attacking,691,700,equal,True,Equal,10,,False,False,CFPPXHTD_s010,
CFPPXHTD,150.0,Gojo,701.0,705.0,150,Gojo,701,705,equal,True,Equal,10,,False,False,CFPPXHTD_s010,
CFPPXHTD,151.0,but,706.0,709.0,151,but,706,709,equal,True,Equal,10,,False,False,CFPPXHTD_s010,
CFPPXHTD,152.0,his,710.0,713.0,152,his,710,713,equal,True,Equal,10,,False,False,CFPPXHTD_s010,
CFPPXHTD,153.0,armor,714.0,719.0,153,armor,714,719,equal,True,Equal,10,,False,False,CFPPXHTD_s010,
CFPPXHTD,154.0,was,720.0,723.0,154,was,720,723,equal,True,Equal,10,,False,False,CFPPXHTD_s010,
CFPPXHTD,155.0,to,724.0,726.0,155,to,724,726,equal,True,Equal,10,,False,False,CFPPXHTD_s010,
CFPPXHTD,156.0,strong,727.0,733.0,156,strong,727,733,equal,True,Equal,10,,False,False,CFPPXHTD_s010,
CFPPXHTD,157.0,he,734.0,736.0,157,he,734,736,equal,True,Equal,10,,False,False,CFPPXHTD_s010,
CFPPXHTD,158.0,did,737.0,740.0,158,did,737,740,equal,True,Equal,10,,False,False,CFPPXHTD_s010,
CFPPXHTD,159.0,a,741.0,742.0,159,a,741,742,equal,True,Equal,10,,False,False,CFPPXHTD_s010,
CFPPXHTD,160.0,flying,743.0,749.0,160,flying,743,749,equal,True,Equal,10,,False,False,CFPPXHTD_s010,
CFPPXHTD,161.0,backflip,750.0,758.0,161,backflip,750,758,equal,True,Equal,10,,False,False,CFPPXHTD_s010,
CFPPXHTD,162.0,and,759.0,762.0,162,and,759,762,equal,True,Equal,10,,False,False,CFPPXHTD_s010,
CFPPXHTD,163.0,wiped,763.0,768.0,163,wiped,763,768,equal,True,Equal,10,,False,False,CFPPXHTD_s010,
CFPPXHTD,164.0,them,769.0,773.0,164,them,769,773,equal,True,Equal,10,,False,False,CFPPXHTD_s010,
CFPPXHTD,165.0,all,774.0,777.0,165,all,774,777,equal,True,Equal,10,,False,False,CFPPXHTD_s010,
CFPPXHTD,166.0,out,778.0,781.0,166,out,778,781,equal,True,Equal,10,,False,False,CFPPXHTD_s010,
CFPPXHTD,167.0,.,781.0,782.0,167,.,781,782,equal,True,Equal,10,Sentence Ending,False,False,CFPPXHTD_s010,Correct Ending
CFPPXHTD,168.0,Then,782.0,786.0,168,Then,782,786,equal,True,Equal,11,Sentence Beginning,False,False,CFPPXHTD_s011,Correct Beginning
CFPPXHTD,169.0,he,787.0,789.0,169,he,787,789,equal,True,Equal,11,,False,False,CFPPXHTD_s011,
CFPPXHTD,170.0,lived,790.0,795.0,170,lived,790,795,equal,True,Equal,11,,False,False,CFPPXHTD_s011,
CFPPXHTD,171.0,the,796.0,799.0,171,the,796,799,equal,True,Equal,11,,False,False,CFPPXHTD_s011,
CFPPXHTD,172.0,happiest,800.0,808.0,172,happiest,800,808,equal,True,Equal,11,,False,False,CFPPXHTD_s011,
CFPPXHTD,173.0,life,809.0,813.0,173,life,809,813,equal,True,Equal,11,,False,False,CFPPXHTD_s011,
CFPPXHTD,174.0,ever,814.0,818.0,174,ever,814,818,equal,True,Equal,11,,False,False,CFPPXHTD_s011,
CFPPXHTD,175.0,after,819.0,824.0,175,after,819,824,equal,True,Equal,11,,False,False,CFPPXHTD_s011,
CFPPXHTD,176.0,.,824.0,825.0,176,.,824,825,equal,True,Equal,11,Sentence Ending,False,False,CFPPXHTD_s011,Correct Ending
CQGSWKXY,0.0,NOSE,0.0,4.0,0,NOSE,0,4,equal,True,Equal,0,Sentence Beginning,False,False,CQGSWKXY_s000,Correct Beginning
CQGSWKXY,1.0,THE,5.0,8.0,1,THE,5,8,equal,True,Equal,0,,False,False,CQGSWKXY_s000,
CQGSWKXY,2.0,FISH,9.0,13.0,2,FISH,9,13,equal,True,Equal,0,,False,False,CQGSWKXY_s000,
CQGSWKXY,3.0,"""",14.0,15.0,3,"""",14,15,equal,True,Equal,0,,False,False,CQGSWKXY_s000,
CQGSWKXY,4.0,I,15.0,16.0,4,I,15,16,equal,True,Equal,0,,False,False,CQGSWKXY_s000,
CQGSWKXY,5.0,was,17.0,20.0,5,was,17,20,equal,True,Equal,0,,False,False,CQGSWKXY_s000,
CQGSWKXY,6.0,in,21.0,23.0,6,in,21,23,equal,True,Equal,0,,False,False,CQGSWKXY_s000,
CQGSWKXY,7.0,the,24.0,27.0,7,the,24,27,equal,True,Equal,0,,False,False,CQGSWKXY_s000,
CQGSWKXY,8.0,beach,28.0,33.0,8,beach,28,33,equal,True,Equal,0,,False,False,CQGSWKXY_s000,
CQGSWKXY,9.0,whith,34.0,39.0,9,whith,34,39,equal,True,Equal,0,,False,False,CQGSWKXY_s000,
CQGSWKXY,10.0,Lily,40.0,44.0,10,Lily,40,44,equal,True,Equal,0,,False,False,CQGSWKXY_s000,
CQGSWKXY,11.0,we,45.0,47.0,11,we,45,47,equal,True,Equal,0,,False,False,CQGSWKXY_s000,
CQGSWKXY,12.0,wher,48.0,52.0,12,wher,48,52,equal,True,Equal,0,,False,False,CQGSWKXY_s000,
CQGSWKXY,13.0,going,53.0,58.0,13,going,53,58,equal,True,Equal,0,,False,False,CQGSWKXY_s000,
CQGSWKXY,14.0,on,59.0,61.0,14,on,59,61,equal,True,Equal,0,,False,False,CQGSWKXY_s000,
CQGSWKXY,15.0,a,62.0,63.0,15,a,62,63,equal,True,Equal,0,,False,False,CQGSWKXY_s000,
CQGSWKXY,16.0,search,64.0,70.0,16,search,64,70,equal,True,Equal,0,,False,False,CQGSWKXY_s000,
CQGSWKXY,17.0,in,71.0,73.0,17,in,71,73,equal,True,Equal,0,,False,False,CQGSWKXY_s000,
CQGSWKXY,18.0,the,74.0,77.0,18,the,74,77,equal,True,Equal,0,,False,False,CQGSWKXY_s000,
CQGSWKXY,19.0,whater,78.0,84.0,19,whater,78,84,equal,True,Equal,0,,False,False,CQGSWKXY_s000,
CQGSWKXY,20.0,for,85.0,88.0,20,for,85,88,equal,True,Equal,0,,False,False,CQGSWKXY_s000,
CQGSWKXY,21.0,Nose,89.0,93.0,21,Nose,89,93,equal,True,Equal,0,,False,False,CQGSWKXY_s000,
CQGSWKXY,22.0,when,94.0,98.0,22,when,94,98,equal,True,Equal,0,,False,False,CQGSWKXY_s000,
CQGSWKXY,23.0,we,99.0,101.0,23,we,99,101,equal,True,Equal,0,,False,False,CQGSWKXY_s000,
CQGSWKXY,24.0,found,102.0,107.0,24,found,102,107,equal,True,Equal,0,,False,False,CQGSWKXY_s000,
CQGSWKXY,25.0,him,108.0,111.0,25,him,108,111,equal,True,Equal,0,,False,False,CQGSWKXY_s000,
CQGSWKXY,26.0,we,112.0,114.0,26,we,112,114,equal,True,Equal,0,,False,False,CQGSWKXY_s000,
CQGSWKXY,27.0,found,115.0,120.0,27,found,115,120,equal,True,Equal,0,,False,False,CQGSWKXY_s000,
CQGSWKXY,28.0,out,121.0,124.0,28,out,121,124,equal,True,Equal,0,,False,False,CQGSWKXY_s000,
CQGSWKXY,29.0,that,125.0,129.0,29,that,125,129,equal,True,Equal,0,,False,False,CQGSWKXY_s000,
CQGSWKXY,30.0,he,130.0,132.0,30,he,130,132,equal,True,Equal,0,,False,False,CQGSWKXY_s000,
CQGSWKXY,31.0,did,133.0,136.0,31,did,133,136,equal,True,Equal,0,,False,False,CQGSWKXY_s000,
CQGSWKXY,32.0,not,137.0,140.0,32,not,137,140,equal,True,Equal,0,,False,False,CQGSWKXY_s000,
CQGSWKXY,33.0,whant,141.0,146.0,33,whant,141,146,equal,True,Equal,0,,False,False,CQGSWKXY_s000,
CQGSWKXY,34.0,to,147.0,149.0,34,to,147,149,equal,True,Equal,0,,False,False,CQGSWKXY_s000,
CQGSWKXY,35.0,be,150.0,152.0,35,be,150,152,equal,True,Equal,0,,False,False,CQGSWKXY_s000,
CQGSWKXY,36.0,recorded,153.0,161.0,36,recorded,153,161,equal,True,Equal,0,,False,False,CQGSWKXY_s000,
CQGSWKXY,37.0,then,162.0,166.0,37,then,162,166,equal,True,Equal,0,,False,False,CQGSWKXY_s000,
CQGSWKXY,38.0,we,167.0,169.0,38,we,167,169,equal,True,Equal,0,,False,False,CQGSWKXY_s000,
CQGSWKXY,39.0,became,170.0,176.0,39,became,170,176,equal,True,Equal,0,,False,False,CQGSWKXY_s000,
CQGSWKXY,40.0,best,177.0,181.0,40,best,177,181,equal,True,Equal,0,,False,False,CQGSWKXY_s000,
CQGSWKXY,41.0,friends,182.0,189.0,41,friends,182,189,equal,True,Equal,0,,False,False,CQGSWKXY_s000,
CQGSWKXY,42.0,we,190.0,192.0,42,we,190,192,equal,True,Equal,0,,False,False,CQGSWKXY_s000,
CQGSWKXY,43.0,said,193.0,197.0,43,said,193,197,equal,True,Equal,0,,False,False,CQGSWKXY_s000,
CQGSWKXY,44.0,good,198.0,202.0,44,good,198,202,equal,True,Equal,0,,False,False,CQGSWKXY_s000,
CQGSWKXY,45.0,by,203.0,205.0,45,by,203,205,equal,True,Equal,0,,False,False,CQGSWKXY_s000,
CQGSWKXY,46.0,and,206.0,209.0,46,and,206,209,equal,True,Equal,0,,False,False,CQGSWKXY_s000,
CQGSWKXY,47.0,whent,210.0,215.0,47,whent,210,215,equal,True,Equal,0,,False,False,CQGSWKXY_s000,
CQGSWKXY,48.0,back,216.0,220.0,48,back,216,220,equal,True,Equal,0,,False,False,CQGSWKXY_s000,
CQGSWKXY,49.0,home,221.0,225.0,49,home,221,225,equal,True,Equal,0,,False,False,CQGSWKXY_s000,
CQGSWKXY,50.0,we,226.0,228.0,50,we,226,228,equal,True,Equal,0,,False,False,CQGSWKXY_s000,
CQGSWKXY,51.0,never,229.0,234.0,51,never,229,234,equal,True,Equal,0,,False,False,CQGSWKXY_s000,
CQGSWKXY,52.0,forgot,235.0,241.0,52,forgot,235,241,equal,True,Equal,0,,False,False,CQGSWKXY_s000,
CQGSWKXY,53.0,each,242.0,246.0,53,each,242,246,equal,True,Equal,0,,False,False,CQGSWKXY_s000,
CQGSWKXY,54.0,other,247.0,252.0,54,other,247,252,equal,True,Equal,0,,False,False,CQGSWKXY_s000,
CQGSWKXY,55.0,and,253.0,256.0,55,and,253,256,equal,True,Equal,0,,False,False,CQGSWKXY_s000,
CQGSWKXY,56.0,every,257.0,262.0,56,every,257,262,equal,True,Equal,0,,False,False,CQGSWKXY_s000,
CQGSWKXY,57.0,time,263.0,267.0,57,time,263,267,equal,True,Equal,0,,False,False,CQGSWKXY_s000,
CQGSWKXY,58.0,we,268.0,270.0,58,we,268,270,equal,True,Equal,0,,False,False,CQGSWKXY_s000,
CQGSWKXY,59.0,whent,271.0,276.0,59,whent,271,276,equal,True,Equal,0,,False,False,CQGSWKXY_s000,
CQGSWKXY,60.0,to,277.0,279.0,60,to,277,279,equal,True,Equal,0,,False,False,CQGSWKXY_s000,
CQGSWKXY,61.0,the,280.0,283.0,61,the,280,283,equal,True,Equal,0,,False,False,CQGSWKXY_s000,
CQGSWKXY,62.0,beach,284.0,289.0,62,beach,284,289,equal,True,Equal,0,,False,False,CQGSWKXY_s000,
CQGSWKXY,63.0,we,290.0,292.0,63,we,290,292,equal,True,Equal,0,,False,False,CQGSWKXY_s000,
CQGSWKXY,64.0,played,293.0,299.0,64,played,293,299,equal,True,Equal,0,,False,False,CQGSWKXY_s000,
CQGSWKXY,65.0,together,300.0,308.0,65,together,300,308,equal,True,Equal,0,,False,False,CQGSWKXY_s000,
CQGSWKXY,66.0,and,309.0,312.0,66,and,309,312,equal,True,Equal,0,,False,False,CQGSWKXY_s000,
CQGSWKXY,67.0,that,313.0,317.0,67,that,313,317,equal,True,Equal,0,,False,False,CQGSWKXY_s000,
CQGSWKXY,68.0,',317.0,318.0,68,',317,318,equal,True,Equal,0,,False,False,CQGSWKXY_s000,
CQGSWKXY,69.0,s,318.0,319.0,69,s,318,319,equal,True,Equal,0,,False,False,CQGSWKXY_s000,
CQGSWKXY,70.0,how,320.0,323.0,70,how,320,323,equal,True,Equal,0,,False,False,CQGSWKXY_s000,
CQGSWKXY,71.0,our,324.0,327.0,71,our,324,327,equal,True,Equal,0,,False,False,CQGSWKXY_s000,
CQGSWKXY,72.0,story,328.0,333.0,72,story,328,333,equal,True,Equal,0,,False,False,CQGSWKXY_s000,
CQGSWKXY,73.0,end,334.0,337.0,73,end,334,337,equal,True,Equal,0,,False,False,CQGSWKXY_s000,
CQGSWKXY,74.0,',337.0,338.0,74,',337,338,equal,True,Equal,0,,False,False,CQGSWKXY_s000,
CQGSWKXY,75.0,s,338.0,339.0,75,s,338,339,equal,True,Equal,0,,False,False,CQGSWKXY_s000,
CQGSWKXY,76.0,"""",339.0,340.0,76,"""",339,340,equal,True,Equal,0,,False,False,CQGSWKXY_s000,
CQGSWKXY,77.0,.,340.0,341.0,77,.,340,341,equal,True,Equal,0,Sentence Ending,False,False,CQGSWKXY_s000,Correct Ending
CQZNGMVS,0.0,"""",0.0,1.0,0,"""",0,1,equal,True,Equal,0,,False,False,CQZNGMVS_s000,
CQZNGMVS,1.0,Cabin,1.0,6.0,1,Cabin,1,6,equal,True,Equal,0,Sentence Beginning,False,False,CQZNGMVS_s000,Correct Beginning
CQZNGMVS,2.0,crew,7.0,11.0,2,crew,7,11,equal,True,Equal,0,,False,False,CQZNGMVS_s000,
CQZNGMVS,3.0,",",11.0,12.0,3,",",11,12,equal,True,Equal,0,,False,False,CQZNGMVS_s000,
CQZNGMVS,4.0,get,13.0,16.0,4,get,13,16,equal,True,Equal,0,,False,False,CQZNGMVS_s000,
CQZNGMVS,5.0,ready,17.0,22.0,5,ready,17,22,equal,True,Equal,0,,False,False,CQZNGMVS_s000,
CQZNGMVS,6.0,for,23.0,26.0,6,for,23,26,equal,True,Equal,0,,False,False,CQZNGMVS_s000,
CQZNGMVS,7.0,takeoff,27.0,34.0,7,takeoff,27,34,equal,True,Equal,0,,False,False,CQZNGMVS_s000,
CQZNGMVS,8.0,",",34.0,35.0,8,",",34,35,equal,True,Equal,0,,False,False,CQZNGMVS_s000,
CQZNGMVS,9.0,',35.0,36.0,9,',35,36,equal,True,Equal,0,,False,False,CQZNGMVS_s000,
CQZNGMVS,10.0,',36.0,37.0,10,',36,37,equal,True,Equal,0,,False,False,CQZNGMVS_s000,
CQZNGMVS,11.0,The,38.0,41.0,11,The,38,41,equal,True,Equal,0,,False,False,CQZNGMVS_s000,
CQZNGMVS,12.0,captain,42.0,49.0,12,captain,42,49,equal,True,Equal,0,,False,False,CQZNGMVS_s000,
CQZNGMVS,13.0,said,50.0,54.0,13,said,50,54,equal,True,Equal,0,,False,False,CQZNGMVS_s000,
CQZNGMVS,14.0,",",54.0,55.0,14,",",54,55,equal,True,Equal,0,,False,False,CQZNGMVS_s000,
CQZNGMVS,15.0,as,56.0,58.0,15,as,56,58,equal,True,Equal,0,,False,False,CQZNGMVS_s000,
CQZNGMVS,16.0,I,59.0,60.0,16,I,59,60,equal,True,Equal,0,,False,False,CQZNGMVS_s000,
CQZNGMVS,17.0,sat,61.0,64.0,17,sat,61,64,equal,True,Equal,0,,False,False,CQZNGMVS_s000,
CQZNGMVS,18.0,back,65.0,69.0,18,back,65,69,equal,True,Equal,0,,False,False,CQZNGMVS_s000,
CQZNGMVS,19.0,into,70.0,74.0,19,into,70,74,equal,True,Equal,0,,False,False,CQZNGMVS_s000,
CQZNGMVS,20.0,my,75.0,77.0,20,my,75,77,equal,True,Equal,0,,False,False,CQZNGMVS_s000,
CQZNGMVS,21.0,seat,78.0,82.0,21,seat,78,82,equal,True,Equal,0,,False,False,CQZNGMVS_s000,
CQZNGMVS,22.0,.,82.0,83.0,22,.,82,83,equal,True,Equal,0,Sentence Ending,False,False,CQZNGMVS_s000,Correct Ending
CQZNGMVS,23.0,I,84.0,85.0,23,I,84,85,equal,True,Equal,1,Sentence Beginning,False,False,CQZNGMVS_s001,Correct Beginning
CQZNGMVS,24.0,needed,86.0,92.0,24,needed,86,92,equal,True,Equal,1,,False,False,CQZNGMVS_s001,
CQZNGMVS,25.0,a,93.0,94.0,25,a,93,94,equal,True,Equal,1,,False,False,CQZNGMVS_s001,
CQZNGMVS,26.0,holiday,95.0,102.0,26,holiday,95,102,equal,True,Equal,1,,False,False,CQZNGMVS_s001,
CQZNGMVS,27.0,",",102.0,103.0,27,",",102,103,equal,True,Equal,1,,False,False,CQZNGMVS_s001,
CQZNGMVS,28.0,and,104.0,107.0,28,and,104,107,equal,True,Equal,1,,False,False,CQZNGMVS_s001,
CQZNGMVS,29.0,this,108.0,112.0,29,this,108,112,equal,True,Equal,1,,False,False,CQZNGMVS_s001,
CQZNGMVS,30.0,trip,113.0,117.0,30,trip,113,117,equal,True,Equal,1,,False,False,CQZNGMVS_s001,
CQZNGMVS,31.0,to,118.0,120.0,31,to,118,120,equal,True,Equal,1,,False,False,CQZNGMVS_s001,
CQZNGMVS,32.0,New,121.0,124.0,32,New,121,124,equal,True,Equal,1,,False,False,CQZNGMVS_s001,
CQZNGMVS,33.0,Zealand,125.0,132.0,33,Zealand,125,132,equal,True,Equal,1,,False,False,CQZNGMVS_s001,
CQZNGMVS,34.0,would,133.0,138.0,34,would,133,138,equal,True,Equal,1,,False,False,CQZNGMVS_s001,
CQZNGMVS,35.0,be,139.0,141.0,35,be,139,141,equal,True,Equal,1,,False,False,CQZNGMVS_s001,
CQZNGMVS,36.0,the,142.0,145.0,36,the,142,145,equal,True,Equal,1,,False,False,CQZNGMVS_s001,
CQZNGMVS,37.0,perfect,146.0,153.0,37,perfect,146,153,equal,True,Equal,1,,False,False,CQZNGMVS_s001,
CQZNGMVS,38.0,get,154.0,157.0,38,get,154,157,equal,True,Equal,1,,False,False,CQZNGMVS_s001,
CQZNGMVS,39.0,-,157.0,158.0,39,-,157,158,equal,True,Equal,1,,False,False,CQZNGMVS_s001,
CQZNGMVS,40.0,away,158.0,162.0,40,away,158,162,equal,True,Equal,1,,False,False,CQZNGMVS_s001,
CQZNGMVS,41.0,.,162.0,163.0,41,.,162,163,equal,True,Equal,1,Sentence Ending,False,False,CQZNGMVS_s001,Correct Ending
CQZNGMVS,42.0,I,164.0,165.0,42,I,164,165,equal,True,Equal,2,Sentence Beginning,False,False,CQZNGMVS_s002,Correct Beginning
CQZNGMVS,43.0,flicked,166.0,173.0,43,flicked,166,173,equal,True,Equal,2,,False,False,CQZNGMVS_s002,
CQZNGMVS,44.0,open,174.0,178.0,44,open,174,178,equal,True,Equal,2,,False,False,CQZNGMVS_s002,
CQZNGMVS,45.0,my,179.0,181.0,45,my,179,181,equal,True,Equal,2,,False,False,CQZNGMVS_s002,
CQZNGMVS,46.0,phone,182.0,187.0,46,phone,182,187,equal,True,Equal,2,,False,False,CQZNGMVS_s002,
CQZNGMVS,47.0,",",187.0,188.0,47,",",187,188,equal,True,Equal,2,,False,False,CQZNGMVS_s002,
CQZNGMVS,48.0,switched,189.0,197.0,48,switched,189,197,equal,True,Equal,2,,False,False,CQZNGMVS_s002,
CQZNGMVS,49.0,it,198.0,200.0,49,it,198,200,equal,True,Equal,2,,False,False,CQZNGMVS_s002,
CQZNGMVS,50.0,on,201.0,203.0,50,on,201,203,equal,True,Equal,2,,False,False,CQZNGMVS_s002,
CQZNGMVS,51.0,Airplane,204.0,212.0,51,Airplane,204,212,equal,True,Equal,2,,False,False,CQZNGMVS_s002,
CQZNGMVS,52.0,Mode,213.0,217.0,52,Mode,213,217,equal,True,Equal,2,,False,False,CQZNGMVS_s002,
CQZNGMVS,53.0,and,218.0,221.0,53,and,218,221,equal,True,Equal,2,,False,False,CQZNGMVS_s002,
CQZNGMVS,54.0,started,222.0,229.0,54,started,222,229,equal,True,Equal,2,,False,False,CQZNGMVS_s002,
CQZNGMVS,55.0,to,230.0,232.0,55,to,230,232,equal,True,Equal,2,,False,False,CQZNGMVS_s002,
CQZNGMVS,56.0,browse,233.0,239.0,56,browse,233,239,equal,True,Equal,2,,False,False,CQZNGMVS_s002,
CQZNGMVS,57.0,through,240.0,247.0,57,through,240,247,equal,True,Equal,2,,False,False,CQZNGMVS_s002,
CQZNGMVS,58.0,the,248.0,251.0,58,the,248,251,equal,True,Equal,2,,False,False,CQZNGMVS_s002,
CQZNGMVS,59.0,magazines,252.0,261.0,59,magazines,252,261,equal,True,Equal,2,,False,False,CQZNGMVS_s002,
CQZNGMVS,60.0,displayed,262.0,271.0,60,displayed,262,271,equal,True,Equal,2,,False,False,CQZNGMVS_s002,
CQZNGMVS,61.0,in,272.0,274.0,61,in,272,274,equal,True,Equal,2,,False,False,CQZNGMVS_s002,
CQZNGMVS,62.0,front,275.0,280.0,62,front,275,280,equal,True,Equal,2,,False,False,CQZNGMVS_s002,
CQZNGMVS,63.0,of,281.0,283.0,63,of,281,283,equal,True,Equal,2,,False,False,CQZNGMVS_s002,
CQZNGMVS,64.0,me,284.0,286.0,64,me,284,286,equal,True,Equal,2,,False,False,CQZNGMVS_s002,
CQZNGMVS,65.0,.,286.0,287.0,65,.,286,287,equal,True,Equal,2,Sentence Ending,False,False,CQZNGMVS_s002,Correct Ending
CQZNGMVS,66.0,I,288.0,289.0,66,I,288,289,equal,True,Equal,3,Sentence Beginning,False,False,CQZNGMVS_s003,Correct Beginning
CQZNGMVS,67.0,had,290.0,293.0,67,had,290,293,equal,True,Equal,3,,False,False,CQZNGMVS_s003,
CQZNGMVS,68.0,trust,294.0,299.0,68,trust,294,299,equal,True,Equal,3,,False,False,CQZNGMVS_s003,
CQZNGMVS,69.0,that,300.0,304.0,69,that,300,304,equal,True,Equal,3,,False,False,CQZNGMVS_s003,
CQZNGMVS,70.0,I,305.0,306.0,70,I,305,306,equal,True,Equal,3,,False,False,CQZNGMVS_s003,
CQZNGMVS,71.0,would,307.0,312.0,71,would,307,312,equal,True,Equal,3,,False,False,CQZNGMVS_s003,
CQZNGMVS,72.0,be,313.0,315.0,72,be,313,315,equal,True,Equal,3,,False,False,CQZNGMVS_s003,
CQZNGMVS,73.0,in,316.0,318.0,73,in,316,318,equal,True,Equal,3,,False,False,CQZNGMVS_s003,
CQZNGMVS,74.0,good,319.0,323.0,74,good,319,323,equal,True,Equal,3,,False,False,CQZNGMVS_s003,
CQZNGMVS,75.0,hands,324.0,329.0,75,hands,324,329,equal,True,Equal,3,,False,False,CQZNGMVS_s003,
CQZNGMVS,76.0,",",329.0,330.0,76,",",329,330,equal,True,Equal,3,,False,False,CQZNGMVS_s003,
CQZNGMVS,77.0,because,331.0,338.0,77,because,331,338,equal,True,Equal,3,,False,False,CQZNGMVS_s003,
CQZNGMVS,78.0,the,339.0,342.0,78,the,339,342,equal,True,Equal,3,,False,False,CQZNGMVS_s003,
CQZNGMVS,79.0,pilot,343.0,348.0,79,pilot,343,348,equal,True,Equal,3,,False,False,CQZNGMVS_s003,
CQZNGMVS,80.0,who,349.0,352.0,80,who,349,352,equal,True,Equal,3,,False,False,CQZNGMVS_s003,
CQZNGMVS,81.0,was,353.0,356.0,81,was,353,356,equal,True,Equal,3,,False,False,CQZNGMVS_s003,
CQZNGMVS,82.0,flying,357.0,363.0,82,flying,357,363,equal,True,Equal,3,,False,False,CQZNGMVS_s003,
CQZNGMVS,83.0,the,364.0,367.0,83,the,364,367,equal,True,Equal,3,,False,False,CQZNGMVS_s003,
CQZNGMVS,84.0,plane,368.0,373.0,84,plane,368,373,equal,True,Equal,3,,False,False,CQZNGMVS_s003,
CQZNGMVS,85.0,was,374.0,377.0,85,was,374,377,equal,True,Equal,3,,False,False,CQZNGMVS_s003,
CQZNGMVS,86.0,said,378.0,382.0,86,said,378,382,equal,True,Equal,3,,False,False,CQZNGMVS_s003,
CQZNGMVS,87.0,to,383.0,385.0,87,to,383,385,equal,True,Equal,3,,False,False,CQZNGMVS_s003,
CQZNGMVS,88.0,be,386.0,388.0,88,be,386,388,equal,True,Equal,3,,False,False,CQZNGMVS_s003,
CQZNGMVS,89.0,an,389.0,391.0,89,an,389,391,equal,True,Equal,3,,False,False,CQZNGMVS_s003,
CQZNGMVS,90.0,expert,392.0,398.0,90,expert,392,398,equal,True,Equal,3,,False,False,CQZNGMVS_s003,
CQZNGMVS,91.0,.,398.0,399.0,91,.,398,399,equal,True,Equal,3,Sentence Ending,False,False,CQZNGMVS_s003,Correct Ending
CQZNGMVS,92.0,I,400.0,401.0,92,I,400,401,equal,True,Equal,4,Sentence Beginning,False,False,CQZNGMVS_s004,Correct Beginning
CQZNGMVS,93.0,let,402.0,405.0,93,let,402,405,equal,True,Equal,4,,False,False,CQZNGMVS_s004,
CQZNGMVS,94.0,out,406.0,409.0,94,out,406,409,equal,True,Equal,4,,False,False,CQZNGMVS_s004,
CQZNGMVS,95.0,a,410.0,411.0,95,a,410,411,equal,True,Equal,4,,False,False,CQZNGMVS_s004,
CQZNGMVS,96.0,relaxed,412.0,419.0,96,relaxed,412,419,equal,True,Equal,4,,False,False,CQZNGMVS_s004,
CQZNGMVS,97.0,sigh,420.0,424.0,97,sigh,420,424,equal,True,Equal,4,,False,False,CQZNGMVS_s004,
CQZNGMVS,98.0,",",424.0,425.0,98,",",424,425,equal,True,Equal,4,,False,False,CQZNGMVS_s004,
CQZNGMVS,99.0,and,426.0,429.0,99,and,426,429,equal,True,Equal,4,,False,False,CQZNGMVS_s004,
CQZNGMVS,100.0,closed,430.0,436.0,100,closed,430,436,equal,True,Equal,4,,False,False,CQZNGMVS_s004,
CQZNGMVS,101.0,my,437.0,439.0,101,my,437,439,equal,True,Equal,4,,False,False,CQZNGMVS_s004,
CQZNGMVS,102.0,eyes,440.0,444.0,102,eyes,440,444,equal,True,Equal,4,,False,False,CQZNGMVS_s004,
CQZNGMVS,103.0,.,444.0,445.0,103,.,444,445,equal,True,Equal,4,Sentence Ending,False,False,CQZNGMVS_s004,Correct Ending
CQZNGMVS,104.0,When,446.0,450.0,104,When,446,450,equal,True,Equal,5,Sentence Beginning,False,False,CQZNGMVS_s005,Correct Beginning
CQZNGMVS,105.0,my,451.0,453.0,105,my,451,453,equal,True,Equal,5,,False,False,CQZNGMVS_s005,
CQZNGMVS,106.0,eyelids,454.0,461.0,106,eyelids,454,461,equal,True,Equal,5,,False,False,CQZNGMVS_s005,
CQZNGMVS,107.0,opened,462.0,468.0,107,opened,462,468,equal,True,Equal,5,,False,False,CQZNGMVS_s005,
CQZNGMVS,108.0,",",468.0,469.0,108,",",468,469,equal,True,Equal,5,,False,False,CQZNGMVS_s005,
CQZNGMVS,109.0,I,470.0,471.0,109,I,470,471,equal,True,Equal,5,,False,False,CQZNGMVS_s005,
CQZNGMVS,110.0,could,472.0,477.0,110,could,472,477,equal,True,Equal,5,,False,False,CQZNGMVS_s005,
CQZNGMVS,111.0,tell,478.0,482.0,111,tell,478,482,equal,True,Equal,5,,False,False,CQZNGMVS_s005,
CQZNGMVS,112.0,we,483.0,485.0,112,we,483,485,equal,True,Equal,5,,False,False,CQZNGMVS_s005,
CQZNGMVS,113.0,were,486.0,490.0,113,were,486,490,equal,True,Equal,5,,False,False,CQZNGMVS_s005,
CQZNGMVS,114.0,already,491.0,498.0,114,already,491,498,equal,True,Equal,5,,False,False,CQZNGMVS_s005,
CQZNGMVS,115.0,in,499.0,501.0,115,in,499,501,equal,True,Equal,5,,False,False,CQZNGMVS_s005,
CQZNGMVS,116.0,the,502.0,505.0,116,the,502,505,equal,True,Equal,5,,False,False,CQZNGMVS_s005,
CQZNGMVS,117.0,air,506.0,509.0,117,air,506,509,equal,True,Equal,5,,False,False,CQZNGMVS_s005,
CQZNGMVS,118.0,.,509.0,510.0,118,.,509,510,equal,True,Equal,5,Sentence Ending,False,False,CQZNGMVS_s005,Correct Ending
CQZNGMVS,119.0,The,511.0,514.0,119,The,511,514,equal,True,Equal,6,Sentence Beginning,False,False,CQZNGMVS_s006,Correct Beginning
CQZNGMVS,120.0,plane,515.0,520.0,120,plane,515,520,equal,True,Equal,6,,False,False,CQZNGMVS_s006,
CQZNGMVS,121.0,was,521.0,524.0,121,was,521,524,equal,True,Equal,6,,False,False,CQZNGMVS_s006,
CQZNGMVS,122.0,drifting,525.0,533.0,122,drifting,525,533,equal,True,Equal,6,,False,False,CQZNGMVS_s006,
CQZNGMVS,123.0,ever,534.0,538.0,123,ever,534,538,equal,True,Equal,6,,False,False,CQZNGMVS_s006,
CQZNGMVS,124.0,so,539.0,541.0,124,so,539,541,equal,True,Equal,6,,False,False,CQZNGMVS_s006,
CQZNGMVS,125.0,smoothly,542.0,550.0,125,smoothly,542,550,equal,True,Equal,6,,False,False,CQZNGMVS_s006,
CQZNGMVS,126.0,",",550.0,551.0,126,",",550,551,equal,True,Equal,6,,False,False,CQZNGMVS_s006,
CQZNGMVS,127.0,that,552.0,556.0,127,that,552,556,equal,True,Equal,6,,False,False,CQZNGMVS_s006,
CQZNGMVS,128.0,I,557.0,558.0,128,I,557,558,equal,True,Equal,6,,False,False,CQZNGMVS_s006,
CQZNGMVS,129.0,couldn,559.0,565.0,129,couldn,559,565,equal,True,Equal,6,,False,False,CQZNGMVS_s006,
CQZNGMVS,130.0,',565.0,566.0,130,',565,566,equal,True,Equal,6,,False,False,CQZNGMVS_s006,
CQZNGMVS,131.0,t,566.0,567.0,131,t,566,567,equal,True,Equal,6,,False,False,CQZNGMVS_s006,
CQZNGMVS,132.0,even,568.0,572.0,132,even,568,572,equal,True,Equal,6,,False,False,CQZNGMVS_s006,
CQZNGMVS,133.0,tell,573.0,577.0,133,tell,573,577,equal,True,Equal,6,,False,False,CQZNGMVS_s006,
CQZNGMVS,134.0,where,578.0,583.0,134,where,578,583,equal,True,Equal,6,,False,False,CQZNGMVS_s006,
CQZNGMVS,135.0,we,584.0,586.0,135,we,584,586,equal,True,Equal,6,,False,False,CQZNGMVS_s006,
CQZNGMVS,136.0,were,587.0,591.0,136,were,587,591,equal,True,Equal,6,,False,False,CQZNGMVS_s006,
CQZNGMVS,137.0,until,592.0,597.0,137,until,592,597,equal,True,Equal,6,,False,False,CQZNGMVS_s006,
CQZNGMVS,138.0,I,598.0,599.0,138,I,598,599,equal,True,Equal,6,,False,False,CQZNGMVS_s006,
CQZNGMVS,139.0,looked,600.0,606.0,139,looked,600,606,equal,True,Equal,6,,False,False,CQZNGMVS_s006,
CQZNGMVS,140.0,out,607.0,610.0,140,out,607,610,equal,True,Equal,6,,False,False,CQZNGMVS_s006,
CQZNGMVS,141.0,the,611.0,614.0,141,the,611,614,equal,True,Equal,6,,False,False,CQZNGMVS_s006,
CQZNGMVS,142.0,window,615.0,621.0,142,window,615,621,equal,True,Equal,6,,False,False,CQZNGMVS_s006,
CQZNGMVS,143.0,.,621.0,622.0,143,.,621,622,equal,True,Equal,6,Sentence Ending,False,False,CQZNGMVS_s006,Correct Ending
CQZNGMVS,144.0,The,623.0,626.0,144,The,623,626,equal,True,Equal,7,Sentence Beginning,False,False,CQZNGMVS_s007,Correct Beginning
CQZNGMVS,145.0,sunset,627.0,633.0,145,sunset,627,633,equal,True,Equal,7,,False,False,CQZNGMVS_s007,
CQZNGMVS,146.0,was,634.0,637.0,146,was,634,637,equal,True,Equal,7,,False,False,CQZNGMVS_s007,
CQZNGMVS,147.0,absolutely,638.0,648.0,147,absolutely,638,648,equal,True,Equal,7,,False,False,CQZNGMVS_s007,
CQZNGMVS,148.0,mesmerising,649.0,660.0,148,mesmerising,649,660,equal,True,Equal,7,,False,False,CQZNGMVS_s007,
CQZNGMVS,149.0,and,661.0,664.0,149,and,661,664,equal,True,Equal,7,,False,False,CQZNGMVS_s007,
CQZNGMVS,150.0,the,665.0,668.0,150,the,665,668,equal,True,Equal,7,,False,False,CQZNGMVS_s007,
CQZNGMVS,151.0,clouds,669.0,675.0,151,clouds,669,675,equal,True,Equal,7,,False,False,CQZNGMVS_s007,
CQZNGMVS,152.0,were,676.0,680.0,152,were,676,680,equal,True,Equal,7,,False,False,CQZNGMVS_s007,
CQZNGMVS,153.0,pure,681.0,685.0,153,pure,681,685,equal,True,Equal,7,,False,False,CQZNGMVS_s007,
CQZNGMVS,154.0,white,686.0,691.0,154,white,686,691,equal,True,Equal,7,,False,False,CQZNGMVS_s007,
CQZNGMVS,155.0,.,691.0,692.0,155,.,691,692,equal,True,Equal,7,Sentence Ending,False,False,CQZNGMVS_s007,Correct Ending
CQZNGMVS,156.0,It,693.0,695.0,156,It,693,695,equal,True,Equal,8,Sentence Beginning,False,False,CQZNGMVS_s008,Correct Beginning
CQZNGMVS,157.0,felt,696.0,700.0,157,felt,696,700,equal,True,Equal,8,,False,False,CQZNGMVS_s008,
CQZNGMVS,158.0,like,701.0,705.0,158,like,701,705,equal,True,Equal,8,,False,False,CQZNGMVS_s008,
CQZNGMVS,159.0,I,706.0,707.0,159,I,706,707,equal,True,Equal,8,,False,False,CQZNGMVS_s008,
CQZNGMVS,160.0,was,708.0,711.0,160,was,708,711,equal,True,Equal,8,,False,False,CQZNGMVS_s008,
CQZNGMVS,161.0,floating,712.0,720.0,161,floating,712,720,equal,True,Equal,8,,False,False,CQZNGMVS_s008,
CQZNGMVS,162.0,through,721.0,728.0,162,through,721,728,equal,True,Equal,8,,False,False,CQZNGMVS_s008,
CQZNGMVS,163.0,Heaven,729.0,735.0,163,Heaven,729,735,equal,True,Equal,8,,False,False,CQZNGMVS_s008,
CQZNGMVS,164.0,on,736.0,738.0,164,on,736,738,equal,True,Equal,8,,False,False,CQZNGMVS_s008,
CQZNGMVS,165.0,Earth,739.0,744.0,165,Earth,739,744,equal,True,Equal,8,,False,False,CQZNGMVS_s008,
CQZNGMVS,166.0,.,744.0,745.0,166,.,744,745,equal,True,Equal,8,Sentence Ending,False,False,CQZNGMVS_s008,Correct Ending
CQZNGMVS,167.0,I,746.0,747.0,167,I,746,747,equal,True,Equal,9,Sentence Beginning,False,False,CQZNGMVS_s009,Correct Beginning
CQZNGMVS,168.0,smiled,748.0,754.0,168,smiled,748,754,equal,True,Equal,9,,False,False,CQZNGMVS_s009,
CQZNGMVS,169.0,to,755.0,757.0,169,to,755,757,equal,True,Equal,9,,False,False,CQZNGMVS_s009,
CQZNGMVS,170.0,myself,758.0,764.0,170,myself,758,764,equal,True,Equal,9,,False,False,CQZNGMVS_s009,
CQZNGMVS,171.0,but,765.0,768.0,171,but,765,768,equal,True,Equal,9,,False,False,CQZNGMVS_s009,
CQZNGMVS,172.0,my,769.0,771.0,172,my,769,771,equal,True,Equal,9,,False,False,CQZNGMVS_s009,
CQZNGMVS,173.0,thoughts,772.0,780.0,173,thoughts,772,780,equal,True,Equal,9,,False,False,CQZNGMVS_s009,
CQZNGMVS,174.0,were,781.0,785.0,174,were,781,785,equal,True,Equal,9,,False,False,CQZNGMVS_s009,
CQZNGMVS,175.0,interrupted,786.0,797.0,175,interrupted,786,797,equal,True,Equal,9,,False,False,CQZNGMVS_s009,
CQZNGMVS,176.0,by,798.0,800.0,176,by,798,800,equal,True,Equal,9,,False,False,CQZNGMVS_s009,
CQZNGMVS,177.0,a,801.0,802.0,177,a,801,802,equal,True,Equal,9,,False,False,CQZNGMVS_s009,
CQZNGMVS,178.0,loud,803.0,807.0,178,loud,803,807,equal,True,Equal,9,,False,False,CQZNGMVS_s009,
CQZNGMVS,179.0,gunshot,808.0,815.0,179,gunshot,808,815,equal,True,Equal,9,,False,False,CQZNGMVS_s009,
CQZNGMVS,180.0,.,815.0,816.0,180,.,815,816,equal,True,Equal,9,Sentence Ending,False,False,CQZNGMVS_s009,Correct Ending
CQZNGMVS,181.0,I,817.0,818.0,181,I,817,818,equal,True,Equal,10,Sentence Beginning,False,False,CQZNGMVS_s010,Correct Beginning
CQZNGMVS,182.0,panicked,819.0,827.0,182,panicked,819,827,equal,True,Equal,10,,False,False,CQZNGMVS_s010,
CQZNGMVS,183.0,",",827.0,828.0,183,",",827,828,equal,True,Equal,10,,False,False,CQZNGMVS_s010,
CQZNGMVS,184.0,not,829.0,832.0,184,not,829,832,equal,True,Equal,10,,False,False,CQZNGMVS_s010,
CQZNGMVS,185.0,knowing,833.0,840.0,185,knowing,833,840,equal,True,Equal,10,,False,False,CQZNGMVS_s010,
CQZNGMVS,186.0,if,841.0,843.0,186,if,841,843,equal,True,Equal,10,,False,False,CQZNGMVS_s010,
CQZNGMVS,187.0,what,844.0,848.0,187,what,844,848,equal,True,Equal,10,,False,False,CQZNGMVS_s010,
CQZNGMVS,188.0,I,849.0,850.0,188,I,849,850,equal,True,Equal,10,,False,False,CQZNGMVS_s010,
CQZNGMVS,189.0,heard,851.0,856.0,189,heard,851,856,equal,True,Equal,10,,False,False,CQZNGMVS_s010,
CQZNGMVS,190.0,was,857.0,860.0,190,was,857,860,equal,True,Equal,10,,False,False,CQZNGMVS_s010,
CQZNGMVS,191.0,true,861.0,865.0,191,true,861,865,equal,True,Equal,10,,False,False,CQZNGMVS_s010,
CQZNGMVS,192.0,.,865.0,866.0,192,.,865,866,equal,True,Equal,10,Sentence Ending,False,False,CQZNGMVS_s010,Correct Ending
CQZNGMVS,193.0,I,867.0,868.0,193,I,867,868,equal,True,Equal,11,Sentence Beginning,False,False,CQZNGMVS_s011,Correct Beginning
CQZNGMVS,194.0,peeked,869.0,875.0,194,peeked,869,875,equal,True,Equal,11,,False,False,CQZNGMVS_s011,
CQZNGMVS,195.0,above,876.0,881.0,195,above,876,881,equal,True,Equal,11,,False,False,CQZNGMVS_s011,
CQZNGMVS,196.0,the,882.0,885.0,196,the,882,885,equal,True,Equal,11,,False,False,CQZNGMVS_s011,
CQZNGMVS,197.0,seats,886.0,891.0,197,seats,886,891,equal,True,Equal,11,,False,False,CQZNGMVS_s011,
CQZNGMVS,198.0,and,892.0,895.0,198,and,892,895,equal,True,Equal,11,,False,False,CQZNGMVS_s011,
CQZNGMVS,199.0,saw,896.0,899.0,199,saw,896,899,equal,True,Equal,11,,False,False,CQZNGMVS_s011,
CQZNGMVS,200.0,a,900.0,901.0,200,a,900,901,equal,True,Equal,11,,False,False,CQZNGMVS_s011,
CQZNGMVS,201.0,tall,902.0,906.0,201,tall,902,906,equal,True,Equal,11,,False,False,CQZNGMVS_s011,
CQZNGMVS,202.0,man,907.0,910.0,202,man,907,910,equal,True,Equal,11,,False,False,CQZNGMVS_s011,
CQZNGMVS,203.0,with,911.0,915.0,203,with,911,915,equal,True,Equal,11,,False,False,CQZNGMVS_s011,
CQZNGMVS,204.0,shaggy,916.0,922.0,204,shaggy,916,922,equal,True,Equal,11,,False,False,CQZNGMVS_s011,
CQZNGMVS,205.0,hair,923.0,927.0,205,hair,923,927,equal,True,Equal,11,,False,False,CQZNGMVS_s011,
CQZNGMVS,206.0,standing,928.0,936.0,206,standing,928,936,equal,True,Equal,11,,False,False,CQZNGMVS_s011,
CQZNGMVS,207.0,at,937.0,939.0,207,at,937,939,equal,True,Equal,11,,False,False,CQZNGMVS_s011,
CQZNGMVS,208.0,the,940.0,943.0,208,the,940,943,equal,True,Equal,11,,False,False,CQZNGMVS_s011,
CQZNGMVS,209.0,front,944.0,949.0,209,front,944,949,equal,True,Equal,11,,False,False,CQZNGMVS_s011,
CQZNGMVS,210.0,of,950.0,952.0,210,of,950,952,equal,True,Equal,11,,False,False,CQZNGMVS_s011,
CQZNGMVS,211.0,the,953.0,956.0,211,the,953,956,equal,True,Equal,11,,False,False,CQZNGMVS_s011,
CQZNGMVS,212.0,plane,957.0,962.0,212,plane,957,962,equal,True,Equal,11,,False,False,CQZNGMVS_s011,
CQZNGMVS,213.0,.,962.0,963.0,213,.,962,963,equal,True,Equal,11,Sentence Ending,False,False,CQZNGMVS_s011,Correct Ending
CQZNGMVS,214.0,Next,964.0,968.0,214,Next,964,968,equal,True,Equal,12,Sentence Beginning,False,False,CQZNGMVS_s012,Correct Beginning
CQZNGMVS,215.0,to,969.0,971.0,215,to,969,971,equal,True,Equal,12,,False,False,CQZNGMVS_s012,
CQZNGMVS,216.0,him,972.0,975.0,216,him,972,975,equal,True,Equal,12,,False,False,CQZNGMVS_s012,
CQZNGMVS,217.0,were,976.0,980.0,217,were,976,980,equal,True,Equal,12,,False,False,CQZNGMVS_s012,
CQZNGMVS,218.0,two,981.0,984.0,218,two,981,984,equal,True,Equal,12,,False,False,CQZNGMVS_s012,
CQZNGMVS,219.0,other,985.0,990.0,219,other,985,990,equal,True,Equal,12,,False,False,CQZNGMVS_s012,
CQZNGMVS,220.0,men,991.0,994.0,220,men,991,994,equal,True,Equal,12,,False,False,CQZNGMVS_s012,
CQZNGMVS,221.0,.,994.0,995.0,221,.,994,995,equal,True,Equal,12,Sentence Ending,False,False,CQZNGMVS_s012,Correct Ending
CQZNGMVS,222.0,One,996.0,999.0,222,One,996,999,equal,True,Equal,13,Sentence Beginning,False,False,CQZNGMVS_s013,Correct Beginning
CQZNGMVS,223.0,was,1000.0,1003.0,223,was,1000,1003,equal,True,Equal,13,,False,False,CQZNGMVS_s013,
CQZNGMVS,224.0,rather,1004.0,1010.0,224,rather,1004,1010,equal,True,Equal,13,,False,False,CQZNGMVS_s013,
CQZNGMVS,225.0,short,1011.0,1016.0,225,short,1011,1016,equal,True,Equal,13,,False,False,CQZNGMVS_s013,
CQZNGMVS,226.0,",",1016.0,1017.0,226,",",1016,1017,equal,True,Equal,13,,False,False,CQZNGMVS_s013,
CQZNGMVS,227.0,wearing,1018.0,1025.0,227,wearing,1018,1025,equal,True,Equal,13,,False,False,CQZNGMVS_s013,
CQZNGMVS,228.0,a,1026.0,1027.0,228,a,1026,1027,equal,True,Equal,13,,False,False,CQZNGMVS_s013,
CQZNGMVS,229.0,t,1028.0,1029.0,229,t,1028,1029,equal,True,Equal,13,,False,False,CQZNGMVS_s013,
CQZNGMVS,230.0,-,1029.0,1030.0,230,-,1029,1030,equal,True,Equal,13,,False,False,CQZNGMVS_s013,
CQZNGMVS,231.0,shirt,1030.0,1035.0,231,shirt,1030,1035,equal,True,Equal,13,,False,False,CQZNGMVS_s013,
CQZNGMVS,232.0,and,1036.0,1039.0,232,and,1036,1039,equal,True,Equal,13,,False,False,CQZNGMVS_s013,
CQZNGMVS,233.0,shorts,1040.0,1046.0,233,shorts,1040,1046,equal,True,Equal,13,,False,False,CQZNGMVS_s013,
CQZNGMVS,234.0,.,1046.0,1047.0,234,.,1046,1047,equal,True,Equal,13,Sentence Ending,False,False,CQZNGMVS_s013,Correct Ending
CQZNGMVS,235.0,The,1048.0,1051.0,235,The,1048,1051,equal,True,Equal,14,Sentence Beginning,False,False,CQZNGMVS_s014,Correct Beginning
CQZNGMVS,236.0,other,1052.0,1057.0,236,other,1052,1057,equal,True,Equal,14,,False,False,CQZNGMVS_s014,
CQZNGMVS,237.0,was,1058.0,1061.0,237,was,1058,1061,equal,True,Equal,14,,False,False,CQZNGMVS_s014,
CQZNGMVS,238.0,wearing,1062.0,1069.0,238,wearing,1062,1069,equal,True,Equal,14,,False,False,CQZNGMVS_s014,
CQZNGMVS,239.0,a,1070.0,1071.0,239,a,1070,1071,equal,True,Equal,14,,False,False,CQZNGMVS_s014,
CQZNGMVS,240.0,singlet,1072.0,1079.0,240,singlet,1072,1079,equal,True,Equal,14,,False,False,CQZNGMVS_s014,
CQZNGMVS,241.0,",",1079.0,1080.0,241,",",1079,1080,equal,True,Equal,14,,False,False,CQZNGMVS_s014,
CQZNGMVS,242.0,bermudas,1081.0,1089.0,242,bermudas,1081,1089,equal,True,Equal,14,,False,False,CQZNGMVS_s014,
CQZNGMVS,243.0,and,1090.0,1093.0,243,and,1090,1093,equal,True,Equal,14,,False,False,CQZNGMVS_s014,
CQZNGMVS,244.0,slippers,1094.0,1102.0,244,slippers,1094,1102,equal,True,Equal,14,,False,False,CQZNGMVS_s014,
CQZNGMVS,245.0,.,1102.0,1103.0,245,.,1102,1103,equal,True,Equal,14,Sentence Ending,False,False,CQZNGMVS_s014,Correct Ending
CQZNGMVS,246.0,They,1104.0,1108.0,246,They,1104,1108,equal,True,Equal,15,Sentence Beginning,False,False,CQZNGMVS_s015,Correct Beginning
CQZNGMVS,247.0,both,1109.0,1113.0,247,both,1109,1113,equal,True,Equal,15,,False,False,CQZNGMVS_s015,
CQZNGMVS,248.0,were,1114.0,1118.0,248,were,1114,1118,equal,True,Equal,15,,False,False,CQZNGMVS_s015,
CQZNGMVS,249.0,armed,1119.0,1124.0,249,armed,1119,1124,equal,True,Equal,15,,False,False,CQZNGMVS_s015,
CQZNGMVS,250.0,with,1125.0,1129.0,250,with,1125,1129,equal,True,Equal,15,,False,False,CQZNGMVS_s015,
CQZNGMVS,251.0,guns,1130.0,1134.0,251,guns,1130,1134,equal,True,Equal,15,,False,False,CQZNGMVS_s015,
CQZNGMVS,252.0,and,1135.0,1138.0,252,and,1135,1138,equal,True,Equal,15,,False,False,CQZNGMVS_s015,
CQZNGMVS,253.0,knives,1139.0,1145.0,253,knives,1139,1145,equal,True,Equal,15,,False,False,CQZNGMVS_s015,
CQZNGMVS,254.0,.,1145.0,1146.0,254,.,1145,1146,equal,True,Equal,15,Sentence Ending,False,False,CQZNGMVS_s015,Correct Ending
CQZNGMVS,255.0,I,1147.0,1148.0,255,I,1147,1148,equal,True,Equal,16,Sentence Beginning,False,False,CQZNGMVS_s016,Correct Beginning
CQZNGMVS,256.0,sank,1149.0,1153.0,256,sank,1149,1153,equal,True,Equal,16,,False,False,CQZNGMVS_s016,
CQZNGMVS,257.0,back,1154.0,1158.0,257,back,1154,1158,equal,True,Equal,16,,False,False,CQZNGMVS_s016,
CQZNGMVS,258.0,into,1159.0,1163.0,258,into,1159,1163,equal,True,Equal,16,,False,False,CQZNGMVS_s016,
CQZNGMVS,259.0,my,1164.0,1166.0,259,my,1164,1166,equal,True,Equal,16,,False,False,CQZNGMVS_s016,
CQZNGMVS,260.0,seat,1167.0,1171.0,260,seat,1167,1171,equal,True,Equal,16,,False,False,CQZNGMVS_s016,
CQZNGMVS,261.0,",",1171.0,1172.0,261,",",1171,1172,equal,True,Equal,16,,False,False,CQZNGMVS_s016,
CQZNGMVS,262.0,my,1173.0,1175.0,262,my,1173,1175,equal,True,Equal,16,,False,False,CQZNGMVS_s016,
CQZNGMVS,263.0,heart,1176.0,1181.0,263,heart,1176,1181,equal,True,Equal,16,,False,False,CQZNGMVS_s016,
CQZNGMVS,264.0,thumping,1182.0,1190.0,264,thumping,1182,1190,equal,True,Equal,16,,False,False,CQZNGMVS_s016,
CQZNGMVS,265.0,louder,1191.0,1197.0,265,louder,1191,1197,equal,True,Equal,16,,False,False,CQZNGMVS_s016,
CQZNGMVS,266.0,than,1198.0,1202.0,266,than,1198,1202,equal,True,Equal,16,,False,False,CQZNGMVS_s016,
CQZNGMVS,267.0,their,1203.0,1208.0,267,their,1203,1208,equal,True,Equal,16,,False,False,CQZNGMVS_s016,
CQZNGMVS,268.0,footsteps,1209.0,1218.0,268,footsteps,1209,1218,equal,True,Equal,16,,False,False,CQZNGMVS_s016,
CQZNGMVS,269.0,.,1218.0,1219.0,269,.,1218,1219,equal,True,Equal,16,Sentence Ending,False,False,CQZNGMVS_s016,Correct Ending
CQZNGMVS,270.0,I,1220.0,1221.0,270,I,1220,1221,equal,True,Equal,17,Sentence Beginning,False,False,CQZNGMVS_s017,Correct Beginning
CQZNGMVS,271.0,could,1222.0,1227.0,271,could,1222,1227,equal,True,Equal,17,,False,False,CQZNGMVS_s017,
CQZNGMVS,272.0,hear,1228.0,1232.0,272,hear,1228,1232,equal,True,Equal,17,,False,False,CQZNGMVS_s017,
CQZNGMVS,273.0,them,1233.0,1237.0,273,them,1233,1237,equal,True,Equal,17,,False,False,CQZNGMVS_s017,
CQZNGMVS,274.0,talking,1238.0,1245.0,274,talking,1238,1245,equal,True,Equal,17,,False,False,CQZNGMVS_s017,
CQZNGMVS,275.0,",",1245.0,1246.0,275,",",1245,1246,equal,True,Equal,17,,False,False,CQZNGMVS_s017,
CQZNGMVS,276.0,and,1247.0,1250.0,276,and,1247,1250,equal,True,Equal,17,,False,False,CQZNGMVS_s017,
CQZNGMVS,277.0,knew,1251.0,1255.0,277,knew,1251,1255,equal,True,Equal,17,,False,False,CQZNGMVS_s017,
CQZNGMVS,278.0,that,1256.0,1260.0,278,that,1256,1260,equal,True,Equal,17,,False,False,CQZNGMVS_s017,
CQZNGMVS,279.0,they,1261.0,1265.0,279,they,1261,1265,equal,True,Equal,17,,False,False,CQZNGMVS_s017,
CQZNGMVS,280.0,were,1266.0,1270.0,280,were,1266,1270,equal,True,Equal,17,,False,False,CQZNGMVS_s017,
CQZNGMVS,281.0,not,1271.0,1274.0,281,not,1271,1274,equal,True,Equal,17,,False,False,CQZNGMVS_s017,
CQZNGMVS,282.0,from,1275.0,1279.0,282,from,1275,1279,equal,True,Equal,17,,False,False,CQZNGMVS_s017,
CQZNGMVS,283.0,Australia,1280.0,1289.0,283,Australia,1280,1289,equal,True,Equal,17,,False,False,CQZNGMVS_s017,
CQZNGMVS,284.0,.,1289.0,1290.0,284,.,1289,1290,equal,True,Equal,17,Sentence Ending,False,False,CQZNGMVS_s017,Correct Ending
CQZNGMVS,285.0,They,1291.0,1295.0,285,They,1291,1295,equal,True,Equal,18,Sentence Beginning,False,False,CQZNGMVS_s018,Correct Beginning
CQZNGMVS,286.0,were,1296.0,1300.0,286,were,1296,1300,equal,True,Equal,18,,False,False,CQZNGMVS_s018,
CQZNGMVS,287.0,talking,1301.0,1308.0,287,talking,1301,1308,equal,True,Equal,18,,False,False,CQZNGMVS_s018,
CQZNGMVS,288.0,in,1309.0,1311.0,288,in,1309,1311,equal,True,Equal,18,,False,False,CQZNGMVS_s018,
CQZNGMVS,289.0,their,1312.0,1317.0,289,their,1312,1317,equal,True,Equal,18,,False,False,CQZNGMVS_s018,
CQZNGMVS,290.0,native,1318.0,1324.0,290,native,1318,1324,equal,True,Equal,18,,False,False,CQZNGMVS_s018,
CQZNGMVS,291.0,language,1325.0,1333.0,291,language,1325,1333,equal,True,Equal,18,,False,False,CQZNGMVS_s018,
CQZNGMVS,292.0,.,1333.0,1334.0,292,.,1333,1334,equal,True,Equal,18,Sentence Ending,False,False,CQZNGMVS_s018,Correct Ending
CQZNGMVS,293.0,I,1335.0,1336.0,293,I,1335,1336,equal,True,Equal,19,Sentence Beginning,False,False,CQZNGMVS_s019,Correct Beginning
CQZNGMVS,294.0,couldn,1337.0,1343.0,294,couldn,1337,1343,equal,True,Equal,19,,False,False,CQZNGMVS_s019,
CQZNGMVS,295.0,',1343.0,1344.0,295,',1343,1344,equal,True,Equal,19,,False,False,CQZNGMVS_s019,
CQZNGMVS,296.0,t,1344.0,1345.0,296,t,1344,1345,equal,True,Equal,19,,False,False,CQZNGMVS_s019,
CQZNGMVS,297.0,understand,1346.0,1356.0,297,understand,1346,1356,equal,True,Equal,19,,False,False,CQZNGMVS_s019,
CQZNGMVS,298.0,what,1357.0,1361.0,298,what,1357,1361,equal,True,Equal,19,,False,False,CQZNGMVS_s019,
CQZNGMVS,299.0,they,1362.0,1366.0,299,they,1362,1366,equal,True,Equal,19,,False,False,CQZNGMVS_s019,
CQZNGMVS,300.0,were,1367.0,1371.0,300,were,1367,1371,equal,True,Equal,19,,False,False,CQZNGMVS_s019,
CQZNGMVS,301.0,saying,1372.0,1378.0,301,saying,1372,1378,equal,True,Equal,19,,False,False,CQZNGMVS_s019,
CQZNGMVS,302.0,but,1379.0,1382.0,302,but,1379,1382,equal,True,Equal,19,,False,False,CQZNGMVS_s019,
CQZNGMVS,303.0,all,1383.0,1386.0,303,all,1383,1386,equal,True,Equal,19,,False,False,CQZNGMVS_s019,
CQZNGMVS,304.0,I,1387.0,1388.0,304,I,1387,1388,equal,True,Equal,19,,False,False,CQZNGMVS_s019,
CQZNGMVS,305.0,knew,1389.0,1393.0,305,knew,1389,1393,equal,True,Equal,19,,False,False,CQZNGMVS_s019,
CQZNGMVS,306.0,was,1394.0,1397.0,306,was,1394,1397,equal,True,Equal,19,,False,False,CQZNGMVS_s019,
CQZNGMVS,307.0,that,1398.0,1402.0,307,that,1398,1402,equal,True,Equal,19,,False,False,CQZNGMVS_s019,
CQZNGMVS,308.0,I,1403.0,1404.0,308,I,1403,1404,equal,True,Equal,19,,False,False,CQZNGMVS_s019,
CQZNGMVS,309.0,had,1405.0,1408.0,309,had,1405,1408,equal,True,Equal,19,,False,False,CQZNGMVS_s019,
CQZNGMVS,310.0,to,1409.0,1411.0,310,to,1409,1411,equal,True,Equal,19,,False,False,CQZNGMVS_s019,
CQZNGMVS,311.0,save,1412.0,1416.0,311,save,1412,1416,equal,True,Equal,19,,False,False,CQZNGMVS_s019,
CQZNGMVS,312.0,everyone,1417.0,1425.0,312,everyone,1417,1425,equal,True,Equal,19,,False,False,CQZNGMVS_s019,
CQZNGMVS,313.0,on,1426.0,1428.0,313,on,1426,1428,equal,True,Equal,19,,False,False,CQZNGMVS_s019,
CQZNGMVS,314.0,this,1429.0,1433.0,314,this,1429,1433,equal,True,Equal,19,,False,False,CQZNGMVS_s019,
CQZNGMVS,315.0,plane,1434.0,1439.0,315,plane,1434,1439,equal,True,Equal,19,,False,False,CQZNGMVS_s019,
CQZNGMVS,316.0,.,1439.0,1440.0,316,.,1439,1440,equal,True,Equal,19,Sentence Ending,False,False,CQZNGMVS_s019,Correct Ending
CQZNGMVS,317.0,Somehow,1441.0,1448.0,317,Somehow,1441,1448,equal,True,Equal,20,Sentence Beginning,False,False,CQZNGMVS_s020,Correct Beginning
CQZNGMVS,318.0,.,1448.0,1449.0,318,.,1448,1449,equal,True,Equal,20,Sentence Ending,False,False,CQZNGMVS_s020,Correct Ending
CQZNGMVS,319.0,I,1450.0,1451.0,319,I,1450,1451,equal,True,Equal,21,Sentence Beginning,False,False,CQZNGMVS_s021,Correct Beginning
CQZNGMVS,320.0,waited,1452.0,1458.0,320,waited,1452,1458,equal,True,Equal,21,,False,False,CQZNGMVS_s021,
CQZNGMVS,321.0,until,1459.0,1464.0,321,until,1459,1464,equal,True,Equal,21,,False,False,CQZNGMVS_s021,
CQZNGMVS,322.0,the,1465.0,1468.0,322,the,1465,1468,equal,True,Equal,21,,False,False,CQZNGMVS_s021,
CQZNGMVS,323.0,other,1469.0,1474.0,323,other,1469,1474,equal,True,Equal,21,,False,False,CQZNGMVS_s021,
CQZNGMVS,324.0,two,1475.0,1478.0,324,two,1475,1478,equal,True,Equal,21,,False,False,CQZNGMVS_s021,
CQZNGMVS,325.0,sidekicks,1479.0,1488.0,325,sidekicks,1479,1488,equal,True,Equal,21,,False,False,CQZNGMVS_s021,
CQZNGMVS,326.0,had,1489.0,1492.0,326,had,1489,1492,equal,True,Equal,21,,False,False,CQZNGMVS_s021,
CQZNGMVS,327.0,left,1493.0,1497.0,327,left,1493,1497,equal,True,Equal,21,,False,False,CQZNGMVS_s021,
CQZNGMVS,328.0,to,1498.0,1500.0,328,to,1498,1500,equal,True,Equal,21,,False,False,CQZNGMVS_s021,
CQZNGMVS,329.0,go,1501.0,1503.0,329,go,1501,1503,equal,True,Equal,21,,False,False,CQZNGMVS_s021,
CQZNGMVS,330.0,to,1504.0,1506.0,330,to,1504,1506,equal,True,Equal,21,,False,False,CQZNGMVS_s021,
CQZNGMVS,331.0,the,1507.0,1510.0,331,the,1507,1510,equal,True,Equal,21,,False,False,CQZNGMVS_s021,
CQZNGMVS,332.0,toilet,1511.0,1517.0,332,toilet,1511,1517,equal,True,Equal,21,,False,False,CQZNGMVS_s021,
CQZNGMVS,333.0,.,1517.0,1518.0,333,.,1517,1518,equal,True,Equal,21,Sentence Ending,False,False,CQZNGMVS_s021,Correct Ending
CQZNGMVS,334.0,They,1519.0,1523.0,334,They,1519,1523,equal,True,Equal,22,Sentence Beginning,False,False,CQZNGMVS_s022,Correct Beginning
CQZNGMVS,335.0,probably,1524.0,1532.0,335,probably,1524,1532,equal,True,Equal,22,,False,False,CQZNGMVS_s022,
CQZNGMVS,336.0,were,1533.0,1537.0,336,were,1533,1537,equal,True,Equal,22,,False,False,CQZNGMVS_s022,
CQZNGMVS,337.0,loading,1538.0,1545.0,337,loading,1538,1545,equal,True,Equal,22,,False,False,CQZNGMVS_s022,
CQZNGMVS,338.0,their,1546.0,1551.0,338,their,1546,1551,equal,True,Equal,22,,False,False,CQZNGMVS_s022,
CQZNGMVS,339.0,guns,1552.0,1556.0,339,guns,1552,1556,equal,True,Equal,22,,False,False,CQZNGMVS_s022,
CQZNGMVS,340.0,.,1556.0,1557.0,340,.,1556,1557,equal,True,Equal,22,Sentence Ending,False,False,CQZNGMVS_s022,Correct Ending
CQZNGMVS,341.0,The,1558.0,1561.0,341,The,1558,1561,equal,True,Equal,23,Sentence Beginning,False,False,CQZNGMVS_s023,Correct Beginning
CQZNGMVS,342.0,first,1562.0,1567.0,342,first,1562,1567,equal,True,Equal,23,,False,False,CQZNGMVS_s023,
CQZNGMVS,343.0,that,1568.0,1572.0,343,that,1568,1572,equal,True,Equal,23,,False,False,CQZNGMVS_s023,
CQZNGMVS,344.0,crossed,1573.0,1580.0,344,crossed,1573,1580,equal,True,Equal,23,,False,False,CQZNGMVS_s023,
CQZNGMVS,345.0,my,1581.0,1583.0,345,my,1581,1583,equal,True,Equal,23,,False,False,CQZNGMVS_s023,
CQZNGMVS,346.0,mind,1584.0,1588.0,346,mind,1584,1588,equal,True,Equal,23,,False,False,CQZNGMVS_s023,
CQZNGMVS,347.0,was,1589.0,1592.0,347,was,1589,1592,equal,True,Equal,23,,False,False,CQZNGMVS_s023,
CQZNGMVS,348.0,the,1593.0,1596.0,348,the,1593,1596,equal,True,Equal,23,,False,False,CQZNGMVS_s023,
CQZNGMVS,349.0,three,1597.0,1602.0,349,three,1597,1602,equal,True,Equal,23,,False,False,CQZNGMVS_s023,
CQZNGMVS,350.0,were,1603.0,1607.0,350,were,1603,1607,equal,True,Equal,23,,False,False,CQZNGMVS_s023,
CQZNGMVS,351.0,standing,1608.0,1616.0,351,standing,1608,1616,equal,True,Equal,23,,False,False,CQZNGMVS_s023,
CQZNGMVS,352.0,in,1617.0,1619.0,352,in,1617,1619,equal,True,Equal,23,,False,False,CQZNGMVS_s023,
CQZNGMVS,353.0,front,1620.0,1625.0,353,front,1620,1625,equal,True,Equal,23,,False,False,CQZNGMVS_s023,
CQZNGMVS,354.0,of,1626.0,1628.0,354,of,1626,1628,equal,True,Equal,23,,False,False,CQZNGMVS_s023,
CQZNGMVS,355.0,the,1629.0,1632.0,355,the,1629,1632,equal,True,Equal,23,,False,False,CQZNGMVS_s023,
CQZNGMVS,356.0,cabin,1633.0,1638.0,356,cabin,1633,1638,equal,True,Equal,23,,False,False,CQZNGMVS_s023,
CQZNGMVS,357.0,crew,1639.0,1643.0,357,crew,1639,1643,equal,True,Equal,23,,False,False,CQZNGMVS_s023,
CQZNGMVS,358.0,area,1644.0,1648.0,358,area,1644,1648,equal,True,Equal,23,,False,False,CQZNGMVS_s023,
CQZNGMVS,359.0,and,1649.0,1652.0,359,and,1649,1652,equal,True,Equal,23,,False,False,CQZNGMVS_s023,
CQZNGMVS,360.0,the,1653.0,1656.0,360,the,1653,1656,equal,True,Equal,23,,False,False,CQZNGMVS_s023,
CQZNGMVS,361.0,kitchen,1657.0,1664.0,361,kitchen,1657,1664,equal,True,Equal,23,,False,False,CQZNGMVS_s023,
CQZNGMVS,362.0,.,1664.0,1665.0,362,.,1664,1665,equal,True,Equal,23,Sentence Ending,False,False,CQZNGMVS_s023,Correct Ending
CQZNGMVS,363.0,If,1666.0,1668.0,363,If,1666,1668,equal,True,Equal,24,Sentence Beginning,False,False,CQZNGMVS_s024,Correct Beginning
CQZNGMVS,364.0,they,1669.0,1673.0,364,they,1669,1673,equal,True,Equal,24,,False,False,CQZNGMVS_s024,
CQZNGMVS,365.0,were,1674.0,1678.0,365,were,1674,1678,equal,True,Equal,24,,False,False,CQZNGMVS_s024,
CQZNGMVS,366.0,blocking,1679.0,1687.0,366,blocking,1679,1687,equal,True,Equal,24,,False,False,CQZNGMVS_s024,
CQZNGMVS,367.0,that,1688.0,1692.0,367,that,1688,1692,equal,True,Equal,24,,False,False,CQZNGMVS_s024,
CQZNGMVS,368.0,area,1693.0,1697.0,368,area,1693,1697,equal,True,Equal,24,,False,False,CQZNGMVS_s024,
CQZNGMVS,369.0,there,1698.0,1703.0,369,there,1698,1703,equal,True,Equal,24,,False,False,CQZNGMVS_s024,
CQZNGMVS,370.0,",",1703.0,1704.0,370,",",1703,1704,equal,True,Equal,24,,False,False,CQZNGMVS_s024,
CQZNGMVS,371.0,they,1705.0,1709.0,371,they,1705,1709,equal,True,Equal,24,,False,False,CQZNGMVS_s024,
CQZNGMVS,372.0,would,1710.0,1715.0,372,would,1710,1715,equal,True,Equal,24,,False,False,CQZNGMVS_s024,
CQZNGMVS,373.0,have,1716.0,1720.0,373,have,1716,1720,equal,True,Equal,24,,False,False,CQZNGMVS_s024,
CQZNGMVS,374.0,been,1721.0,1725.0,374,been,1721,1725,equal,True,Equal,24,,False,False,CQZNGMVS_s024,
CQZNGMVS,375.0,blocking,1726.0,1734.0,375,blocking,1726,1734,equal,True,Equal,24,,False,False,CQZNGMVS_s024,
CQZNGMVS,376.0,the,1735.0,1738.0,376,the,1735,1738,equal,True,Equal,24,,False,False,CQZNGMVS_s024,
CQZNGMVS,377.0,cabin,1739.0,1744.0,377,cabin,1739,1744,equal,True,Equal,24,,False,False,CQZNGMVS_s024,
CQZNGMVS,378.0,crew,1745.0,1749.0,378,crew,1745,1749,equal,True,Equal,24,,False,False,CQZNGMVS_s024,
CQZNGMVS,379.0,from,1750.0,1754.0,379,from,1750,1754,equal,True,Equal,24,,False,False,CQZNGMVS_s024,
CQZNGMVS,380.0,exiting,1755.0,1762.0,380,exiting,1755,1762,equal,True,Equal,24,,False,False,CQZNGMVS_s024,
CQZNGMVS,381.0,the,1763.0,1766.0,381,the,1763,1766,equal,True,Equal,24,,False,False,CQZNGMVS_s024,
CQZNGMVS,382.0,kitchen,1767.0,1774.0,382,kitchen,1767,1774,equal,True,Equal,24,,False,False,CQZNGMVS_s024,
CQZNGMVS,383.0,area,1775.0,1779.0,383,area,1775,1779,equal,True,Equal,24,,False,False,CQZNGMVS_s024,
CQZNGMVS,384.0,.,1779.0,1780.0,384,.,1779,1780,equal,True,Equal,24,Sentence Ending,False,False,CQZNGMVS_s024,Correct Ending
CQZNGMVS,385.0,My,1781.0,1783.0,385,My,1781,1783,equal,True,Equal,25,Sentence Beginning,False,False,CQZNGMVS_s025,Correct Beginning
CQZNGMVS,386.0,eyes,1784.0,1788.0,386,eyes,1784,1788,equal,True,Equal,25,,False,False,CQZNGMVS_s025,
CQZNGMVS,387.0,searched,1789.0,1797.0,387,searched,1789,1797,equal,True,Equal,25,,False,False,CQZNGMVS_s025,
CQZNGMVS,388.0,the,1798.0,1801.0,388,the,1798,1801,equal,True,Equal,25,,False,False,CQZNGMVS_s025,
CQZNGMVS,389.0,plane,1802.0,1807.0,389,plane,1802,1807,equal,True,Equal,25,,False,False,CQZNGMVS_s025,
CQZNGMVS,390.0,and,1808.0,1811.0,390,and,1808,1811,equal,True,Equal,25,,False,False,CQZNGMVS_s025,
CQZNGMVS,391.0,found,1812.0,1817.0,391,found,1812,1817,equal,True,Equal,25,,False,False,CQZNGMVS_s025,
CQZNGMVS,392.0,one,1818.0,1821.0,392,one,1818,1821,equal,True,Equal,25,,False,False,CQZNGMVS_s025,
CQZNGMVS,393.0,lady,1822.0,1826.0,393,lady,1822,1826,equal,True,Equal,25,,False,False,CQZNGMVS_s025,
CQZNGMVS,394.0,crouched,1827.0,1835.0,394,crouched,1827,1835,equal,True,Equal,25,,False,False,CQZNGMVS_s025,
CQZNGMVS,395.0,down,1836.0,1840.0,395,down,1836,1840,equal,True,Equal,25,,False,False,CQZNGMVS_s025,
CQZNGMVS,396.0,with,1841.0,1845.0,396,with,1841,1845,equal,True,Equal,25,,False,False,CQZNGMVS_s025,
CQZNGMVS,397.0,the,1846.0,1849.0,397,the,1846,1849,equal,True,Equal,25,,False,False,CQZNGMVS_s025,
CQZNGMVS,398.0,cart,1850.0,1854.0,398,cart,1850,1854,equal,True,Equal,25,,False,False,CQZNGMVS_s025,
CQZNGMVS,399.0,in,1855.0,1857.0,399,in,1855,1857,equal,True,Equal,25,,False,False,CQZNGMVS_s025,
CQZNGMVS,400.0,front,1858.0,1863.0,400,front,1858,1863,equal,True,Equal,25,,False,False,CQZNGMVS_s025,
CQZNGMVS,401.0,of,1864.0,1866.0,401,of,1864,1866,equal,True,Equal,25,,False,False,CQZNGMVS_s025,
CQZNGMVS,402.0,her,1867.0,1870.0,402,her,1867,1870,equal,True,Equal,25,,False,False,CQZNGMVS_s025,
CQZNGMVS,403.0,",",1870.0,1871.0,403,",",1870,1871,equal,True,Equal,25,,False,False,CQZNGMVS_s025,
CQZNGMVS,404.0,her,1872.0,1875.0,404,her,1872,1875,equal,True,Equal,25,,False,False,CQZNGMVS_s025,
CQZNGMVS,405.0,eyes,1876.0,1880.0,405,eyes,1876,1880,equal,True,Equal,25,,False,False,CQZNGMVS_s025,
CQZNGMVS,406.0,tearing,1881.0,1888.0,406,tearing,1881,1888,equal,True,Equal,25,,False,False,CQZNGMVS_s025,
CQZNGMVS,407.0,up,1889.0,1891.0,407,up,1889,1891,equal,True,Equal,25,,False,False,CQZNGMVS_s025,
CQZNGMVS,408.0,.,1891.0,1892.0,408,.,1891,1892,equal,True,Equal,25,Sentence Ending,False,False,CQZNGMVS_s025,Correct Ending
CQZNGMVS,409.0,Another,1893.0,1900.0,409,Another,1893,1900,equal,True,Equal,26,Sentence Beginning,False,False,CQZNGMVS_s026,Correct Beginning
CQZNGMVS,410.0,gunshot,1901.0,1908.0,410,gunshot,1901,1908,equal,True,Equal,26,,False,False,CQZNGMVS_s026,
CQZNGMVS,411.0,fired,1909.0,1914.0,411,fired,1909,1914,equal,True,Equal,26,,False,False,CQZNGMVS_s026,
CQZNGMVS,412.0,",",1914.0,1915.0,412,",",1914,1915,equal,True,Equal,26,,False,False,CQZNGMVS_s026,
CQZNGMVS,413.0,and,1916.0,1919.0,413,and,1916,1919,equal,True,Equal,26,,False,False,CQZNGMVS_s026,
CQZNGMVS,414.0,one,1920.0,1923.0,414,one,1920,1923,equal,True,Equal,26,,False,False,CQZNGMVS_s026,
CQZNGMVS,415.0,of,1924.0,1926.0,415,of,1924,1926,equal,True,Equal,26,,False,False,CQZNGMVS_s026,
CQZNGMVS,416.0,the,1927.0,1930.0,416,the,1927,1930,equal,True,Equal,26,,False,False,CQZNGMVS_s026,
CQZNGMVS,417.0,male,1931.0,1935.0,417,male,1931,1935,equal,True,Equal,26,,False,False,CQZNGMVS_s026,
CQZNGMVS,418.0,cabin,1936.0,1941.0,418,cabin,1936,1941,equal,True,Equal,26,,False,False,CQZNGMVS_s026,
CQZNGMVS,419.0,crew,1942.0,1946.0,419,crew,1942,1946,equal,True,Equal,26,,False,False,CQZNGMVS_s026,
CQZNGMVS,420.0,assistants,1947.0,1957.0,420,assistants,1947,1957,equal,True,Equal,26,,False,False,CQZNGMVS_s026,
CQZNGMVS,421.0,fell,1958.0,1962.0,421,fell,1958,1962,equal,True,Equal,26,,False,False,CQZNGMVS_s026,
CQZNGMVS,422.0,to,1963.0,1965.0,422,to,1963,1965,equal,True,Equal,26,,False,False,CQZNGMVS_s026,
CQZNGMVS,423.0,the,1966.0,1969.0,423,the,1966,1969,equal,True,Equal,26,,False,False,CQZNGMVS_s026,
CQZNGMVS,424.0,ground,1970.0,1976.0,424,ground,1970,1976,equal,True,Equal,26,,False,False,CQZNGMVS_s026,
CQZNGMVS,425.0,",",1976.0,1977.0,425,",",1976,1977,equal,True,Equal,26,,False,False,CQZNGMVS_s026,
CQZNGMVS,426.0,blood,1978.0,1983.0,426,blood,1978,1983,equal,True,Equal,26,,False,False,CQZNGMVS_s026,
CQZNGMVS,427.0,splurting,1984.0,1993.0,427,splurting,1984,1993,equal,True,Equal,26,,False,False,CQZNGMVS_s026,
CQZNGMVS,428.0,out,1994.0,1997.0,428,out,1994,1997,equal,True,Equal,26,,False,False,CQZNGMVS_s026,
CQZNGMVS,429.0,of,1998.0,2000.0,429,of,1998,2000,equal,True,Equal,26,,False,False,CQZNGMVS_s026,
CQZNGMVS,430.0,his,2001.0,2004.0,430,his,2001,2004,equal,True,Equal,26,,False,False,CQZNGMVS_s026,
CQZNGMVS,431.0,chest,2005.0,2010.0,431,chest,2005,2010,equal,True,Equal,26,,False,False,CQZNGMVS_s026,
CQZNGMVS,432.0,.,2010.0,2011.0,432,.,2010,2011,equal,True,Equal,26,Sentence Ending,False,False,CQZNGMVS_s026,Correct Ending
CQZNGMVS,433.0,I,2012.0,2013.0,433,I,2012,2013,equal,True,Equal,27,Sentence Beginning,False,False,CQZNGMVS_s027,Correct Beginning
CQZNGMVS,434.0,tip,2014.0,2017.0,434,tip,2014,2017,equal,True,Equal,27,,False,False,CQZNGMVS_s027,
CQZNGMVS,435.0,-,2017.0,2018.0,435,-,2017,2018,equal,True,Equal,27,,False,False,CQZNGMVS_s027,
CQZNGMVS,436.0,toed,2018.0,2022.0,436,toed,2018,2022,equal,True,Equal,27,,False,False,CQZNGMVS_s027,
CQZNGMVS,437.0,my,2023.0,2025.0,437,my,2023,2025,equal,True,Equal,27,,False,False,CQZNGMVS_s027,
CQZNGMVS,438.0,way,2026.0,2029.0,438,way,2026,2029,equal,True,Equal,27,,False,False,CQZNGMVS_s027,
CQZNGMVS,439.0,to,2030.0,2032.0,439,to,2030,2032,equal,True,Equal,27,,False,False,CQZNGMVS_s027,
CQZNGMVS,440.0,the,2033.0,2036.0,440,the,2033,2036,equal,True,Equal,27,,False,False,CQZNGMVS_s027,
CQZNGMVS,441.0,lady,2037.0,2041.0,441,lady,2037,2041,equal,True,Equal,27,,False,False,CQZNGMVS_s027,
CQZNGMVS,442.0,with,2042.0,2046.0,442,with,2042,2046,equal,True,Equal,27,,False,False,CQZNGMVS_s027,
CQZNGMVS,443.0,the,2047.0,2050.0,443,the,2047,2050,equal,True,Equal,27,,False,False,CQZNGMVS_s027,
CQZNGMVS,444.0,cart,2051.0,2055.0,444,cart,2051,2055,equal,True,Equal,27,,False,False,CQZNGMVS_s027,
CQZNGMVS,445.0,and,2056.0,2059.0,445,and,2056,2059,equal,True,Equal,27,,False,False,CQZNGMVS_s027,
CQZNGMVS,446.0,asked,2060.0,2065.0,446,asked,2060,2065,equal,True,Equal,27,,False,False,CQZNGMVS_s027,
CQZNGMVS,447.0,her,2066.0,2069.0,447,her,2066,2069,equal,True,Equal,27,,False,False,CQZNGMVS_s027,
CQZNGMVS,448.0,if,2070.0,2072.0,448,if,2070,2072,equal,True,Equal,27,,False,False,CQZNGMVS_s027,
CQZNGMVS,449.0,she,2073.0,2076.0,449,she,2073,2076,equal,True,Equal,27,,False,False,CQZNGMVS_s027,
CQZNGMVS,450.0,knew,2077.0,2081.0,450,knew,2077,2081,equal,True,Equal,27,,False,False,CQZNGMVS_s027,
CQZNGMVS,451.0,how,2082.0,2085.0,451,how,2082,2085,equal,True,Equal,27,,False,False,CQZNGMVS_s027,
CQZNGMVS,452.0,many,2086.0,2090.0,452,many,2086,2090,equal,True,Equal,27,,False,False,CQZNGMVS_s027,
CQZNGMVS,453.0,people,2091.0,2097.0,453,people,2091,2097,equal,True,Equal,27,,False,False,CQZNGMVS_s027,
CQZNGMVS,454.0,were,2098.0,2102.0,454,were,2098,2102,equal,True,Equal,27,,False,False,CQZNGMVS_s027,
CQZNGMVS,455.0,on,2103.0,2105.0,455,on,2103,2105,equal,True,Equal,27,,False,False,CQZNGMVS_s027,
CQZNGMVS,456.0,this,2106.0,2110.0,456,this,2106,2110,equal,True,Equal,27,,False,False,CQZNGMVS_s027,
CQZNGMVS,457.0,plane,2111.0,2116.0,457,plane,2111,2116,equal,True,Equal,27,,False,False,CQZNGMVS_s027,
CQZNGMVS,458.0,and,2117.0,2120.0,458,and,2117,2120,equal,True,Equal,27,,False,False,CQZNGMVS_s027,
CQZNGMVS,459.0,how,2121.0,2124.0,459,how,2121,2124,equal,True,Equal,27,,False,False,CQZNGMVS_s027,
CQZNGMVS,460.0,much,2125.0,2129.0,460,much,2125,2129,equal,True,Equal,27,,False,False,CQZNGMVS_s027,
CQZNGMVS,461.0,cabin,2130.0,2135.0,461,cabin,2130,2135,equal,True,Equal,27,,False,False,CQZNGMVS_s027,
CQZNGMVS,462.0,crew,2136.0,2140.0,462,crew,2136,2140,equal,True,Equal,27,,False,False,CQZNGMVS_s027,
CQZNGMVS,463.0,were,2141.0,2145.0,463,were,2141,2145,equal,True,Equal,27,,False,False,CQZNGMVS_s027,
CQZNGMVS,464.0,on,2146.0,2148.0,464,on,2146,2148,equal,True,Equal,27,,False,False,CQZNGMVS_s027,
CQZNGMVS,465.0,this,2149.0,2153.0,465,this,2149,2153,equal,True,Equal,27,,False,False,CQZNGMVS_s027,
CQZNGMVS,466.0,plane,2154.0,2159.0,466,plane,2154,2159,equal,True,Equal,27,,False,False,CQZNGMVS_s027,
CQZNGMVS,467.0,.,2159.0,2160.0,467,.,2159,2160,equal,True,Equal,27,Sentence Ending,False,False,CQZNGMVS_s027,Correct Ending
CQZNGMVS,468.0,She,2161.0,2164.0,468,She,2161,2164,equal,True,Equal,28,Sentence Beginning,False,False,CQZNGMVS_s028,Correct Beginning
CQZNGMVS,469.0,told,2165.0,2169.0,469,told,2165,2169,equal,True,Equal,28,,False,False,CQZNGMVS_s028,
CQZNGMVS,470.0,me,2170.0,2172.0,470,me,2170,2172,equal,True,Equal,28,,False,False,CQZNGMVS_s028,
CQZNGMVS,471.0,there,2173.0,2178.0,471,there,2173,2178,equal,True,Equal,28,,False,False,CQZNGMVS_s028,
CQZNGMVS,472.0,were,2179.0,2183.0,472,were,2179,2183,equal,True,Equal,28,,False,False,CQZNGMVS_s028,
CQZNGMVS,473.0,156,2184.0,2187.0,473,156,2184,2187,equal,True,Equal,28,,False,False,CQZNGMVS_s028,
CQZNGMVS,474.0,people,2188.0,2194.0,474,people,2188,2194,equal,True,Equal,28,,False,False,CQZNGMVS_s028,
CQZNGMVS,475.0,on,2195.0,2197.0,475,on,2195,2197,equal,True,Equal,28,,False,False,CQZNGMVS_s028,
CQZNGMVS,476.0,the,2198.0,2201.0,476,the,2198,2201,equal,True,Equal,28,,False,False,CQZNGMVS_s028,
CQZNGMVS,477.0,flight,2202.0,2208.0,477,flight,2202,2208,equal,True,Equal,28,,False,False,CQZNGMVS_s028,
CQZNGMVS,478.0,and,2209.0,2212.0,478,and,2209,2212,equal,True,Equal,28,,False,False,CQZNGMVS_s028,
CQZNGMVS,479.0,17,2213.0,2215.0,479,17,2213,2215,equal,True,Equal,28,,False,False,CQZNGMVS_s028,
CQZNGMVS,480.0,cabin,2216.0,2221.0,480,cabin,2216,2221,equal,True,Equal,28,,False,False,CQZNGMVS_s028,
CQZNGMVS,481.0,crew,2222.0,2226.0,481,crew,2222,2226,equal,True,Equal,28,,False,False,CQZNGMVS_s028,
CQZNGMVS,482.0,.,2226.0,2227.0,482,.,2226,2227,equal,True,Equal,28,Sentence Ending,False,False,CQZNGMVS_s028,Correct Ending
CQZNGMVS,483.0,I,2228.0,2229.0,483,I,2228,2229,equal,True,Equal,29,Sentence Beginning,False,False,CQZNGMVS_s029,Correct Beginning
CQZNGMVS,484.0,had,2230.0,2233.0,484,had,2230,2233,equal,True,Equal,29,,False,False,CQZNGMVS_s029,
CQZNGMVS,485.0,to,2234.0,2236.0,485,to,2234,2236,equal,True,Equal,29,,False,False,CQZNGMVS_s029,
CQZNGMVS,486.0,think,2237.0,2242.0,486,think,2237,2242,equal,True,Equal,29,,False,False,CQZNGMVS_s029,
CQZNGMVS,487.0,of,2243.0,2245.0,487,of,2243,2245,equal,True,Equal,29,,False,False,CQZNGMVS_s029,
CQZNGMVS,488.0,a,2246.0,2247.0,488,a,2246,2247,equal,True,Equal,29,,False,False,CQZNGMVS_s029,
CQZNGMVS,489.0,plan,2248.0,2252.0,489,plan,2248,2252,equal,True,Equal,29,,False,False,CQZNGMVS_s029,
CQZNGMVS,490.0,and,2253.0,2256.0,490,and,2253,2256,equal,True,Equal,29,,False,False,CQZNGMVS_s029,
CQZNGMVS,491.0,quick,2257.0,2262.0,491,quick,2257,2262,equal,True,Equal,29,,False,False,CQZNGMVS_s029,
CQZNGMVS,492.0,",",2262.0,2263.0,492,",",2262,2263,equal,True,Equal,29,,False,False,CQZNGMVS_s029,
CQZNGMVS,493.0,because,2264.0,2271.0,493,because,2264,2271,equal,True,Equal,29,,False,False,CQZNGMVS_s029,
CQZNGMVS,494.0,after,2272.0,2277.0,494,after,2272,2277,equal,True,Equal,29,,False,False,CQZNGMVS_s029,
CQZNGMVS,495.0,I,2278.0,2279.0,495,I,2278,2279,equal,True,Equal,29,,False,False,CQZNGMVS_s029,
CQZNGMVS,496.0,had,2280.0,2283.0,496,had,2280,2283,equal,True,Equal,29,,False,False,CQZNGMVS_s029,
CQZNGMVS,497.0,got,2284.0,2287.0,497,got,2284,2287,equal,True,Equal,29,,False,False,CQZNGMVS_s029,
CQZNGMVS,498.0,up,2288.0,2290.0,498,up,2288,2290,equal,True,Equal,29,,False,False,CQZNGMVS_s029,
CQZNGMVS,499.0,",",2290.0,2291.0,499,",",2290,2291,equal,True,Equal,29,,False,False,CQZNGMVS_s029,
CQZNGMVS,500.0,a,2292.0,2293.0,500,a,2292,2293,equal,True,Equal,29,,False,False,CQZNGMVS_s029,
CQZNGMVS,501.0,gunshot,2294.0,2301.0,501,gunshot,2294,2301,equal,True,Equal,29,,False,False,CQZNGMVS_s029,
CQZNGMVS,502.0,fired,2302.0,2307.0,502,fired,2302,2307,equal,True,Equal,29,,False,False,CQZNGMVS_s029,
CQZNGMVS,503.0,and,2308.0,2311.0,503,and,2308,2311,equal,True,Equal,29,,False,False,CQZNGMVS_s029,
CQZNGMVS,504.0,the,2312.0,2315.0,504,the,2312,2315,equal,True,Equal,29,,False,False,CQZNGMVS_s029,
CQZNGMVS,505.0,target,2316.0,2322.0,505,target,2316,2322,equal,True,Equal,29,,False,False,CQZNGMVS_s029,
CQZNGMVS,506.0,was,2323.0,2326.0,506,was,2323,2326,equal,True,Equal,29,,False,False,CQZNGMVS_s029,
CQZNGMVS,507.0,an,2327.0,2329.0,507,an,2327,2329,equal,True,Equal,29,,False,False,CQZNGMVS_s029,
CQZNGMVS,508.0,old,2330.0,2333.0,508,old,2330,2333,equal,True,Equal,29,,False,False,CQZNGMVS_s029,
CQZNGMVS,509.0,woman,2334.0,2339.0,509,woman,2334,2339,equal,True,Equal,29,,False,False,CQZNGMVS_s029,
CQZNGMVS,510.0,",",2339.0,2340.0,510,",",2339,2340,equal,True,Equal,29,,False,False,CQZNGMVS_s029,
CQZNGMVS,511.0,who,2341.0,2344.0,511,who,2341,2344,equal,True,Equal,29,,False,False,CQZNGMVS_s029,
CQZNGMVS,512.0,had,2345.0,2348.0,512,had,2345,2348,equal,True,Equal,29,,False,False,CQZNGMVS_s029,
CQZNGMVS,513.0,gotten,2349.0,2355.0,513,gotten,2349,2355,equal,True,Equal,29,,False,False,CQZNGMVS_s029,
CQZNGMVS,514.0,up,2356.0,2358.0,514,up,2356,2358,equal,True,Equal,29,,False,False,CQZNGMVS_s029,
CQZNGMVS,515.0,to,2359.0,2361.0,515,to,2359,2361,equal,True,Equal,29,,False,False,CQZNGMVS_s029,
CQZNGMVS,516.0,go,2362.0,2364.0,516,go,2362,2364,equal,True,Equal,29,,False,False,CQZNGMVS_s029,
CQZNGMVS,517.0,to,2365.0,2367.0,517,to,2365,2367,equal,True,Equal,29,,False,False,CQZNGMVS_s029,
CQZNGMVS,518.0,the,2368.0,2371.0,518,the,2368,2371,equal,True,Equal,29,,False,False,CQZNGMVS_s029,
CQZNGMVS,519.0,toilet,2372.0,2378.0,519,toilet,2372,2378,equal,True,Equal,29,,False,False,CQZNGMVS_s029,
CQZNGMVS,520.0,",",2378.0,2379.0,520,",",2378,2379,equal,True,Equal,29,,False,False,CQZNGMVS_s029,
CQZNGMVS,521.0,and,2380.0,2383.0,521,and,2380,2383,equal,True,Equal,29,,False,False,CQZNGMVS_s029,
CQZNGMVS,522.0,now,2384.0,2387.0,522,now,2384,2387,equal,True,Equal,29,,False,False,CQZNGMVS_s029,
CQZNGMVS,523.0,she,2388.0,2391.0,523,she,2388,2391,equal,True,Equal,29,,False,False,CQZNGMVS_s029,
CQZNGMVS,524.0,was,2392.0,2395.0,524,was,2392,2395,equal,True,Equal,29,,False,False,CQZNGMVS_s029,
CQZNGMVS,525.0,dead,2396.0,2400.0,525,dead,2396,2400,equal,True,Equal,29,,False,False,CQZNGMVS_s029,
CQZNGMVS,526.0,.,2400.0,2401.0,526,.,2400,2401,equal,True,Equal,29,Sentence Ending,False,False,CQZNGMVS_s029,Correct Ending
CQZNGMVS,527.0,Once,2402.0,2406.0,527,Once,2402,2406,equal,True,Equal,30,Sentence Beginning,False,False,CQZNGMVS_s030,Correct Beginning
CQZNGMVS,528.0,the,2407.0,2410.0,528,the,2407,2410,equal,True,Equal,30,,False,False,CQZNGMVS_s030,
CQZNGMVS,529.0,supposed,2411.0,2419.0,529,supposed,2411,2419,equal,True,Equal,30,,False,False,CQZNGMVS_s030,
CQZNGMVS,530.0,',2420.0,2421.0,530,',2420,2421,equal,True,Equal,30,,False,False,CQZNGMVS_s030,
CQZNGMVS,531.0,leader,2421.0,2427.0,531,leader,2421,2427,equal,True,Equal,30,,False,False,CQZNGMVS_s030,
CQZNGMVS,532.0,',2427.0,2428.0,532,',2427,2428,equal,True,Equal,30,,False,False,CQZNGMVS_s030,
CQZNGMVS,533.0,had,2429.0,2432.0,533,had,2429,2432,equal,True,Equal,30,,False,False,CQZNGMVS_s030,
CQZNGMVS,534.0,sauntered,2433.0,2442.0,534,sauntered,2433,2442,equal,True,Equal,30,,False,False,CQZNGMVS_s030,
CQZNGMVS,535.0,to,2443.0,2445.0,535,to,2443,2445,equal,True,Equal,30,,False,False,CQZNGMVS_s030,
CQZNGMVS,536.0,the,2446.0,2449.0,536,the,2446,2449,equal,True,Equal,30,,False,False,CQZNGMVS_s030,
CQZNGMVS,537.0,back,2450.0,2454.0,537,back,2450,2454,equal,True,Equal,30,,False,False,CQZNGMVS_s030,
CQZNGMVS,538.0,of,2455.0,2457.0,538,of,2455,2457,equal,True,Equal,30,,False,False,CQZNGMVS_s030,
CQZNGMVS,539.0,the,2458.0,2461.0,539,the,2458,2461,equal,True,Equal,30,,False,False,CQZNGMVS_s030,
CQZNGMVS,540.0,plane,2462.0,2467.0,540,plane,2462,2467,equal,True,Equal,30,,False,False,CQZNGMVS_s030,
CQZNGMVS,541.0,",",2467.0,2468.0,541,",",2467,2468,equal,True,Equal,30,,False,False,CQZNGMVS_s030,
CQZNGMVS,542.0,and,2469.0,2472.0,542,and,2469,2472,equal,True,Equal,30,,False,False,CQZNGMVS_s030,
CQZNGMVS,543.0,the,2473.0,2476.0,543,the,2473,2476,equal,True,Equal,30,,False,False,CQZNGMVS_s030,
CQZNGMVS,544.0,two,2477.0,2480.0,544,two,2477,2480,equal,True,Equal,30,,False,False,CQZNGMVS_s030,
CQZNGMVS,545.0,sidekicks,2481.0,2490.0,545,sidekicks,2481,2490,equal,True,Equal,30,,False,False,CQZNGMVS_s030,
CQZNGMVS,546.0,had,2491.0,2494.0,546,had,2491,2494,equal,True,Equal,30,,False,False,CQZNGMVS_s030,
CQZNGMVS,547.0,followed,2495.0,2503.0,547,followed,2495,2503,equal,True,Equal,30,,False,False,CQZNGMVS_s030,
CQZNGMVS,548.0,him,2504.0,2507.0,548,him,2504,2507,equal,True,Equal,30,,False,False,CQZNGMVS_s030,
CQZNGMVS,549.0,",",2507.0,2508.0,549,",",2507,2508,equal,True,Equal,30,,False,False,CQZNGMVS_s030,
CQZNGMVS,550.0,I,2509.0,2510.0,550,I,2509,2510,equal,True,Equal,30,,False,False,CQZNGMVS_s030,
CQZNGMVS,551.0,sprang,2511.0,2517.0,551,sprang,2511,2517,equal,True,Equal,30,,False,False,CQZNGMVS_s030,
CQZNGMVS,552.0,out,2518.0,2521.0,552,out,2518,2521,equal,True,Equal,30,,False,False,CQZNGMVS_s030,
CQZNGMVS,553.0,of,2522.0,2524.0,553,of,2522,2524,equal,True,Equal,30,,False,False,CQZNGMVS_s030,
CQZNGMVS,554.0,my,2525.0,2527.0,554,my,2525,2527,equal,True,Equal,30,,False,False,CQZNGMVS_s030,
CQZNGMVS,555.0,chair,2528.0,2533.0,555,chair,2528,2533,equal,True,Equal,30,,False,False,CQZNGMVS_s030,
CQZNGMVS,556.0,",",2533.0,2534.0,556,",",2533,2534,equal,True,Equal,30,,False,False,CQZNGMVS_s030,
CQZNGMVS,557.0,carrying,2535.0,2543.0,557,carrying,2535,2543,equal,True,Equal,30,,False,False,CQZNGMVS_s030,
CQZNGMVS,558.0,my,2544.0,2546.0,558,my,2544,2546,equal,True,Equal,30,,False,False,CQZNGMVS_s030,
CQZNGMVS,559.0,pocket,2547.0,2553.0,559,pocket,2547,2553,equal,True,Equal,30,,False,False,CQZNGMVS_s030,
CQZNGMVS,560.0,knife,2554.0,2559.0,560,knife,2554,2559,equal,True,Equal,30,,False,False,CQZNGMVS_s030,
CQZNGMVS,561.0,with,2560.0,2564.0,561,with,2560,2564,equal,True,Equal,30,,False,False,CQZNGMVS_s030,
CQZNGMVS,562.0,me,2565.0,2567.0,562,me,2565,2567,equal,True,Equal,30,,False,False,CQZNGMVS_s030,
CQZNGMVS,563.0,.,2567.0,2568.0,563,.,2567,2568,equal,True,Equal,30,Sentence Ending,False,False,CQZNGMVS_s030,Correct Ending
CQZNGMVS,564.0,I,2569.0,2570.0,564,I,2569,2570,equal,True,Equal,31,Sentence Beginning,False,False,CQZNGMVS_s031,Correct Beginning
CQZNGMVS,565.0,treaded,2571.0,2578.0,565,treaded,2571,2578,equal,True,Equal,31,,False,False,CQZNGMVS_s031,
CQZNGMVS,566.0,quietly,2579.0,2586.0,566,quietly,2579,2586,equal,True,Equal,31,,False,False,CQZNGMVS_s031,
CQZNGMVS,567.0,towards,2587.0,2594.0,567,towards,2587,2594,equal,True,Equal,31,,False,False,CQZNGMVS_s031,
CQZNGMVS,568.0,the,2595.0,2598.0,568,the,2595,2598,equal,True,Equal,31,,False,False,CQZNGMVS_s031,
CQZNGMVS,569.0,kitchen,2599.0,2606.0,569,kitchen,2599,2606,equal,True,Equal,31,,False,False,CQZNGMVS_s031,
CQZNGMVS,570.0,and,2607.0,2610.0,570,and,2607,2610,equal,True,Equal,31,,False,False,CQZNGMVS_s031,
CQZNGMVS,571.0,found,2611.0,2616.0,571,found,2611,2616,equal,True,Equal,31,,False,False,CQZNGMVS_s031,
CQZNGMVS,572.0,a,2617.0,2618.0,572,a,2617,2618,equal,True,Equal,31,,False,False,CQZNGMVS_s031,
CQZNGMVS,573.0,man,2619.0,2622.0,573,man,2619,2622,equal,True,Equal,31,,False,False,CQZNGMVS_s031,
CQZNGMVS,574.0,tied,2623.0,2627.0,574,tied,2623,2627,equal,True,Equal,31,,False,False,CQZNGMVS_s031,
CQZNGMVS,575.0,up,2628.0,2630.0,575,up,2628,2630,equal,True,Equal,31,,False,False,CQZNGMVS_s031,
CQZNGMVS,576.0,",",2630.0,2631.0,576,",",2630,2631,equal,True,Equal,31,,False,False,CQZNGMVS_s031,
CQZNGMVS,577.0,crouching,2632.0,2641.0,577,crouching,2632,2641,equal,True,Equal,31,,False,False,CQZNGMVS_s031,
CQZNGMVS,578.0,down,2642.0,2646.0,578,down,2642,2646,equal,True,Equal,31,,False,False,CQZNGMVS_s031,
CQZNGMVS,579.0,in,2647.0,2649.0,579,in,2647,2649,equal,True,Equal,31,,False,False,CQZNGMVS_s031,
CQZNGMVS,580.0,the,2650.0,2653.0,580,the,2650,2653,equal,True,Equal,31,,False,False,CQZNGMVS_s031,
CQZNGMVS,581.0,corner,2654.0,2660.0,581,corner,2654,2660,equal,True,Equal,31,,False,False,CQZNGMVS_s031,
CQZNGMVS,582.0,.,2660.0,2661.0,582,.,2660,2661,equal,True,Equal,31,Sentence Ending,False,False,CQZNGMVS_s031,Correct Ending
CQZNGMVS,583.0,I,2662.0,2663.0,583,I,2662,2663,equal,True,Equal,32,Sentence Beginning,False,False,CQZNGMVS_s032,Correct Beginning
CQZNGMVS,584.0,pressed,2664.0,2671.0,584,pressed,2664,2671,equal,True,Equal,32,,False,False,CQZNGMVS_s032,
CQZNGMVS,585.0,my,2672.0,2674.0,585,my,2672,2674,equal,True,Equal,32,,False,False,CQZNGMVS_s032,
CQZNGMVS,586.0,index,2675.0,2680.0,586,index,2675,2680,equal,True,Equal,32,,False,False,CQZNGMVS_s032,
CQZNGMVS,587.0,finger,2681.0,2687.0,587,finger,2681,2687,equal,True,Equal,32,,False,False,CQZNGMVS_s032,
CQZNGMVS,588.0,to,2688.0,2690.0,588,to,2688,2690,equal,True,Equal,32,,False,False,CQZNGMVS_s032,
CQZNGMVS,589.0,my,2691.0,2693.0,589,my,2691,2693,equal,True,Equal,32,,False,False,CQZNGMVS_s032,
CQZNGMVS,590.0,lips,2694.0,2698.0,590,lips,2694,2698,equal,True,Equal,32,,False,False,CQZNGMVS_s032,
CQZNGMVS,591.0,and,2699.0,2702.0,591,and,2699,2702,equal,True,Equal,32,,False,False,CQZNGMVS_s032,
CQZNGMVS,592.0,carefully,2703.0,2712.0,592,carefully,2703,2712,equal,True,Equal,32,,False,False,CQZNGMVS_s032,
CQZNGMVS,593.0,cut,2713.0,2716.0,593,cut,2713,2716,equal,True,Equal,32,,False,False,CQZNGMVS_s032,
CQZNGMVS,594.0,the,2717.0,2720.0,594,the,2717,2720,equal,True,Equal,32,,False,False,CQZNGMVS_s032,
CQZNGMVS,595.0,rope,2721.0,2725.0,595,rope,2721,2725,equal,True,Equal,32,,False,False,CQZNGMVS_s032,
CQZNGMVS,596.0,around,2726.0,2732.0,596,around,2726,2732,equal,True,Equal,32,,False,False,CQZNGMVS_s032,
CQZNGMVS,597.0,his,2733.0,2736.0,597,his,2733,2736,equal,True,Equal,32,,False,False,CQZNGMVS_s032,
CQZNGMVS,598.0,mouth,2737.0,2742.0,598,mouth,2737,2742,equal,True,Equal,32,,False,False,CQZNGMVS_s032,
CQZNGMVS,599.0,.,2742.0,2743.0,599,.,2742,2743,equal,True,Equal,32,Sentence Ending,False,False,CQZNGMVS_s032,Correct Ending
CQZNGMVS,600.0,I,2744.0,2745.0,600,I,2744,2745,equal,True,Equal,33,Sentence Beginning,False,False,CQZNGMVS_s033,Correct Beginning
CQZNGMVS,601.0,told,2746.0,2750.0,601,told,2746,2750,equal,True,Equal,33,,False,False,CQZNGMVS_s033,
CQZNGMVS,602.0,him,2751.0,2754.0,602,him,2751,2754,equal,True,Equal,33,,False,False,CQZNGMVS_s033,
CQZNGMVS,603.0,to,2755.0,2757.0,603,to,2755,2757,equal,True,Equal,33,,False,False,CQZNGMVS_s033,
CQZNGMVS,604.0,go,2758.0,2760.0,604,go,2758,2760,equal,True,Equal,33,,False,False,CQZNGMVS_s033,
CQZNGMVS,605.0,and,2761.0,2764.0,605,and,2761,2764,equal,True,Equal,33,,False,False,CQZNGMVS_s033,
CQZNGMVS,606.0,tell,2765.0,2769.0,606,tell,2765,2769,equal,True,Equal,33,,False,False,CQZNGMVS_s033,
CQZNGMVS,607.0,the,2770.0,2773.0,607,the,2770,2773,equal,True,Equal,33,,False,False,CQZNGMVS_s033,
CQZNGMVS,608.0,pilot,2774.0,2779.0,608,pilot,2774,2779,equal,True,Equal,33,,False,False,CQZNGMVS_s033,
CQZNGMVS,609.0,what,2780.0,2784.0,609,what,2780,2784,equal,True,Equal,33,,False,False,CQZNGMVS_s033,
CQZNGMVS,610.0,was,2785.0,2788.0,610,was,2785,2788,equal,True,Equal,33,,False,False,CQZNGMVS_s033,
CQZNGMVS,611.0,going,2789.0,2794.0,611,going,2789,2794,equal,True,Equal,33,,False,False,CQZNGMVS_s033,
CQZNGMVS,612.0,on,2795.0,2797.0,612,on,2795,2797,equal,True,Equal,33,,False,False,CQZNGMVS_s033,
CQZNGMVS,613.0,",",2797.0,2798.0,613,",",2797,2798,equal,True,Equal,33,,False,False,CQZNGMVS_s033,
CQZNGMVS,614.0,and,2799.0,2802.0,614,and,2799,2802,equal,True,Equal,33,,False,False,CQZNGMVS_s033,
CQZNGMVS,615.0,a,2803.0,2804.0,615,a,2803,2804,equal,True,Equal,33,,False,False,CQZNGMVS_s033,
CQZNGMVS,616.0,few,2805.0,2808.0,616,few,2805,2808,equal,True,Equal,33,,False,False,CQZNGMVS_s033,
CQZNGMVS,617.0,moments,2809.0,2816.0,617,moments,2809,2816,equal,True,Equal,33,,False,False,CQZNGMVS_s033,
CQZNGMVS,618.0,later,2817.0,2822.0,618,later,2817,2822,equal,True,Equal,33,,False,False,CQZNGMVS_s033,
CQZNGMVS,619.0,",",2822.0,2823.0,619,",",2822,2823,equal,True,Equal,33,,False,False,CQZNGMVS_s033,
CQZNGMVS,620.0,the,2824.0,2827.0,620,the,2824,2827,equal,True,Equal,33,,False,False,CQZNGMVS_s033,
CQZNGMVS,621.0,pilot,2828.0,2833.0,621,pilot,2828,2833,equal,True,Equal,33,,False,False,CQZNGMVS_s033,
CQZNGMVS,622.0,came,2834.0,2838.0,622,came,2834,2838,equal,True,Equal,33,,False,False,CQZNGMVS_s033,
CQZNGMVS,623.0,out,2839.0,2842.0,623,out,2839,2842,equal,True,Equal,33,,False,False,CQZNGMVS_s033,
CQZNGMVS,624.0,of,2843.0,2845.0,624,of,2843,2845,equal,True,Equal,33,,False,False,CQZNGMVS_s033,
CQZNGMVS,625.0,the,2846.0,2849.0,625,the,2846,2849,equal,True,Equal,33,,False,False,CQZNGMVS_s033,
CQZNGMVS,626.0,cockpit,2850.0,2857.0,626,cockpit,2850,2857,equal,True,Equal,33,,False,False,CQZNGMVS_s033,
CQZNGMVS,627.0,.,2857.0,2858.0,627,.,2857,2858,equal,True,Equal,33,Sentence Ending,False,False,CQZNGMVS_s033,Correct Ending
CQZNGMVS,628.0,He,2859.0,2861.0,628,He,2859,2861,equal,True,Equal,34,Sentence Beginning,False,False,CQZNGMVS_s034,Correct Beginning
CQZNGMVS,629.0,made,2862.0,2866.0,629,made,2862,2866,equal,True,Equal,34,,False,False,CQZNGMVS_s034,
CQZNGMVS,630.0,an,2867.0,2869.0,630,an,2867,2869,equal,True,Equal,34,,False,False,CQZNGMVS_s034,
CQZNGMVS,631.0,announcement,2870.0,2882.0,631,announcement,2870,2882,equal,True,Equal,34,,False,False,CQZNGMVS_s034,
CQZNGMVS,632.0,saying,2883.0,2889.0,632,saying,2883,2889,equal,True,Equal,34,,False,False,CQZNGMVS_s034,
CQZNGMVS,633.0,that,2890.0,2894.0,633,that,2890,2894,equal,True,Equal,34,,False,False,CQZNGMVS_s034,
CQZNGMVS,634.0,the,2895.0,2898.0,634,the,2895,2898,equal,True,Equal,34,,False,False,CQZNGMVS_s034,
CQZNGMVS,635.0,plane,2899.0,2904.0,635,plane,2899,2904,equal,True,Equal,34,,False,False,CQZNGMVS_s034,
CQZNGMVS,636.0,would,2905.0,2910.0,636,would,2905,2910,equal,True,Equal,34,,False,False,CQZNGMVS_s034,
CQZNGMVS,637.0,be,2911.0,2913.0,637,be,2911,2913,equal,True,Equal,34,,False,False,CQZNGMVS_s034,
CQZNGMVS,638.0,landing,2914.0,2921.0,638,landing,2914,2921,equal,True,Equal,34,,False,False,CQZNGMVS_s034,
CQZNGMVS,639.0,at,2922.0,2924.0,639,at,2922,2924,equal,True,Equal,34,,False,False,CQZNGMVS_s034,
CQZNGMVS,640.0,the,2925.0,2928.0,640,the,2925,2928,equal,True,Equal,34,,False,False,CQZNGMVS_s034,
CQZNGMVS,641.0,nearest,2929.0,2936.0,641,nearest,2929,2936,equal,True,Equal,34,,False,False,CQZNGMVS_s034,
CQZNGMVS,642.0,stop,2937.0,2941.0,642,stop,2937,2941,equal,True,Equal,34,,False,False,CQZNGMVS_s034,
CQZNGMVS,643.0,because,2942.0,2949.0,643,because,2942,2949,equal,True,Equal,34,,False,False,CQZNGMVS_s034,
CQZNGMVS,644.0,they,2950.0,2954.0,644,they,2950,2954,equal,True,Equal,34,,False,False,CQZNGMVS_s034,
CQZNGMVS,645.0,needed,2955.0,2961.0,645,needed,2955,2961,equal,True,Equal,34,,False,False,CQZNGMVS_s034,
CQZNGMVS,646.0,more,2962.0,2966.0,646,more,2962,2966,equal,True,Equal,34,,False,False,CQZNGMVS_s034,
CQZNGMVS,647.0,feul,2967.0,2971.0,647,feul,2967,2971,equal,True,Equal,34,,False,False,CQZNGMVS_s034,
CQZNGMVS,648.0,.,2971.0,2972.0,648,.,2971,2972,equal,True,Equal,34,Sentence Ending,False,False,CQZNGMVS_s034,Correct Ending
CQZNGMVS,649.0,He,2973.0,2975.0,649,He,2973,2975,equal,True,Equal,35,Sentence Beginning,False,False,CQZNGMVS_s035,Correct Beginning
CQZNGMVS,650.0,made,2976.0,2980.0,650,made,2976,2980,equal,True,Equal,35,,False,False,CQZNGMVS_s035,
CQZNGMVS,651.0,his,2981.0,2984.0,651,his,2981,2984,equal,True,Equal,35,,False,False,CQZNGMVS_s035,
CQZNGMVS,652.0,way,2985.0,2988.0,652,way,2985,2988,equal,True,Equal,35,,False,False,CQZNGMVS_s035,
CQZNGMVS,653.0,back,2989.0,2993.0,653,back,2989,2993,equal,True,Equal,35,,False,False,CQZNGMVS_s035,
CQZNGMVS,654.0,into,2994.0,2998.0,654,into,2994,2998,equal,True,Equal,35,,False,False,CQZNGMVS_s035,
CQZNGMVS,655.0,the,2999.0,3002.0,655,the,2999,3002,equal,True,Equal,35,,False,False,CQZNGMVS_s035,
CQZNGMVS,656.0,cockpit,3003.0,3010.0,656,cockpit,3003,3010,equal,True,Equal,35,,False,False,CQZNGMVS_s035,
CQZNGMVS,657.0,and,3011.0,3014.0,657,and,3011,3014,equal,True,Equal,35,,False,False,CQZNGMVS_s035,
CQZNGMVS,658.0,I,3015.0,3016.0,658,I,3015,3016,equal,True,Equal,35,,False,False,CQZNGMVS_s035,
CQZNGMVS,659.0,could,3017.0,3022.0,659,could,3017,3022,equal,True,Equal,35,,False,False,CQZNGMVS_s035,
CQZNGMVS,660.0,hear,3023.0,3027.0,660,hear,3023,3027,equal,True,Equal,35,,False,False,CQZNGMVS_s035,
CQZNGMVS,661.0,him,3028.0,3031.0,661,him,3028,3031,equal,True,Equal,35,,False,False,CQZNGMVS_s035,
CQZNGMVS,662.0,talking,3032.0,3039.0,662,talking,3032,3039,equal,True,Equal,35,,False,False,CQZNGMVS_s035,
CQZNGMVS,663.0,to,3040.0,3042.0,663,to,3040,3042,equal,True,Equal,35,,False,False,CQZNGMVS_s035,
CQZNGMVS,664.0,the,3043.0,3046.0,664,the,3043,3046,equal,True,Equal,35,,False,False,CQZNGMVS_s035,
CQZNGMVS,665.0,assistant,3047.0,3056.0,665,assistant,3047,3056,equal,True,Equal,35,,False,False,CQZNGMVS_s035,
CQZNGMVS,666.0,pilot,3057.0,3062.0,666,pilot,3057,3062,equal,True,Equal,35,,False,False,CQZNGMVS_s035,
CQZNGMVS,667.0,.,3062.0,3063.0,667,.,3062,3063,equal,True,Equal,35,Sentence Ending,False,False,CQZNGMVS_s035,Correct Ending
CQZNGMVS,668.0,I,3064.0,3065.0,668,I,3064,3065,equal,True,Equal,36,Sentence Beginning,False,False,CQZNGMVS_s036,Correct Beginning
CQZNGMVS,669.0,could,3066.0,3071.0,669,could,3066,3071,equal,True,Equal,36,,False,False,CQZNGMVS_s036,
CQZNGMVS,670.0,tell,3072.0,3076.0,670,tell,3072,3076,equal,True,Equal,36,,False,False,CQZNGMVS_s036,
CQZNGMVS,671.0,they,3077.0,3081.0,671,they,3077,3081,equal,True,Equal,36,,False,False,CQZNGMVS_s036,
CQZNGMVS,672.0,were,3082.0,3086.0,672,were,3082,3086,equal,True,Equal,36,,False,False,CQZNGMVS_s036,
CQZNGMVS,673.0,both,3087.0,3091.0,673,both,3087,3091,equal,True,Equal,36,,False,False,CQZNGMVS_s036,
CQZNGMVS,674.0,scared,3092.0,3098.0,674,scared,3092,3098,equal,True,Equal,36,,False,False,CQZNGMVS_s036,
CQZNGMVS,675.0,and,3099.0,3102.0,675,and,3099,3102,equal,True,Equal,36,,False,False,CQZNGMVS_s036,
CQZNGMVS,676.0,worried,3103.0,3110.0,676,worried,3103,3110,equal,True,Equal,36,,False,False,CQZNGMVS_s036,
CQZNGMVS,677.0,but,3111.0,3114.0,677,but,3111,3114,equal,True,Equal,36,,False,False,CQZNGMVS_s036,
CQZNGMVS,678.0,they,3115.0,3119.0,678,they,3115,3119,equal,True,Equal,36,,False,False,CQZNGMVS_s036,
CQZNGMVS,679.0,knew,3120.0,3124.0,679,knew,3120,3124,equal,True,Equal,36,,False,False,CQZNGMVS_s036,
CQZNGMVS,680.0,they,3125.0,3129.0,680,they,3125,3129,equal,True,Equal,36,,False,False,CQZNGMVS_s036,
CQZNGMVS,681.0,had,3130.0,3133.0,681,had,3130,3133,equal,True,Equal,36,,False,False,CQZNGMVS_s036,
CQZNGMVS,682.0,to,3134.0,3136.0,682,to,3134,3136,equal,True,Equal,36,,False,False,CQZNGMVS_s036,
CQZNGMVS,683.0,put,3137.0,3140.0,683,put,3137,3140,equal,True,Equal,36,,False,False,CQZNGMVS_s036,
CQZNGMVS,684.0,on,3141.0,3143.0,684,on,3141,3143,equal,True,Equal,36,,False,False,CQZNGMVS_s036,
CQZNGMVS,685.0,a,3144.0,3145.0,685,a,3144,3145,equal,True,Equal,36,,False,False,CQZNGMVS_s036,
CQZNGMVS,686.0,brave,3146.0,3151.0,686,brave,3146,3151,equal,True,Equal,36,,False,False,CQZNGMVS_s036,
CQZNGMVS,687.0,face,3152.0,3156.0,687,face,3152,3156,equal,True,Equal,36,,False,False,CQZNGMVS_s036,
CQZNGMVS,688.0,.,3156.0,3157.0,688,.,3156,3157,equal,True,Equal,36,Sentence Ending,False,False,CQZNGMVS_s036,Correct Ending
CQZNGMVS,689.0,Three,3158.0,3163.0,689,Three,3158,3163,equal,True,Equal,37,Sentence Beginning,False,False,CQZNGMVS_s037,Correct Beginning
CQZNGMVS,690.0,more,3164.0,3168.0,690,more,3164,3168,equal,True,Equal,37,,False,False,CQZNGMVS_s037,
CQZNGMVS,691.0,gunshots,3169.0,3177.0,691,gunshots,3169,3177,equal,True,Equal,37,,False,False,CQZNGMVS_s037,
CQZNGMVS,692.0,fired,3178.0,3183.0,692,fired,3178,3183,equal,True,Equal,37,,False,False,CQZNGMVS_s037,
CQZNGMVS,693.0,before,3184.0,3190.0,693,before,3184,3190,equal,True,Equal,37,,False,False,CQZNGMVS_s037,
CQZNGMVS,694.0,the,3191.0,3194.0,694,the,3191,3194,equal,True,Equal,37,,False,False,CQZNGMVS_s037,
CQZNGMVS,695.0,plane,3195.0,3200.0,695,plane,3195,3200,equal,True,Equal,37,,False,False,CQZNGMVS_s037,
CQZNGMVS,696.0,had,3201.0,3204.0,696,had,3201,3204,equal,True,Equal,37,,False,False,CQZNGMVS_s037,
CQZNGMVS,697.0,touched,3205.0,3212.0,697,touched,3205,3212,equal,True,Equal,37,,False,False,CQZNGMVS_s037,
CQZNGMVS,698.0,down,3213.0,3217.0,698,down,3213,3217,equal,True,Equal,37,,False,False,CQZNGMVS_s037,
CQZNGMVS,699.0,in,3218.0,3220.0,699,in,3218,3220,equal,True,Equal,37,,False,False,CQZNGMVS_s037,
CQZNGMVS,700.0,New,3221.0,3224.0,700,New,3221,3224,equal,True,Equal,37,,False,False,CQZNGMVS_s037,
CQZNGMVS,701.0,South,3225.0,3230.0,701,South,3225,3230,equal,True,Equal,37,,False,False,CQZNGMVS_s037,
CQZNGMVS,702.0,Wales,3231.0,3236.0,702,Wales,3231,3236,equal,True,Equal,37,,False,False,CQZNGMVS_s037,
CQZNGMVS,703.0,.,3236.0,3237.0,703,.,3236,3237,equal,True,Equal,37,Sentence Ending,False,False,CQZNGMVS_s037,Correct Ending
CQZNGMVS,704.0,Police,3238.0,3244.0,704,Police,3238,3244,equal,True,Equal,38,Sentence Beginning,False,False,CQZNGMVS_s038,Correct Beginning
CQZNGMVS,705.0,dressed,3245.0,3252.0,705,dressed,3245,3252,equal,True,Equal,38,,False,False,CQZNGMVS_s038,
CQZNGMVS,706.0,in,3253.0,3255.0,706,in,3253,3255,equal,True,Equal,38,,False,False,CQZNGMVS_s038,
CQZNGMVS,707.0,protective,3256.0,3266.0,707,protective,3256,3266,equal,True,Equal,38,,False,False,CQZNGMVS_s038,
CQZNGMVS,708.0,gear,3267.0,3271.0,708,gear,3267,3271,equal,True,Equal,38,,False,False,CQZNGMVS_s038,
CQZNGMVS,709.0,carrying,3272.0,3280.0,709,carrying,3272,3280,equal,True,Equal,38,,False,False,CQZNGMVS_s038,
CQZNGMVS,710.0,their,3281.0,3286.0,710,their,3281,3286,equal,True,Equal,38,,False,False,CQZNGMVS_s038,
CQZNGMVS,711.0,sheilds,3287.0,3294.0,711,sheilds,3287,3294,equal,True,Equal,38,,False,False,CQZNGMVS_s038,
CQZNGMVS,712.0,",",3294.0,3295.0,712,",",3294,3295,equal,True,Equal,38,,False,False,CQZNGMVS_s038,
CQZNGMVS,713.0,negotiators,3296.0,3307.0,713,negotiators,3296,3307,equal,True,Equal,38,,False,False,CQZNGMVS_s038,
CQZNGMVS,714.0,and,3308.0,3311.0,714,and,3308,3311,equal,True,Equal,38,,False,False,CQZNGMVS_s038,
CQZNGMVS,715.0,the,3312.0,3315.0,715,the,3312,3315,equal,True,Equal,38,,False,False,CQZNGMVS_s038,
CQZNGMVS,716.0,control,3316.0,3323.0,716,control,3316,3323,equal,True,Equal,38,,False,False,CQZNGMVS_s038,
CQZNGMVS,717.0,tower,3324.0,3329.0,717,tower,3324,3329,equal,True,Equal,38,,False,False,CQZNGMVS_s038,
CQZNGMVS,718.0,came,3330.0,3334.0,718,came,3330,3334,equal,True,Equal,38,,False,False,CQZNGMVS_s038,
CQZNGMVS,719.0,rushing,3335.0,3342.0,719,rushing,3335,3342,equal,True,Equal,38,,False,False,CQZNGMVS_s038,
CQZNGMVS,720.0,out,3343.0,3346.0,720,out,3343,3346,equal,True,Equal,38,,False,False,CQZNGMVS_s038,
CQZNGMVS,721.0,.,3346.0,3347.0,721,.,3346,3347,equal,True,Equal,38,Sentence Ending,False,False,CQZNGMVS_s038,Correct Ending
CQZNGMVS,722.0,The,3348.0,3351.0,722,The,3348,3351,equal,True,Equal,39,Sentence Beginning,False,False,CQZNGMVS_s039,Correct Beginning
CQZNGMVS,723.0,pilot,3352.0,3357.0,723,pilot,3352,3357,equal,True,Equal,39,,False,False,CQZNGMVS_s039,
CQZNGMVS,724.0,said,3358.0,3362.0,724,said,3358,3362,equal,True,Equal,39,,False,False,CQZNGMVS_s039,
CQZNGMVS,725.0,that,3363.0,3367.0,725,that,3363,3367,equal,True,Equal,39,,False,False,CQZNGMVS_s039,
CQZNGMVS,726.0,the,3368.0,3371.0,726,the,3368,3371,equal,True,Equal,39,,False,False,CQZNGMVS_s039,
CQZNGMVS,727.0,next,3372.0,3376.0,727,next,3372,3376,equal,True,Equal,39,,False,False,CQZNGMVS_s039,
CQZNGMVS,728.0,plane,3377.0,3382.0,728,plane,3377,3382,equal,True,Equal,39,,False,False,CQZNGMVS_s039,
CQZNGMVS,729.0,ride,3383.0,3387.0,729,ride,3383,3387,equal,True,Equal,39,,False,False,CQZNGMVS_s039,
CQZNGMVS,730.0,would,3388.0,3393.0,730,would,3388,3393,equal,True,Equal,39,,False,False,CQZNGMVS_s039,
CQZNGMVS,731.0,be,3394.0,3396.0,731,be,3394,3396,equal,True,Equal,39,,False,False,CQZNGMVS_s039,
CQZNGMVS,732.0,in,3397.0,3399.0,732,in,3397,3399,equal,True,Equal,39,,False,False,CQZNGMVS_s039,
CQZNGMVS,733.0,two,3400.0,3403.0,733,two,3400,3403,equal,True,Equal,39,,False,False,CQZNGMVS_s039,
CQZNGMVS,734.0,hours,3404.0,3409.0,734,hours,3404,3409,equal,True,Equal,39,,False,False,CQZNGMVS_s039,
CQZNGMVS,735.0,so,3410.0,3412.0,735,so,3410,3412,equal,True,Equal,39,,False,False,CQZNGMVS_s039,
CQZNGMVS,736.0,everyone,3413.0,3421.0,736,everyone,3413,3421,equal,True,Equal,39,,False,False,CQZNGMVS_s039,
CQZNGMVS,737.0,could,3422.0,3427.0,737,could,3422,3427,equal,True,Equal,39,,False,False,CQZNGMVS_s039,
CQZNGMVS,738.0,get,3428.0,3431.0,738,get,3428,3431,equal,True,Equal,39,,False,False,CQZNGMVS_s039,
CQZNGMVS,739.0,off,3432.0,3435.0,739,off,3432,3435,equal,True,Equal,39,,False,False,CQZNGMVS_s039,
CQZNGMVS,740.0,the,3436.0,3439.0,740,the,3436,3439,equal,True,Equal,39,,False,False,CQZNGMVS_s039,
CQZNGMVS,741.0,plane,3440.0,3445.0,741,plane,3440,3445,equal,True,Equal,39,,False,False,CQZNGMVS_s039,
CQZNGMVS,742.0,.,3445.0,3446.0,742,.,3445,3446,equal,True,Equal,39,Sentence Ending,False,False,CQZNGMVS_s039,Correct Ending
CQZNGMVS,743.0,Murmurs,3447.0,3454.0,743,Murmurs,3447,3454,equal,True,Equal,40,Sentence Beginning,False,False,CQZNGMVS_s040,Correct Beginning
CQZNGMVS,744.0,went,3455.0,3459.0,744,went,3455,3459,equal,True,Equal,40,,False,False,CQZNGMVS_s040,
CQZNGMVS,745.0,around,3460.0,3466.0,745,around,3460,3466,equal,True,Equal,40,,False,False,CQZNGMVS_s040,
CQZNGMVS,746.0,the,3467.0,3470.0,746,the,3467,3470,equal,True,Equal,40,,False,False,CQZNGMVS_s040,
CQZNGMVS,747.0,aircraft,3471.0,3479.0,747,aircraft,3471,3479,equal,True,Equal,40,,False,False,CQZNGMVS_s040,
CQZNGMVS,748.0,and,3480.0,3483.0,748,and,3480,3483,equal,True,Equal,40,,False,False,CQZNGMVS_s040,
CQZNGMVS,749.0,as,3484.0,3486.0,749,as,3484,3486,equal,True,Equal,40,,False,False,CQZNGMVS_s040,
CQZNGMVS,750.0,soon,3487.0,3491.0,750,soon,3487,3491,equal,True,Equal,40,,False,False,CQZNGMVS_s040,
CQZNGMVS,751.0,the,3492.0,3495.0,751,the,3492,3495,equal,True,Equal,40,,False,False,CQZNGMVS_s040,
CQZNGMVS,752.0,first,3496.0,3501.0,752,first,3496,3501,equal,True,Equal,40,,False,False,CQZNGMVS_s040,
CQZNGMVS,753.0,person,3502.0,3508.0,753,person,3502,3508,equal,True,Equal,40,,False,False,CQZNGMVS_s040,
CQZNGMVS,754.0,stepped,3509.0,3516.0,754,stepped,3509,3516,equal,True,Equal,40,,False,False,CQZNGMVS_s040,
CQZNGMVS,755.0,out,3517.0,3520.0,755,out,3517,3520,equal,True,Equal,40,,False,False,CQZNGMVS_s040,
CQZNGMVS,756.0,of,3521.0,3523.0,756,of,3521,3523,equal,True,Equal,40,,False,False,CQZNGMVS_s040,
CQZNGMVS,757.0,the,3524.0,3527.0,757,the,3524,3527,equal,True,Equal,40,,False,False,CQZNGMVS_s040,
CQZNGMVS,758.0,plane,3528.0,3533.0,758,plane,3528,3533,equal,True,Equal,40,,False,False,CQZNGMVS_s040,
CQZNGMVS,759.0,",",3533.0,3534.0,759,",",3533,3534,equal,True,Equal,40,,False,False,CQZNGMVS_s040,
CQZNGMVS,760.0,his,3535.0,3538.0,760,his,3535,3538,equal,True,Equal,40,,False,False,CQZNGMVS_s040,
CQZNGMVS,761.0,knee,3539.0,3543.0,761,knee,3539,3543,equal,True,Equal,40,,False,False,CQZNGMVS_s040,
CQZNGMVS,762.0,buckled,3544.0,3551.0,762,buckled,3544,3551,equal,True,Equal,40,,False,False,CQZNGMVS_s040,
CQZNGMVS,763.0,and,3552.0,3555.0,763,and,3552,3555,equal,True,Equal,40,,False,False,CQZNGMVS_s040,
CQZNGMVS,764.0,he,3556.0,3558.0,764,he,3556,3558,equal,True,Equal,40,,False,False,CQZNGMVS_s040,
CQZNGMVS,765.0,fell,3559.0,3563.0,765,fell,3559,3563,equal,True,Equal,40,,False,False,CQZNGMVS_s040,
CQZNGMVS,766.0,straight,3564.0,3572.0,766,straight,3564,3572,equal,True,Equal,40,,False,False,CQZNGMVS_s040,
CQZNGMVS,767.0,down,3573.0,3577.0,767,down,3573,3577,equal,True,Equal,40,,False,False,CQZNGMVS_s040,
CQZNGMVS,768.0,the,3578.0,3581.0,768,the,3578,3581,equal,True,Equal,40,,False,False,CQZNGMVS_s040,
CQZNGMVS,769.0,stairs,3582.0,3588.0,769,stairs,3582,3588,equal,True,Equal,40,,False,False,CQZNGMVS_s040,
CQZNGMVS,770.0,.,3588.0,3589.0,770,.,3588,3589,equal,True,Equal,40,Sentence Ending,False,False,CQZNGMVS_s040,Correct Ending
CQZNGMVS,771.0,There,3590.0,3595.0,771,There,3590,3595,equal,True,Equal,41,Sentence Beginning,False,False,CQZNGMVS_s041,Correct Beginning
CQZNGMVS,772.0,was,3596.0,3599.0,772,was,3596,3599,equal,True,Equal,41,,False,False,CQZNGMVS_s041,
CQZNGMVS,773.0,blood,3600.0,3605.0,773,blood,3600,3605,equal,True,Equal,41,,False,False,CQZNGMVS_s041,
CQZNGMVS,774.0,pouring,3606.0,3613.0,774,pouring,3606,3613,equal,True,Equal,41,,False,False,CQZNGMVS_s041,
CQZNGMVS,775.0,out,3614.0,3617.0,775,out,3614,3617,equal,True,Equal,41,,False,False,CQZNGMVS_s041,
CQZNGMVS,776.0,of,3618.0,3620.0,776,of,3618,3620,equal,True,Equal,41,,False,False,CQZNGMVS_s041,
CQZNGMVS,777.0,his,3621.0,3624.0,777,his,3621,3624,equal,True,Equal,41,,False,False,CQZNGMVS_s041,
CQZNGMVS,778.0,chest,3625.0,3630.0,778,chest,3625,3630,equal,True,Equal,41,,False,False,CQZNGMVS_s041,
CQZNGMVS,779.0,and,3631.0,3634.0,779,and,3631,3634,equal,True,Equal,41,,False,False,CQZNGMVS_s041,
CQZNGMVS,780.0,head,3635.0,3639.0,780,head,3635,3639,equal,True,Equal,41,,False,False,CQZNGMVS_s041,
CQZNGMVS,781.0,.,3639.0,3640.0,781,.,3639,3640,equal,True,Equal,41,Sentence Ending,False,False,CQZNGMVS_s041,Correct Ending
CQZNGMVS,782.0,I,3641.0,3642.0,782,I,3641,3642,equal,True,Equal,42,Sentence Beginning,False,False,CQZNGMVS_s042,Correct Beginning
CQZNGMVS,783.0,now,3643.0,3646.0,783,now,3643,3646,equal,True,Equal,42,,False,False,CQZNGMVS_s042,
CQZNGMVS,784.0,realized,3647.0,3655.0,784,realized,3647,3655,equal,True,Equal,42,,False,False,CQZNGMVS_s042,
CQZNGMVS,785.0,that,3656.0,3660.0,785,that,3656,3660,equal,True,Equal,42,,False,False,CQZNGMVS_s042,
CQZNGMVS,786.0,this,3661.0,3665.0,786,this,3661,3665,equal,True,Equal,42,,False,False,CQZNGMVS_s042,
CQZNGMVS,787.0,would,3666.0,3671.0,787,would,3666,3671,equal,True,Equal,42,,False,False,CQZNGMVS_s042,
CQZNGMVS,788.0,be,3672.0,3674.0,788,be,3672,3674,equal,True,Equal,42,,False,False,CQZNGMVS_s042,
CQZNGMVS,789.0,harder,3675.0,3681.0,789,harder,3675,3681,equal,True,Equal,42,,False,False,CQZNGMVS_s042,
CQZNGMVS,790.0,than,3682.0,3686.0,790,than,3682,3686,equal,True,Equal,42,,False,False,CQZNGMVS_s042,
CQZNGMVS,791.0,I,3687.0,3688.0,791,I,3687,3688,equal,True,Equal,42,,False,False,CQZNGMVS_s042,
CQZNGMVS,792.0,thought,3689.0,3696.0,792,thought,3689,3696,equal,True,Equal,42,,False,False,CQZNGMVS_s042,
CQZNGMVS,793.0,.,3696.0,3697.0,793,.,3696,3697,equal,True,Equal,42,Sentence Ending,False,False,CQZNGMVS_s042,Correct Ending
CQZNGMVS,794.0,.,3697.0,3698.0,794,.,3697,3698,equal,True,Equal,43,Sentence Ending,False,False,CQZNGMVS_s043,Correct Ending
CQZNGMVS,795.0,.,3698.0,3699.0,795,.,3698,3699,equal,True,Equal,44,Sentence Ending,False,False,CQZNGMVS_s044,Correct Ending
CTBTJBVW,0.0,splash,0.0,6.0,0,Splash,0,6,equal,False,Equal,0,Sentence Beginning,False,False,CTBTJBVW_s000,Incorrect Beginning
CTBTJBVW,1.0,there,7.0,12.0,1,there,7,12,equal,True,Equal,0,,False,False,CTBTJBVW_s000,
CTBTJBVW,2.0,was,13.0,16.0,2,was,13,16,equal,True,Equal,0,,False,False,CTBTJBVW_s000,
CTBTJBVW,3.0,a,17.0,18.0,3,a,17,18,equal,True,Equal,0,,False,False,CTBTJBVW_s000,
CTBTJBVW,4.0,person,19.0,25.0,4,person,19,25,equal,True,Equal,0,,False,False,CTBTJBVW_s000,
CTBTJBVW,,,,,5,.,25,26,insert,False,PunctuationInsertion,0,Sentence Ending,False,False,CTBTJBVW_s000,Incorrect Ending
CVJMQWMZ,0.0,The,0.0,3.0,0,The,0,3,equal,True,Equal,0,Sentence Beginning,False,False,CVJMQWMZ_s000,Correct Beginning
CVJMQWMZ,1.0,walls,4.0,9.0,1,walls,4,9,equal,True,Equal,0,,False,False,CVJMQWMZ_s000,
CVJMQWMZ,2.0,almost,10.0,16.0,2,almost,10,16,equal,True,Equal,0,,False,False,CVJMQWMZ_s000,
CVJMQWMZ,3.0,seemed,17.0,23.0,3,seemed,17,23,equal,True,Equal,0,,False,False,CVJMQWMZ_s000,
CVJMQWMZ,4.0,to,24.0,26.0,4,to,24,26,equal,True,Equal,0,,False,False,CVJMQWMZ_s000,
CVJMQWMZ,5.0,enclose,27.0,34.0,5,enclose,27,34,equal,True,Equal,0,,False,False,CVJMQWMZ_s000,
CVJMQWMZ,6.0,on,35.0,37.0,6,on,35,37,equal,True,Equal,0,,False,False,CVJMQWMZ_s000,
CVJMQWMZ,7.0,him,38.0,41.0,7,him,38,41,equal,True,Equal,0,,False,False,CVJMQWMZ_s000,
CVJMQWMZ,8.0,the,42.0,45.0,8,the,42,45,equal,True,Equal,0,,False,False,CVJMQWMZ_s000,
CVJMQWMZ,9.0,further,46.0,53.0,9,further,46,53,equal,True,Equal,0,,False,False,CVJMQWMZ_s000,
CVJMQWMZ,10.0,he,54.0,56.0,10,he,54,56,equal,True,Equal,0,,False,False,CVJMQWMZ_s000,
CVJMQWMZ,11.0,scavenged,57.0,66.0,11,scavenged,57,66,equal,True,Equal,0,,False,False,CVJMQWMZ_s000,
CVJMQWMZ,12.0,through,67.0,74.0,12,through,67,74,equal,True,Equal,0,,False,False,CVJMQWMZ_s000,
CVJMQWMZ,13.0,themountain,75.0,86.0,13,themountain,75,86,equal,True,Equal,0,,False,False,CVJMQWMZ_s000,
CVJMQWMZ,14.0,tunnel,87.0,93.0,14,tunnel,87,93,equal,True,Equal,0,,False,False,CVJMQWMZ_s000,
CVJMQWMZ,15.0,.,93.0,94.0,15,.,93,94,equal,True,Equal,0,Sentence Ending,False,False,CVJMQWMZ_s000,Correct Ending
CVJMQWMZ,16.0,Each,95.0,99.0,16,Each,95,99,equal,True,Equal,1,Sentence Beginning,False,False,CVJMQWMZ_s001,Correct Beginning
CVJMQWMZ,17.0,step,100.0,104.0,17,step,100,104,equal,True,Equal,1,,False,False,CVJMQWMZ_s001,
CVJMQWMZ,18.0,he,105.0,107.0,18,he,105,107,equal,True,Equal,1,,False,False,CVJMQWMZ_s001,
CVJMQWMZ,19.0,took,108.0,112.0,19,took,108,112,equal,True,Equal,1,,False,False,CVJMQWMZ_s001,
CVJMQWMZ,20.0,felt,113.0,117.0,20,felt,113,117,equal,True,Equal,1,,False,False,CVJMQWMZ_s001,
CVJMQWMZ,21.0,like,118.0,122.0,21,like,118,122,equal,True,Equal,1,,False,False,CVJMQWMZ_s001,
CVJMQWMZ,22.0,he,123.0,125.0,22,he,123,125,equal,True,Equal,1,,False,False,CVJMQWMZ_s001,
CVJMQWMZ,23.0,was,126.0,129.0,23,was,126,129,equal,True,Equal,1,,False,False,CVJMQWMZ_s001,
CVJMQWMZ,24.0,further,130.0,137.0,24,further,130,137,equal,True,Equal,1,,False,False,CVJMQWMZ_s001,
CVJMQWMZ,25.0,and,138.0,141.0,25,and,138,141,equal,True,Equal,1,,False,False,CVJMQWMZ_s001,
CVJMQWMZ,26.0,further,142.0,149.0,26,further,142,149,equal,True,Equal,1,,False,False,CVJMQWMZ_s001,
CVJMQWMZ,27.0,away,150.0,154.0,27,away,150,154,equal,True,Equal,1,,False,False,CVJMQWMZ_s001,
CVJMQWMZ,28.0,from,155.0,159.0,28,from,155,159,equal,True,Equal,1,,False,False,CVJMQWMZ_s001,
CVJMQWMZ,29.0,what,160.0,164.0,29,what,160,164,equal,True,Equal,1,,False,False,CVJMQWMZ_s001,
CVJMQWMZ,30.0,he,165.0,167.0,30,he,165,167,equal,True,Equal,1,,False,False,CVJMQWMZ_s001,
CVJMQWMZ,31.0,wanted,168.0,174.0,31,wanted,168,174,equal,True,Equal,1,,False,False,CVJMQWMZ_s001,
CVJMQWMZ,32.0,.,174.0,175.0,32,.,174,175,equal,True,Equal,1,Sentence Ending,False,False,CVJMQWMZ_s001,Correct Ending
CVJMQWMZ,33.0,He,176.0,178.0,33,He,176,178,equal,True,Equal,2,Sentence Beginning,False,False,CVJMQWMZ_s002,Correct Beginning
CVJMQWMZ,34.0,had,179.0,182.0,34,had,179,182,equal,True,Equal,2,,False,False,CVJMQWMZ_s002,
CVJMQWMZ,35.0,2,183.0,184.0,35,2,183,184,equal,True,Equal,2,,False,False,CVJMQWMZ_s002,
CVJMQWMZ,36.0,choices,185.0,192.0,36,choices,185,192,equal,True,Equal,2,,False,False,CVJMQWMZ_s002,
CVJMQWMZ,37.0,",",192.0,193.0,37,",",192,193,equal,True,Equal,2,,False,False,CVJMQWMZ_s002,
CVJMQWMZ,38.0,to,194.0,196.0,38,to,194,196,equal,True,Equal,2,,False,False,CVJMQWMZ_s002,
CVJMQWMZ,39.0,turn,197.0,201.0,39,turn,197,201,equal,True,Equal,2,,False,False,CVJMQWMZ_s002,
CVJMQWMZ,40.0,back,202.0,206.0,40,back,202,206,equal,True,Equal,2,,False,False,CVJMQWMZ_s002,
CVJMQWMZ,41.0,and,207.0,210.0,41,and,207,210,equal,True,Equal,2,,False,False,CVJMQWMZ_s002,
CVJMQWMZ,42.0,reapproach,211.0,221.0,42,reapproach,211,221,equal,True,Equal,2,,False,False,CVJMQWMZ_s002,
CVJMQWMZ,43.0,the,222.0,225.0,43,the,222,225,equal,True,Equal,2,,False,False,CVJMQWMZ_s002,
CVJMQWMZ,44.0,warmth,226.0,232.0,44,warmth,226,232,equal,True,Equal,2,,False,False,CVJMQWMZ_s002,
CVJMQWMZ,45.0,of,233.0,235.0,45,of,233,235,equal,True,Equal,2,,False,False,CVJMQWMZ_s002,
CVJMQWMZ,46.0,the,236.0,239.0,46,the,236,239,equal,True,Equal,2,,False,False,CVJMQWMZ_s002,
CVJMQWMZ,47.0,noon,240.0,244.0,47,noon,240,244,equal,True,Equal,2,,False,False,CVJMQWMZ_s002,
CVJMQWMZ,48.0,sunlight,245.0,253.0,48,sunlight,245,253,equal,True,Equal,2,,False,False,CVJMQWMZ_s002,
CVJMQWMZ,49.0,or,254.0,256.0,49,or,254,256,equal,True,Equal,2,,False,False,CVJMQWMZ_s002,
CVJMQWMZ,50.0,to,257.0,259.0,50,to,257,259,equal,True,Equal,2,,False,False,CVJMQWMZ_s002,
CVJMQWMZ,51.0,continue,260.0,268.0,51,continue,260,268,equal,True,Equal,2,,False,False,CVJMQWMZ_s002,
CVJMQWMZ,52.0,forward,269.0,276.0,52,forward,269,276,equal,True,Equal,2,,False,False,CVJMQWMZ_s002,
CVJMQWMZ,53.0,into,277.0,281.0,53,into,277,281,equal,True,Equal,2,,False,False,CVJMQWMZ_s002,
CVJMQWMZ,54.0,the,282.0,285.0,54,the,282,285,equal,True,Equal,2,,False,False,CVJMQWMZ_s002,
CVJMQWMZ,55.0,dimly,286.0,291.0,55,dimly,286,291,equal,True,Equal,2,,False,False,CVJMQWMZ_s002,
CVJMQWMZ,56.0,lit,292.0,295.0,56,lit,292,295,equal,True,Equal,2,,False,False,CVJMQWMZ_s002,
CVJMQWMZ,57.0,tunnel,296.0,302.0,57,tunnel,296,302,equal,True,Equal,2,,False,False,CVJMQWMZ_s002,
CVJMQWMZ,58.0,",",302.0,303.0,58,",",302,303,equal,True,Equal,2,,False,False,CVJMQWMZ_s002,
CVJMQWMZ,59.0,into,304.0,308.0,59,into,304,308,equal,True,Equal,2,,False,False,CVJMQWMZ_s002,
CVJMQWMZ,60.0,the,309.0,312.0,60,the,309,312,equal,True,Equal,2,,False,False,CVJMQWMZ_s002,
CVJMQWMZ,61.0,unknown,313.0,320.0,61,unknown,313,320,equal,True,Equal,2,,False,False,CVJMQWMZ_s002,
CVJMQWMZ,62.0,.,320.0,321.0,62,.,320,321,equal,True,Equal,2,Sentence Ending,False,False,CVJMQWMZ_s002,Correct Ending
CVJMQWMZ,63.0,Jack,322.0,326.0,63,Jack,322,326,equal,True,Equal,3,Sentence Beginning,False,False,CVJMQWMZ_s003,Correct Beginning
CVJMQWMZ,64.0,looked,327.0,333.0,64,looked,327,333,equal,True,Equal,3,,False,False,CVJMQWMZ_s003,
CVJMQWMZ,65.0,back,334.0,338.0,65,back,334,338,equal,True,Equal,3,,False,False,CVJMQWMZ_s003,
CVJMQWMZ,66.0,to,339.0,341.0,66,to,339,341,equal,True,Equal,3,,False,False,CVJMQWMZ_s003,
CVJMQWMZ,67.0,his,342.0,345.0,67,his,342,345,equal,True,Equal,3,,False,False,CVJMQWMZ_s003,
CVJMQWMZ,68.0,scrapped,346.0,354.0,68,scrapped,346,354,equal,True,Equal,3,,False,False,CVJMQWMZ_s003,
CVJMQWMZ,69.0,and,355.0,358.0,69,and,355,358,equal,True,Equal,3,,False,False,CVJMQWMZ_s003,
CVJMQWMZ,70.0,stained,359.0,366.0,70,stained,359,366,equal,True,Equal,3,,False,False,CVJMQWMZ_s003,
CVJMQWMZ,71.0,map,367.0,370.0,71,map,367,370,equal,True,Equal,3,,False,False,CVJMQWMZ_s003,
CVJMQWMZ,72.0,as,371.0,373.0,72,as,371,373,equal,True,Equal,3,,False,False,CVJMQWMZ_s003,
CVJMQWMZ,73.0,he,374.0,376.0,73,he,374,376,equal,True,Equal,3,,False,False,CVJMQWMZ_s003,
CVJMQWMZ,74.0,shone,377.0,382.0,74,shone,377,382,equal,True,Equal,3,,False,False,CVJMQWMZ_s003,
CVJMQWMZ,75.0,the,383.0,386.0,75,the,383,386,equal,True,Equal,3,,False,False,CVJMQWMZ_s003,
CVJMQWMZ,76.0,burning,387.0,394.0,76,burning,387,394,equal,True,Equal,3,,False,False,CVJMQWMZ_s003,
CVJMQWMZ,77.0,torch,395.0,400.0,77,torch,395,400,equal,True,Equal,3,,False,False,CVJMQWMZ_s003,
CVJMQWMZ,78.0,against,401.0,408.0,78,against,401,408,equal,True,Equal,3,,False,False,CVJMQWMZ_s003,
CVJMQWMZ,79.0,the,409.0,412.0,79,the,409,412,equal,True,Equal,3,,False,False,CVJMQWMZ_s003,
CVJMQWMZ,80.0,sandstone,413.0,422.0,80,sandstone,413,422,equal,True,Equal,3,,False,False,CVJMQWMZ_s003,
CVJMQWMZ,81.0,walls,423.0,428.0,81,walls,423,428,equal,True,Equal,3,,False,False,CVJMQWMZ_s003,
CVJMQWMZ,82.0,.,428.0,429.0,82,.,428,429,equal,True,Equal,3,Sentence Ending,False,False,CVJMQWMZ_s003,Correct Ending
CVJMQWMZ,83.0,A,430.0,431.0,83,A,430,431,equal,True,Equal,4,Sentence Beginning,False,False,CVJMQWMZ_s004,Correct Beginning
CVJMQWMZ,84.0,pattern,432.0,439.0,84,pattern,432,439,equal,True,Equal,4,,False,False,CVJMQWMZ_s004,
CVJMQWMZ,85.0,",",439.0,440.0,85,",",439,440,equal,True,Equal,4,,False,False,CVJMQWMZ_s004,
CVJMQWMZ,86.0,a,441.0,442.0,86,a,441,442,equal,True,Equal,4,,False,False,CVJMQWMZ_s004,
CVJMQWMZ,87.0,drawing,443.0,450.0,87,drawing,443,450,equal,True,Equal,4,,False,False,CVJMQWMZ_s004,
CVJMQWMZ,88.0,and,451.0,454.0,88,and,451,454,equal,True,Equal,4,,False,False,CVJMQWMZ_s004,
CVJMQWMZ,89.0,a,455.0,456.0,89,a,455,456,equal,True,Equal,4,,False,False,CVJMQWMZ_s004,
CVJMQWMZ,90.0,series,457.0,463.0,90,series,457,463,equal,True,Equal,4,,False,False,CVJMQWMZ_s004,
CVJMQWMZ,91.0,of,464.0,466.0,91,of,464,466,equal,True,Equal,4,,False,False,CVJMQWMZ_s004,
CVJMQWMZ,92.0,ancient,467.0,474.0,92,ancient,467,474,equal,True,Equal,4,,False,False,CVJMQWMZ_s004,
CVJMQWMZ,93.0,writing,475.0,482.0,93,writing,475,482,equal,True,Equal,4,,False,False,CVJMQWMZ_s004,
CVJMQWMZ,94.0,.,482.0,483.0,94,.,482,483,equal,True,Equal,4,Sentence Ending,False,False,CVJMQWMZ_s004,Correct Ending
CVJMQWMZ,95.0,He,484.0,486.0,95,He,484,486,equal,True,Equal,5,Sentence Beginning,False,False,CVJMQWMZ_s005,Correct Beginning
CVJMQWMZ,96.0,glided,487.0,493.0,96,glided,487,493,equal,True,Equal,5,,False,False,CVJMQWMZ_s005,
CVJMQWMZ,97.0,his,494.0,497.0,97,his,494,497,equal,True,Equal,5,,False,False,CVJMQWMZ_s005,
CVJMQWMZ,98.0,torch,498.0,503.0,98,torch,498,503,equal,True,Equal,5,,False,False,CVJMQWMZ_s005,
CVJMQWMZ,99.0,against,504.0,511.0,99,against,504,511,equal,True,Equal,5,,False,False,CVJMQWMZ_s005,
CVJMQWMZ,100.0,the,512.0,515.0,100,the,512,515,equal,True,Equal,5,,False,False,CVJMQWMZ_s005,
CVJMQWMZ,101.0,walls,516.0,521.0,101,walls,516,521,equal,True,Equal,5,,False,False,CVJMQWMZ_s005,
CVJMQWMZ,102.0,as,522.0,524.0,102,as,522,524,equal,True,Equal,5,,False,False,CVJMQWMZ_s005,
CVJMQWMZ,103.0,he,525.0,527.0,103,he,525,527,equal,True,Equal,5,,False,False,CVJMQWMZ_s005,
CVJMQWMZ,104.0,continued,528.0,537.0,104,continued,528,537,equal,True,Equal,5,,False,False,CVJMQWMZ_s005,
CVJMQWMZ,105.0,walking,538.0,545.0,105,walking,538,545,equal,True,Equal,5,,False,False,CVJMQWMZ_s005,
CVJMQWMZ,106.0,through,546.0,553.0,106,through,546,553,equal,True,Equal,5,,False,False,CVJMQWMZ_s005,
CVJMQWMZ,107.0,the,554.0,557.0,107,the,554,557,equal,True,Equal,5,,False,False,CVJMQWMZ_s005,
CVJMQWMZ,108.0,seemingly,558.0,567.0,108,seemingly,558,567,equal,True,Equal,5,,False,False,CVJMQWMZ_s005,
CVJMQWMZ,109.0,endless,568.0,575.0,109,endless,568,575,equal,True,Equal,5,,False,False,CVJMQWMZ_s005,
CVJMQWMZ,110.0,tunnel,576.0,582.0,110,tunnel,576,582,equal,True,Equal,5,,False,False,CVJMQWMZ_s005,
CVJMQWMZ,111.0,",",582.0,583.0,111,",",582,583,equal,True,Equal,5,,False,False,CVJMQWMZ_s005,
CVJMQWMZ,112.0,feeling,584.0,591.0,112,feeling,584,591,equal,True,Equal,5,,False,False,CVJMQWMZ_s005,
CVJMQWMZ,113.0,slightly,592.0,600.0,113,slightly,592,600,equal,True,Equal,5,,False,False,CVJMQWMZ_s005,
CVJMQWMZ,114.0,claustrophobic,601.0,615.0,114,claustrophobic,601,615,equal,True,Equal,5,,False,False,CVJMQWMZ_s005,
CVJMQWMZ,115.0,.,615.0,616.0,115,.,615,616,equal,True,Equal,5,Sentence Ending,False,False,CVJMQWMZ_s005,Correct Ending
CVJMQWMZ,116.0,He,617.0,619.0,116,He,617,619,equal,True,Equal,6,Sentence Beginning,False,False,CVJMQWMZ_s006,Correct Beginning
CVJMQWMZ,117.0,still,620.0,625.0,117,still,620,625,equal,True,Equal,6,,False,False,CVJMQWMZ_s006,
CVJMQWMZ,118.0,had,626.0,629.0,118,had,626,629,equal,True,Equal,6,,False,False,CVJMQWMZ_s006,
CVJMQWMZ,119.0,someone,630.0,637.0,119,someone,630,637,equal,True,Equal,6,,False,False,CVJMQWMZ_s006,
CVJMQWMZ,120.0,waiting,638.0,645.0,120,waiting,638,645,equal,True,Equal,6,,False,False,CVJMQWMZ_s006,
CVJMQWMZ,121.0,for,646.0,649.0,121,for,646,649,equal,True,Equal,6,,False,False,CVJMQWMZ_s006,
CVJMQWMZ,122.0,him,650.0,653.0,122,him,650,653,equal,True,Equal,6,,False,False,CVJMQWMZ_s006,
CVJMQWMZ,123.0,.,653.0,654.0,123,.,653,654,equal,True,Equal,6,Sentence Ending,False,False,CVJMQWMZ_s006,Correct Ending
CVJMQWMZ,124.0,The,655.0,658.0,124,The,655,658,equal,True,Equal,7,Sentence Beginning,False,False,CVJMQWMZ_s007,Correct Beginning
CVJMQWMZ,125.0,thought,659.0,666.0,125,thought,659,666,equal,True,Equal,7,,False,False,CVJMQWMZ_s007,
CVJMQWMZ,126.0,of,667.0,669.0,126,of,667,669,equal,True,Equal,7,,False,False,CVJMQWMZ_s007,
CVJMQWMZ,127.0,this,670.0,674.0,127,this,670,674,equal,True,Equal,7,,False,False,CVJMQWMZ_s007,
CVJMQWMZ,128.0,made,675.0,679.0,128,made,675,679,equal,True,Equal,7,,False,False,CVJMQWMZ_s007,
CVJMQWMZ,129.0,him,680.0,683.0,129,him,680,683,equal,True,Equal,7,,False,False,CVJMQWMZ_s007,
CVJMQWMZ,130.0,pick,684.0,688.0,130,pick,684,688,equal,True,Equal,7,,False,False,CVJMQWMZ_s007,
CVJMQWMZ,131.0,up,689.0,691.0,131,up,689,691,equal,True,Equal,7,,False,False,CVJMQWMZ_s007,
CVJMQWMZ,132.0,his,692.0,695.0,132,his,692,695,equal,True,Equal,7,,False,False,CVJMQWMZ_s007,
CVJMQWMZ,133.0,speed,696.0,701.0,133,speed,696,701,equal,True,Equal,7,,False,False,CVJMQWMZ_s007,
CVJMQWMZ,134.0,a,702.0,703.0,134,a,702,703,equal,True,Equal,7,,False,False,CVJMQWMZ_s007,
CVJMQWMZ,135.0,bit,704.0,707.0,135,bit,704,707,equal,True,Equal,7,,False,False,CVJMQWMZ_s007,
CVJMQWMZ,136.0,.,707.0,708.0,136,.,707,708,equal,True,Equal,7,Sentence Ending,False,False,CVJMQWMZ_s007,Correct Ending
CVJMQWMZ,137.0,The,709.0,712.0,137,The,709,712,equal,True,Equal,8,Sentence Beginning,False,False,CVJMQWMZ_s008,Correct Beginning
CVJMQWMZ,138.0,map,713.0,716.0,138,map,713,716,equal,True,Equal,8,,False,False,CVJMQWMZ_s008,
CVJMQWMZ,139.0,in,717.0,719.0,139,in,717,719,equal,True,Equal,8,,False,False,CVJMQWMZ_s008,
CVJMQWMZ,140.0,his,720.0,723.0,140,his,720,723,equal,True,Equal,8,,False,False,CVJMQWMZ_s008,
CVJMQWMZ,141.0,caloused,724.0,732.0,141,caloused,724,732,equal,True,Equal,8,,False,False,CVJMQWMZ_s008,
CVJMQWMZ,142.0,hands,733.0,738.0,142,hands,733,738,equal,True,Equal,8,,False,False,CVJMQWMZ_s008,
CVJMQWMZ,143.0,had,739.0,742.0,143,had,739,742,equal,True,Equal,8,,False,False,CVJMQWMZ_s008,
CVJMQWMZ,144.0,a,743.0,744.0,144,a,743,744,equal,True,Equal,8,,False,False,CVJMQWMZ_s008,
CVJMQWMZ,145.0,small,745.0,750.0,145,small,745,750,equal,True,Equal,8,,False,False,CVJMQWMZ_s008,
CVJMQWMZ,146.0,line,751.0,755.0,146,line,751,755,equal,True,Equal,8,,False,False,CVJMQWMZ_s008,
CVJMQWMZ,147.0,of,756.0,758.0,147,of,756,758,equal,True,Equal,8,,False,False,CVJMQWMZ_s008,
CVJMQWMZ,148.0,writing,759.0,766.0,148,writing,759,766,equal,True,Equal,8,,False,False,CVJMQWMZ_s008,
CVJMQWMZ,149.0,that,767.0,771.0,149,that,767,771,equal,True,Equal,8,,False,False,CVJMQWMZ_s008,
CVJMQWMZ,150.0,was,772.0,775.0,150,was,772,775,equal,True,Equal,8,,False,False,CVJMQWMZ_s008,
CVJMQWMZ,151.0,easy,776.0,780.0,151,easy,776,780,equal,True,Equal,8,,False,False,CVJMQWMZ_s008,
CVJMQWMZ,152.0,to,781.0,783.0,152,to,781,783,equal,True,Equal,8,,False,False,CVJMQWMZ_s008,
CVJMQWMZ,153.0,miss,784.0,788.0,153,miss,784,788,equal,True,Equal,8,,False,False,CVJMQWMZ_s008,
CVJMQWMZ,154.0,if,789.0,791.0,154,if,789,791,equal,True,Equal,8,,False,False,CVJMQWMZ_s008,
CVJMQWMZ,155.0,you,792.0,795.0,155,you,792,795,equal,True,Equal,8,,False,False,CVJMQWMZ_s008,
CVJMQWMZ,156.0,did,796.0,799.0,156,did,796,799,equal,True,Equal,8,,False,False,CVJMQWMZ_s008,
CVJMQWMZ,157.0,not,800.0,803.0,157,not,800,803,equal,True,Equal,8,,False,False,CVJMQWMZ_s008,
CVJMQWMZ,158.0,pay,804.0,807.0,158,pay,804,807,equal,True,Equal,8,,False,False,CVJMQWMZ_s008,
CVJMQWMZ,159.0,attention,808.0,817.0,159,attention,808,817,equal,True,Equal,8,,False,False,CVJMQWMZ_s008,
CVJMQWMZ,160.0,.,817.0,818.0,160,.,817,818,equal,True,Equal,8,Sentence Ending,False,False,CVJMQWMZ_s008,Correct Ending
CVJMQWMZ,161.0,"""",819.0,820.0,161,"""",819,820,equal,True,Equal,9,,False,False,CVJMQWMZ_s009,
CVJMQWMZ,162.0,The,820.0,823.0,162,The,820,823,equal,True,Equal,9,Sentence Beginning,False,False,CVJMQWMZ_s009,Correct Beginning
CVJMQWMZ,163.0,answer,824.0,830.0,163,answer,824,830,equal,True,Equal,9,,False,False,CVJMQWMZ_s009,
CVJMQWMZ,164.0,",",830.0,831.0,164,",",830,831,equal,True,Equal,9,,False,False,CVJMQWMZ_s009,
CVJMQWMZ,165.0,"""",831.0,832.0,165,"""",831,832,equal,True,Equal,9,,False,False,CVJMQWMZ_s009,
CVJMQWMZ,166.0,read,833.0,837.0,166,read,833,837,equal,True,Equal,9,,False,False,CVJMQWMZ_s009,
CVJMQWMZ,167.0,the,838.0,841.0,167,the,838,841,equal,True,Equal,9,,False,False,CVJMQWMZ_s009,
CVJMQWMZ,168.0,lone,842.0,846.0,168,lone,842,846,equal,True,Equal,9,,False,False,CVJMQWMZ_s009,
CVJMQWMZ,169.0,man,847.0,850.0,169,man,847,850,equal,True,Equal,9,,False,False,CVJMQWMZ_s009,
CVJMQWMZ,170.0,outloud,851.0,858.0,170,outloud,851,858,equal,True,Equal,9,,False,False,CVJMQWMZ_s009,
CVJMQWMZ,171.0,.,858.0,859.0,171,.,858,859,equal,True,Equal,9,Sentence Ending,False,False,CVJMQWMZ_s009,Correct Ending
CVJMQWMZ,172.0,He,860.0,862.0,172,He,860,862,equal,True,Equal,10,Sentence Beginning,False,False,CVJMQWMZ_s010,Correct Beginning
CVJMQWMZ,173.0,had,863.0,866.0,173,had,863,866,equal,True,Equal,10,,False,False,CVJMQWMZ_s010,
CVJMQWMZ,174.0,seen,867.0,871.0,174,seen,867,871,equal,True,Equal,10,,False,False,CVJMQWMZ_s010,
CVJMQWMZ,175.0,and,872.0,875.0,175,and,872,875,equal,True,Equal,10,,False,False,CVJMQWMZ_s010,
CVJMQWMZ,176.0,read,876.0,880.0,176,read,876,880,equal,True,Equal,10,,False,False,CVJMQWMZ_s010,
CVJMQWMZ,177.0,that,881.0,885.0,177,that,881,885,equal,True,Equal,10,,False,False,CVJMQWMZ_s010,
CVJMQWMZ,178.0,same,886.0,890.0,178,same,886,890,equal,True,Equal,10,,False,False,CVJMQWMZ_s010,
CVJMQWMZ,179.0,sentence,891.0,899.0,179,sentence,891,899,equal,True,Equal,10,,False,False,CVJMQWMZ_s010,
CVJMQWMZ,180.0,many,900.0,904.0,180,many,900,904,equal,True,Equal,10,,False,False,CVJMQWMZ_s010,
CVJMQWMZ,181.0,times,905.0,910.0,181,times,905,910,equal,True,Equal,10,,False,False,CVJMQWMZ_s010,
CVJMQWMZ,182.0,before,911.0,917.0,182,before,911,917,equal,True,Equal,10,,False,False,CVJMQWMZ_s010,
CVJMQWMZ,183.0,",",917.0,918.0,183,",",917,918,equal,True,Equal,10,,False,False,CVJMQWMZ_s010,
CVJMQWMZ,184.0,maybe,919.0,924.0,184,maybe,919,924,equal,True,Equal,10,,False,False,CVJMQWMZ_s010,
CVJMQWMZ,185.0,even,925.0,929.0,185,even,925,929,equal,True,Equal,10,,False,False,CVJMQWMZ_s010,
CVJMQWMZ,186.0,hundreds,930.0,938.0,186,hundreds,930,938,equal,True,Equal,10,,False,False,CVJMQWMZ_s010,
CVJMQWMZ,187.0,of,939.0,941.0,187,of,939,941,equal,True,Equal,10,,False,False,CVJMQWMZ_s010,
CVJMQWMZ,188.0,times,942.0,947.0,188,times,942,947,equal,True,Equal,10,,False,False,CVJMQWMZ_s010,
CVJMQWMZ,189.0,.,947.0,948.0,189,.,947,948,equal,True,Equal,10,Sentence Ending,False,False,CVJMQWMZ_s010,Correct Ending
CVJMQWMZ,190.0,It,949.0,951.0,190,It,949,951,equal,True,Equal,11,Sentence Beginning,False,False,CVJMQWMZ_s011,Correct Beginning
CVJMQWMZ,191.0,was,952.0,955.0,191,was,952,955,equal,True,Equal,11,,False,False,CVJMQWMZ_s011,
CVJMQWMZ,192.0,the,956.0,959.0,192,the,956,959,equal,True,Equal,11,,False,False,CVJMQWMZ_s011,
CVJMQWMZ,193.0,only,960.0,964.0,193,only,960,964,equal,True,Equal,11,,False,False,CVJMQWMZ_s011,
CVJMQWMZ,194.0,thing,965.0,970.0,194,thing,965,970,equal,True,Equal,11,,False,False,CVJMQWMZ_s011,
CVJMQWMZ,195.0,that,971.0,975.0,195,that,971,975,equal,True,Equal,11,,False,False,CVJMQWMZ_s011,
CVJMQWMZ,196.0,he,976.0,978.0,196,he,976,978,equal,True,Equal,11,,False,False,CVJMQWMZ_s011,
CVJMQWMZ,197.0,could,979.0,984.0,197,could,979,984,equal,True,Equal,11,,False,False,CVJMQWMZ_s011,
CVJMQWMZ,198.0,think,985.0,990.0,198,think,985,990,equal,True,Equal,11,,False,False,CVJMQWMZ_s011,
CVJMQWMZ,199.0,about,991.0,996.0,199,about,991,996,equal,True,Equal,11,,False,False,CVJMQWMZ_s011,
CVJMQWMZ,200.0,throughout,997.0,1007.0,200,throughout,997,1007,equal,True,Equal,11,,False,False,CVJMQWMZ_s011,
CVJMQWMZ,201.0,the,1008.0,1011.0,201,the,1008,1011,equal,True,Equal,11,,False,False,CVJMQWMZ_s011,
CVJMQWMZ,202.0,entire,1012.0,1018.0,202,entire,1012,1018,equal,True,Equal,11,,False,False,CVJMQWMZ_s011,
CVJMQWMZ,203.0,time,1019.0,1023.0,203,time,1019,1023,equal,True,Equal,11,,False,False,CVJMQWMZ_s011,
CVJMQWMZ,204.0,he,1024.0,1026.0,204,he,1024,1026,equal,True,Equal,11,,False,False,CVJMQWMZ_s011,
CVJMQWMZ,205.0,had,1027.0,1030.0,205,had,1027,1030,equal,True,Equal,11,,False,False,CVJMQWMZ_s011,
CVJMQWMZ,206.0,been,1031.0,1035.0,206,been,1031,1035,equal,True,Equal,11,,False,False,CVJMQWMZ_s011,
CVJMQWMZ,207.0,trying,1036.0,1042.0,207,trying,1036,1042,equal,True,Equal,11,,False,False,CVJMQWMZ_s011,
CVJMQWMZ,208.0,to,1043.0,1045.0,208,to,1043,1045,equal,True,Equal,11,,False,False,CVJMQWMZ_s011,
CVJMQWMZ,209.0,search,1046.0,1052.0,209,search,1046,1052,equal,True,Equal,11,,False,False,CVJMQWMZ_s011,
CVJMQWMZ,210.0,for,1053.0,1056.0,210,for,1053,1056,equal,True,Equal,11,,False,False,CVJMQWMZ_s011,
CVJMQWMZ,211.0,the,1057.0,1060.0,211,the,1057,1060,equal,True,Equal,11,,False,False,CVJMQWMZ_s011,
CVJMQWMZ,212.0,so,1061.0,1063.0,212,so,1061,1063,equal,True,Equal,11,,False,False,CVJMQWMZ_s011,
CVJMQWMZ,213.0,-,1063.0,1064.0,213,-,1063,1064,equal,True,Equal,11,,False,False,CVJMQWMZ_s011,
CVJMQWMZ,214.0,called,1064.0,1070.0,214,called,1064,1070,equal,True,Equal,11,,False,False,CVJMQWMZ_s011,
CVJMQWMZ,215.0,treasure,1071.0,1079.0,215,treasure,1071,1079,equal,True,Equal,11,,False,False,CVJMQWMZ_s011,
CVJMQWMZ,216.0,.,1079.0,1080.0,216,.,1079,1080,equal,True,Equal,11,Sentence Ending,False,False,CVJMQWMZ_s011,Correct Ending
CVJMQWMZ,217.0,He,1081.0,1083.0,217,He,1081,1083,equal,True,Equal,12,Sentence Beginning,False,False,CVJMQWMZ_s012,Correct Beginning
CVJMQWMZ,218.0,continued,1084.0,1093.0,218,continued,1084,1093,equal,True,Equal,12,,False,False,CVJMQWMZ_s012,
CVJMQWMZ,219.0,ahead,1094.0,1099.0,219,ahead,1094,1099,equal,True,Equal,12,,False,False,CVJMQWMZ_s012,
CVJMQWMZ,220.0,until,1100.0,1105.0,220,until,1100,1105,equal,True,Equal,12,,False,False,CVJMQWMZ_s012,
CVJMQWMZ,221.0,he,1106.0,1108.0,221,he,1106,1108,equal,True,Equal,12,,False,False,CVJMQWMZ_s012,
CVJMQWMZ,222.0,accidentally,1109.0,1121.0,222,accidentally,1109,1121,equal,True,Equal,12,,False,False,CVJMQWMZ_s012,
CVJMQWMZ,223.0,kicked,1122.0,1128.0,223,kicked,1122,1128,equal,True,Equal,12,,False,False,CVJMQWMZ_s012,
CVJMQWMZ,224.0,something,1129.0,1138.0,224,something,1129,1138,equal,True,Equal,12,,False,False,CVJMQWMZ_s012,
CVJMQWMZ,225.0,hard,1139.0,1143.0,225,hard,1139,1143,equal,True,Equal,12,,False,False,CVJMQWMZ_s012,
CVJMQWMZ,226.0,a,1144.0,1145.0,226,a,1144,1145,equal,True,Equal,12,,False,False,CVJMQWMZ_s012,
CVJMQWMZ,227.0,brittle,1146.0,1153.0,227,brittle,1146,1153,equal,True,Equal,12,,False,False,CVJMQWMZ_s012,
CVJMQWMZ,228.0,.,1153.0,1154.0,228,.,1153,1154,equal,True,Equal,12,Sentence Ending,False,False,CVJMQWMZ_s012,Correct Ending
CVJMQWMZ,229.0,Jack,1155.0,1159.0,229,Jack,1155,1159,equal,True,Equal,13,Sentence Beginning,False,False,CVJMQWMZ_s013,Correct Beginning
CVJMQWMZ,230.0,immediately,1160.0,1171.0,230,immediately,1160,1171,equal,True,Equal,13,,False,False,CVJMQWMZ_s013,
CVJMQWMZ,231.0,stooped,1172.0,1179.0,231,stooped,1172,1179,equal,True,Equal,13,,False,False,CVJMQWMZ_s013,
CVJMQWMZ,232.0,down,1180.0,1184.0,232,down,1180,1184,equal,True,Equal,13,,False,False,CVJMQWMZ_s013,
CVJMQWMZ,233.0,to,1185.0,1187.0,233,to,1185,1187,equal,True,Equal,13,,False,False,CVJMQWMZ_s013,
CVJMQWMZ,234.0,example,1188.0,1195.0,234,example,1188,1195,equal,True,Equal,13,,False,False,CVJMQWMZ_s013,
CVJMQWMZ,235.0,the,1196.0,1199.0,235,the,1196,1199,equal,True,Equal,13,,False,False,CVJMQWMZ_s013,
CVJMQWMZ,236.0,dusty,1200.0,1205.0,236,dusty,1200,1205,equal,True,Equal,13,,False,False,CVJMQWMZ_s013,
CVJMQWMZ,237.0,floor,1206.0,1211.0,237,floor,1206,1211,equal,True,Equal,13,,False,False,CVJMQWMZ_s013,
CVJMQWMZ,238.0,below,1212.0,1217.0,238,below,1212,1217,equal,True,Equal,13,,False,False,CVJMQWMZ_s013,
CVJMQWMZ,239.0,him,1218.0,1221.0,239,him,1218,1221,equal,True,Equal,13,,False,False,CVJMQWMZ_s013,
CVJMQWMZ,240.0,.,1221.0,1222.0,240,.,1221,1222,equal,True,Equal,13,Sentence Ending,False,False,CVJMQWMZ_s013,Correct Ending
CVJMQWMZ,241.0,Shining,1223.0,1230.0,241,Shining,1223,1230,equal,True,Equal,14,Sentence Beginning,False,False,CVJMQWMZ_s014,Correct Beginning
CVJMQWMZ,242.0,the,1231.0,1234.0,242,the,1231,1234,equal,True,Equal,14,,False,False,CVJMQWMZ_s014,
CVJMQWMZ,243.0,torch,1235.0,1240.0,243,torch,1235,1240,equal,True,Equal,14,,False,False,CVJMQWMZ_s014,
CVJMQWMZ,244.0,on,1241.0,1243.0,244,on,1241,1243,equal,True,Equal,14,,False,False,CVJMQWMZ_s014,
CVJMQWMZ,245.0,the,1244.0,1247.0,245,the,1244,1247,equal,True,Equal,14,,False,False,CVJMQWMZ_s014,
CVJMQWMZ,246.0,ground,1248.0,1254.0,246,ground,1248,1254,equal,True,Equal,14,,False,False,CVJMQWMZ_s014,
CVJMQWMZ,247.0,",",1254.0,1255.0,247,",",1254,1255,equal,True,Equal,14,,False,False,CVJMQWMZ_s014,
CVJMQWMZ,248.0,Jack,1256.0,1260.0,248,Jack,1256,1260,equal,True,Equal,14,,False,False,CVJMQWMZ_s014,
CVJMQWMZ,249.0,noticed,1261.0,1268.0,249,noticed,1261,1268,equal,True,Equal,14,,False,False,CVJMQWMZ_s014,
CVJMQWMZ,250.0,something,1269.0,1278.0,250,something,1269,1278,equal,True,Equal,14,,False,False,CVJMQWMZ_s014,
CVJMQWMZ,251.0,.,1278.0,1279.0,251,.,1278,1279,equal,True,Equal,14,Sentence Ending,False,False,CVJMQWMZ_s014,Correct Ending
CVJMQWMZ,252.0,An,1280.0,1282.0,252,An,1280,1282,equal,True,Equal,15,Sentence Beginning,False,False,CVJMQWMZ_s015,Correct Beginning
CVJMQWMZ,253.0,out,1283.0,1286.0,253,out,1283,1286,equal,True,Equal,15,,False,False,CVJMQWMZ_s015,
CVJMQWMZ,254.0,of,1287.0,1289.0,254,of,1287,1289,equal,True,Equal,15,,False,False,CVJMQWMZ_s015,
CVJMQWMZ,255.0,place,1290.0,1295.0,255,place,1290,1295,equal,True,Equal,15,,False,False,CVJMQWMZ_s015,
CVJMQWMZ,256.0,tile,1296.0,1300.0,256,tile,1296,1300,equal,True,Equal,15,,False,False,CVJMQWMZ_s015,
CVJMQWMZ,257.0,that,1301.0,1305.0,257,that,1301,1305,equal,True,Equal,15,,False,False,CVJMQWMZ_s015,
CVJMQWMZ,258.0,had,1306.0,1309.0,258,had,1306,1309,equal,True,Equal,15,,False,False,CVJMQWMZ_s015,
CVJMQWMZ,259.0,the,1310.0,1313.0,259,the,1310,1313,equal,True,Equal,15,,False,False,CVJMQWMZ_s015,
CVJMQWMZ,260.0,symbol,1314.0,1320.0,260,symbol,1314,1320,equal,True,Equal,15,,False,False,CVJMQWMZ_s015,
CVJMQWMZ,261.0,of,1321.0,1323.0,261,of,1321,1323,equal,True,Equal,15,,False,False,CVJMQWMZ_s015,
CVJMQWMZ,262.0,the,1324.0,1327.0,262,the,1324,1327,equal,True,Equal,15,,False,False,CVJMQWMZ_s015,
CVJMQWMZ,263.0,sun,1328.0,1331.0,263,sun,1328,1331,equal,True,Equal,15,,False,False,CVJMQWMZ_s015,
CVJMQWMZ,264.0,on,1332.0,1334.0,264,on,1332,1334,equal,True,Equal,15,,False,False,CVJMQWMZ_s015,
CVJMQWMZ,265.0,it,1335.0,1337.0,265,it,1335,1337,equal,True,Equal,15,,False,False,CVJMQWMZ_s015,
CVJMQWMZ,266.0,.,1337.0,1338.0,266,.,1337,1338,equal,True,Equal,15,Sentence Ending,False,False,CVJMQWMZ_s015,Correct Ending
CVJMQWMZ,267.0,He,1339.0,1341.0,267,He,1339,1341,equal,True,Equal,16,Sentence Beginning,False,False,CVJMQWMZ_s016,Correct Beginning
CVJMQWMZ,268.0,wiped,1342.0,1347.0,268,wiped,1342,1347,equal,True,Equal,16,,False,False,CVJMQWMZ_s016,
CVJMQWMZ,269.0,the,1348.0,1351.0,269,the,1348,1351,equal,True,Equal,16,,False,False,CVJMQWMZ_s016,
CVJMQWMZ,270.0,dust,1352.0,1356.0,270,dust,1352,1356,equal,True,Equal,16,,False,False,CVJMQWMZ_s016,
CVJMQWMZ,271.0,of,1357.0,1359.0,271,of,1357,1359,equal,True,Equal,16,,False,False,CVJMQWMZ_s016,
CVJMQWMZ,272.0,the,1360.0,1363.0,272,the,1360,1363,equal,True,Equal,16,,False,False,CVJMQWMZ_s016,
CVJMQWMZ,273.0,grey,1364.0,1368.0,273,grey,1364,1368,equal,True,Equal,16,,False,False,CVJMQWMZ_s016,
CVJMQWMZ,274.0,tile,1369.0,1373.0,274,tile,1369,1373,equal,True,Equal,16,,False,False,CVJMQWMZ_s016,
CVJMQWMZ,275.0,and,1374.0,1377.0,275,and,1374,1377,equal,True,Equal,16,,False,False,CVJMQWMZ_s016,
CVJMQWMZ,276.0,pressed,1378.0,1385.0,276,pressed,1378,1385,equal,True,Equal,16,,False,False,CVJMQWMZ_s016,
CVJMQWMZ,277.0,down,1386.0,1390.0,277,down,1386,1390,equal,True,Equal,16,,False,False,CVJMQWMZ_s016,
CVJMQWMZ,278.0,.,1390.0,1391.0,278,.,1390,1391,equal,True,Equal,16,Sentence Ending,False,False,CVJMQWMZ_s016,Correct Ending
CVJMQWMZ,279.0,The,1392.0,1395.0,279,The,1392,1395,equal,True,Equal,17,Sentence Beginning,False,False,CVJMQWMZ_s017,Correct Beginning
CVJMQWMZ,280.0,earth,1396.0,1401.0,280,earth,1396,1401,equal,True,Equal,17,,False,False,CVJMQWMZ_s017,
CVJMQWMZ,281.0,began,1402.0,1407.0,281,began,1402,1407,equal,True,Equal,17,,False,False,CVJMQWMZ_s017,
CVJMQWMZ,282.0,to,1408.0,1410.0,282,to,1408,1410,equal,True,Equal,17,,False,False,CVJMQWMZ_s017,
CVJMQWMZ,283.0,shake,1411.0,1416.0,283,shake,1411,1416,equal,True,Equal,17,,False,False,CVJMQWMZ_s017,
CVJMQWMZ,284.0,as,1417.0,1419.0,284,as,1417,1419,equal,True,Equal,17,,False,False,CVJMQWMZ_s017,
CVJMQWMZ,285.0,debris,1420.0,1426.0,285,debris,1420,1426,equal,True,Equal,17,,False,False,CVJMQWMZ_s017,
CVJMQWMZ,286.0,fell,1427.0,1431.0,286,fell,1427,1431,equal,True,Equal,17,,False,False,CVJMQWMZ_s017,
CVJMQWMZ,287.0,from,1432.0,1436.0,287,from,1432,1436,equal,True,Equal,17,,False,False,CVJMQWMZ_s017,
CVJMQWMZ,288.0,the,1437.0,1440.0,288,the,1437,1440,equal,True,Equal,17,,False,False,CVJMQWMZ_s017,
CVJMQWMZ,289.0,roof,1441.0,1445.0,289,roof,1441,1445,equal,True,Equal,17,,False,False,CVJMQWMZ_s017,
CVJMQWMZ,290.0,",",1445.0,1446.0,290,",",1445,1446,equal,True,Equal,17,,False,False,CVJMQWMZ_s017,
CVJMQWMZ,291.0,down,1447.0,1451.0,291,down,1447,1451,equal,True,Equal,17,,False,False,CVJMQWMZ_s017,
CVJMQWMZ,292.0,to,1452.0,1454.0,292,to,1452,1454,equal,True,Equal,17,,False,False,CVJMQWMZ_s017,
CVJMQWMZ,293.0,the,1455.0,1458.0,293,the,1455,1458,equal,True,Equal,17,,False,False,CVJMQWMZ_s017,
CVJMQWMZ,294.0,ground,1459.0,1465.0,294,ground,1459,1465,equal,True,Equal,17,,False,False,CVJMQWMZ_s017,
CVJMQWMZ,295.0,as,1466.0,1468.0,295,as,1466,1468,equal,True,Equal,17,,False,False,CVJMQWMZ_s017,
CVJMQWMZ,296.0,Jack,1469.0,1473.0,296,Jack,1469,1473,equal,True,Equal,17,,False,False,CVJMQWMZ_s017,
CVJMQWMZ,297.0,cowered,1474.0,1481.0,297,cowered,1474,1481,equal,True,Equal,17,,False,False,CVJMQWMZ_s017,
CVJMQWMZ,298.0,in,1482.0,1484.0,298,in,1482,1484,equal,True,Equal,17,,False,False,CVJMQWMZ_s017,
CVJMQWMZ,299.0,fear,1485.0,1489.0,299,fear,1485,1489,equal,True,Equal,17,,False,False,CVJMQWMZ_s017,
CVJMQWMZ,300.0,.,1489.0,1490.0,300,.,1489,1490,equal,True,Equal,17,Sentence Ending,False,False,CVJMQWMZ_s017,Correct Ending
CVJMQWMZ,301.0,He,1491.0,1493.0,301,He,1491,1493,equal,True,Equal,18,Sentence Beginning,False,False,CVJMQWMZ_s018,Correct Beginning
CVJMQWMZ,302.0,looked,1494.0,1500.0,302,looked,1494,1500,equal,True,Equal,18,,False,False,CVJMQWMZ_s018,
CVJMQWMZ,303.0,forward,1501.0,1508.0,303,forward,1501,1508,equal,True,Equal,18,,False,False,CVJMQWMZ_s018,
CVJMQWMZ,304.0,as,1509.0,1511.0,304,as,1509,1511,equal,True,Equal,18,,False,False,CVJMQWMZ_s018,
CVJMQWMZ,305.0,a,1512.0,1513.0,305,a,1512,1513,equal,True,Equal,18,,False,False,CVJMQWMZ_s018,
CVJMQWMZ,306.0,beam,1514.0,1518.0,306,beam,1514,1518,equal,True,Equal,18,,False,False,CVJMQWMZ_s018,
CVJMQWMZ,307.0,of,1519.0,1521.0,307,of,1519,1521,equal,True,Equal,18,,False,False,CVJMQWMZ_s018,
CVJMQWMZ,308.0,light,1522.0,1527.0,308,light,1522,1527,equal,True,Equal,18,,False,False,CVJMQWMZ_s018,
CVJMQWMZ,309.0,seemed,1528.0,1534.0,309,seemed,1528,1534,equal,True,Equal,18,,False,False,CVJMQWMZ_s018,
CVJMQWMZ,310.0,to,1535.0,1537.0,310,to,1535,1537,equal,True,Equal,18,,False,False,CVJMQWMZ_s018,
CVJMQWMZ,311.0,appear,1538.0,1544.0,311,appear,1538,1544,equal,True,Equal,18,,False,False,CVJMQWMZ_s018,
CVJMQWMZ,312.0,in,1545.0,1547.0,312,in,1545,1547,equal,True,Equal,18,,False,False,CVJMQWMZ_s018,
CVJMQWMZ,313.0,front,1548.0,1553.0,313,front,1548,1553,equal,True,Equal,18,,False,False,CVJMQWMZ_s018,
CVJMQWMZ,314.0,of,1554.0,1556.0,314,of,1554,1556,equal,True,Equal,18,,False,False,CVJMQWMZ_s018,
CVJMQWMZ,315.0,him,1557.0,1560.0,315,him,1557,1560,equal,True,Equal,18,,False,False,CVJMQWMZ_s018,
CVJMQWMZ,316.0,.,1560.0,1561.0,316,.,1560,1561,equal,True,Equal,18,Sentence Ending,False,False,CVJMQWMZ_s018,Correct Ending
CVJMQWMZ,317.0,The,1562.0,1565.0,317,The,1562,1565,equal,True,Equal,19,Sentence Beginning,False,False,CVJMQWMZ_s019,Correct Beginning
CVJMQWMZ,318.0,shaking,1566.0,1573.0,318,shaking,1566,1573,equal,True,Equal,19,,False,False,CVJMQWMZ_s019,
CVJMQWMZ,319.0,stopped,1574.0,1581.0,319,stopped,1574,1581,equal,True,Equal,19,,False,False,CVJMQWMZ_s019,
CVJMQWMZ,320.0,as,1582.0,1584.0,320,as,1582,1584,equal,True,Equal,19,,False,False,CVJMQWMZ_s019,
CVJMQWMZ,321.0,the,1585.0,1588.0,321,the,1585,1588,equal,True,Equal,19,,False,False,CVJMQWMZ_s019,
CVJMQWMZ,322.0,light,1589.0,1594.0,322,light,1589,1594,equal,True,Equal,19,,False,False,CVJMQWMZ_s019,
CVJMQWMZ,323.0,grew,1595.0,1599.0,323,grew,1595,1599,equal,True,Equal,19,,False,False,CVJMQWMZ_s019,
CVJMQWMZ,324.0,larger,1600.0,1606.0,324,larger,1600,1606,equal,True,Equal,19,,False,False,CVJMQWMZ_s019,
CVJMQWMZ,325.0,.,1606.0,1607.0,325,.,1606,1607,equal,True,Equal,19,Sentence Ending,False,False,CVJMQWMZ_s019,Correct Ending
CVJMQWMZ,326.0,What,1608.0,1612.0,326,What,1608,1612,equal,True,Equal,20,Sentence Beginning,False,False,CVJMQWMZ_s020,Correct Beginning
CVJMQWMZ,327.0,was,1613.0,1616.0,327,was,1613,1616,equal,True,Equal,20,,False,False,CVJMQWMZ_s020,
CVJMQWMZ,328.0,it,1617.0,1619.0,328,it,1617,1619,equal,True,Equal,20,,False,False,CVJMQWMZ_s020,
CVJMQWMZ,329.0,?,1619.0,1620.0,329,?,1619,1620,equal,True,Equal,20,Sentence Ending,False,False,CVJMQWMZ_s020,Correct Ending
CVJMQWMZ,330.0,Would,1621.0,1626.0,330,Would,1621,1626,equal,True,Equal,21,Sentence Beginning,False,False,CVJMQWMZ_s021,Correct Beginning
CVJMQWMZ,331.0,it,1627.0,1629.0,331,it,1627,1629,equal,True,Equal,21,,False,False,CVJMQWMZ_s021,
CVJMQWMZ,332.0,be,1630.0,1632.0,332,be,1630,1632,equal,True,Equal,21,,False,False,CVJMQWMZ_s021,
CVJMQWMZ,333.0,the,1633.0,1636.0,333,the,1633,1636,equal,True,Equal,21,,False,False,CVJMQWMZ_s021,
CVJMQWMZ,334.0,end,1637.0,1640.0,334,end,1637,1640,equal,True,Equal,21,,False,False,CVJMQWMZ_s021,
CVJMQWMZ,335.0,to,1641.0,1643.0,335,to,1641,1643,equal,True,Equal,21,,False,False,CVJMQWMZ_s021,
CVJMQWMZ,336.0,this,1644.0,1648.0,336,this,1644,1648,equal,True,Equal,21,,False,False,CVJMQWMZ_s021,
CVJMQWMZ,337.0,desert,1649.0,1655.0,337,desert,1649,1655,equal,True,Equal,21,,False,False,CVJMQWMZ_s021,
CVJMQWMZ,338.0,journey,1656.0,1663.0,338,journey,1656,1663,equal,True,Equal,21,,False,False,CVJMQWMZ_s021,
CVJMQWMZ,339.0,?,1663.0,1664.0,339,?,1663,1664,equal,True,Equal,21,Sentence Ending,False,False,CVJMQWMZ_s021,Correct Ending
CVJMQWMZ,340.0,He,1665.0,1667.0,340,He,1665,1667,equal,True,Equal,22,Sentence Beginning,False,False,CVJMQWMZ_s022,Correct Beginning
CVJMQWMZ,341.0,had,1668.0,1671.0,341,had,1668,1671,equal,True,Equal,22,,False,False,CVJMQWMZ_s022,
CVJMQWMZ,342.0,to,1672.0,1674.0,342,to,1672,1674,equal,True,Equal,22,,False,False,CVJMQWMZ_s022,
CVJMQWMZ,343.0,know,1675.0,1679.0,343,know,1675,1679,equal,True,Equal,22,,False,False,CVJMQWMZ_s022,
CVJMQWMZ,344.0,.,1679.0,1680.0,344,.,1679,1680,equal,True,Equal,22,Sentence Ending,False,False,CVJMQWMZ_s022,Correct Ending
CVJMQWMZ,345.0,Jack,1681.0,1685.0,345,Jack,1681,1685,equal,True,Equal,23,Sentence Beginning,False,False,CVJMQWMZ_s023,Correct Beginning
CVJMQWMZ,346.0,raced,1686.0,1691.0,346,raced,1686,1691,equal,True,Equal,23,,False,False,CVJMQWMZ_s023,
CVJMQWMZ,347.0,towards,1692.0,1699.0,347,towards,1692,1699,equal,True,Equal,23,,False,False,CVJMQWMZ_s023,
CVJMQWMZ,348.0,the,1700.0,1703.0,348,the,1700,1703,equal,True,Equal,23,,False,False,CVJMQWMZ_s023,
CVJMQWMZ,349.0,beam,1704.0,1708.0,349,beam,1704,1708,equal,True,Equal,23,,False,False,CVJMQWMZ_s023,
CVJMQWMZ,350.0,of,1709.0,1711.0,350,of,1709,1711,equal,True,Equal,23,,False,False,CVJMQWMZ_s023,
CVJMQWMZ,351.0,light,1712.0,1717.0,351,light,1712,1717,equal,True,Equal,23,,False,False,CVJMQWMZ_s023,
CVJMQWMZ,352.0,as,1718.0,1720.0,352,as,1718,1720,equal,True,Equal,23,,False,False,CVJMQWMZ_s023,
CVJMQWMZ,353.0,a,1721.0,1722.0,353,a,1721,1722,equal,True,Equal,23,,False,False,CVJMQWMZ_s023,
CVJMQWMZ,354.0,trail,1723.0,1728.0,354,trail,1723,1728,equal,True,Equal,23,,False,False,CVJMQWMZ_s023,
CVJMQWMZ,355.0,of,1729.0,1731.0,355,of,1729,1731,equal,True,Equal,23,,False,False,CVJMQWMZ_s023,
CVJMQWMZ,356.0,dust,1732.0,1736.0,356,dust,1732,1736,equal,True,Equal,23,,False,False,CVJMQWMZ_s023,
CVJMQWMZ,357.0,began,1737.0,1742.0,357,began,1737,1742,equal,True,Equal,23,,False,False,CVJMQWMZ_s023,
CVJMQWMZ,358.0,forming,1743.0,1750.0,358,forming,1743,1750,equal,True,Equal,23,,False,False,CVJMQWMZ_s023,
CVJMQWMZ,359.0,behind,1751.0,1757.0,359,behind,1751,1757,equal,True,Equal,23,,False,False,CVJMQWMZ_s023,
CVJMQWMZ,360.0,him,1758.0,1761.0,360,him,1758,1761,equal,True,Equal,23,,False,False,CVJMQWMZ_s023,
CVJMQWMZ,361.0,.,1761.0,1762.0,361,.,1761,1762,equal,True,Equal,23,Sentence Ending,False,False,CVJMQWMZ_s023,Correct Ending
CVJMQWMZ,362.0,The,1763.0,1766.0,362,The,1763,1766,equal,True,Equal,24,Sentence Beginning,False,False,CVJMQWMZ_s024,Correct Beginning
CVJMQWMZ,363.0,bright,1767.0,1773.0,363,bright,1767,1773,equal,True,Equal,24,,False,False,CVJMQWMZ_s024,
CVJMQWMZ,364.0,ray,1774.0,1777.0,364,ray,1774,1777,equal,True,Equal,24,,False,False,CVJMQWMZ_s024,
CVJMQWMZ,365.0,of,1778.0,1780.0,365,of,1778,1780,equal,True,Equal,24,,False,False,CVJMQWMZ_s024,
CVJMQWMZ,366.0,sunshine,1781.0,1789.0,366,sunshine,1781,1789,equal,True,Equal,24,,False,False,CVJMQWMZ_s024,
CVJMQWMZ,367.0,shone,1790.0,1795.0,367,shone,1790,1795,equal,True,Equal,24,,False,False,CVJMQWMZ_s024,
CVJMQWMZ,368.0,into,1796.0,1800.0,368,into,1796,1800,equal,True,Equal,24,,False,False,CVJMQWMZ_s024,
CVJMQWMZ,369.0,his,1801.0,1804.0,369,his,1801,1804,equal,True,Equal,24,,False,False,CVJMQWMZ_s024,
CVJMQWMZ,370.0,eyes,1805.0,1809.0,370,eyes,1805,1809,equal,True,Equal,24,,False,False,CVJMQWMZ_s024,
CVJMQWMZ,371.0,as,1810.0,1812.0,371,as,1810,1812,equal,True,Equal,24,,False,False,CVJMQWMZ_s024,
CVJMQWMZ,372.0,he,1813.0,1815.0,372,he,1813,1815,equal,True,Equal,24,,False,False,CVJMQWMZ_s024,
CVJMQWMZ,373.0,came,1816.0,1820.0,373,came,1816,1820,equal,True,Equal,24,,False,False,CVJMQWMZ_s024,
CVJMQWMZ,374.0,to,1821.0,1823.0,374,to,1821,1823,equal,True,Equal,24,,False,False,CVJMQWMZ_s024,
CVJMQWMZ,375.0,a,1824.0,1825.0,375,a,1824,1825,equal,True,Equal,24,,False,False,CVJMQWMZ_s024,
CVJMQWMZ,376.0,halt,1826.0,1830.0,376,halt,1826,1830,equal,True,Equal,24,,False,False,CVJMQWMZ_s024,
CVJMQWMZ,377.0,.,1830.0,1831.0,377,.,1830,1831,equal,True,Equal,24,Sentence Ending,False,False,CVJMQWMZ_s024,Correct Ending
CVJMQWMZ,378.0,A,1832.0,1833.0,378,A,1832,1833,equal,True,Equal,25,Sentence Beginning,False,False,CVJMQWMZ_s025,Correct Beginning
CVJMQWMZ,379.0,ruin,1834.0,1838.0,379,ruin,1834,1838,equal,True,Equal,25,,False,False,CVJMQWMZ_s025,
CVJMQWMZ,380.0,with,1839.0,1843.0,380,with,1839,1843,equal,True,Equal,25,,False,False,CVJMQWMZ_s025,
CVJMQWMZ,381.0,skulls,1844.0,1850.0,381,skulls,1844,1850,equal,True,Equal,25,,False,False,CVJMQWMZ_s025,
CVJMQWMZ,382.0,all,1851.0,1854.0,382,all,1851,1854,equal,True,Equal,25,,False,False,CVJMQWMZ_s025,
CVJMQWMZ,383.0,over,1855.0,1859.0,383,over,1855,1859,equal,True,Equal,25,,False,False,CVJMQWMZ_s025,
CVJMQWMZ,384.0,the,1860.0,1863.0,384,the,1860,1863,equal,True,Equal,25,,False,False,CVJMQWMZ_s025,
CVJMQWMZ,385.0,ground,1864.0,1870.0,385,ground,1864,1870,equal,True,Equal,25,,False,False,CVJMQWMZ_s025,
CVJMQWMZ,386.0,?,1870.0,1871.0,386,?,1870,1871,equal,True,Equal,25,Sentence Ending,False,False,CVJMQWMZ_s025,Correct Ending
CVJMQWMZ,387.0,A,1872.0,1873.0,387,A,1872,1873,equal,True,Equal,26,Sentence Beginning,False,False,CVJMQWMZ_s026,Correct Beginning
CVJMQWMZ,388.0,room,1874.0,1878.0,388,room,1874,1878,equal,True,Equal,26,,False,False,CVJMQWMZ_s026,
CVJMQWMZ,389.0,with,1879.0,1883.0,389,with,1879,1883,equal,True,Equal,26,,False,False,CVJMQWMZ_s026,
CVJMQWMZ,390.0,glimmering,1884.0,1894.0,390,glimmering,1884,1894,equal,True,Equal,26,,False,False,CVJMQWMZ_s026,
CVJMQWMZ,391.0,gold,1895.0,1899.0,391,gold,1895,1899,equal,True,Equal,26,,False,False,CVJMQWMZ_s026,
CVJMQWMZ,392.0,and,1900.0,1903.0,392,and,1900,1903,equal,True,Equal,26,,False,False,CVJMQWMZ_s026,
CVJMQWMZ,393.0,gems,1904.0,1908.0,393,gems,1904,1908,equal,True,Equal,26,,False,False,CVJMQWMZ_s026,
CVJMQWMZ,394.0,?,1908.0,1909.0,394,?,1908,1909,equal,True,Equal,26,Sentence Ending,False,False,CVJMQWMZ_s026,Correct Ending
CVJMQWMZ,395.0,Or,1910.0,1912.0,395,Or,1910,1912,equal,True,Equal,27,Sentence Beginning,False,False,CVJMQWMZ_s027,Correct Beginning
CVJMQWMZ,396.0,maybe,1913.0,1918.0,396,maybe,1913,1918,equal,True,Equal,27,,False,False,CVJMQWMZ_s027,
CVJMQWMZ,397.0,simply,1919.0,1925.0,397,simply,1919,1925,equal,True,Equal,27,,False,False,CVJMQWMZ_s027,
CVJMQWMZ,398.0,a,1926.0,1927.0,398,a,1926,1927,equal,True,Equal,27,,False,False,CVJMQWMZ_s027,
CVJMQWMZ,399.0,trap,1928.0,1932.0,399,trap,1928,1932,equal,True,Equal,27,,False,False,CVJMQWMZ_s027,
CVJMQWMZ,400.0,and,1933.0,1936.0,400,and,1933,1936,equal,True,Equal,27,,False,False,CVJMQWMZ_s027,
CVJMQWMZ,401.0,his,1937.0,1940.0,401,his,1937,1940,equal,True,Equal,27,,False,False,CVJMQWMZ_s027,
CVJMQWMZ,402.0,wasted,1941.0,1947.0,402,wasted,1941,1947,equal,True,Equal,27,,False,False,CVJMQWMZ_s027,
CVJMQWMZ,403.0,effort,1948.0,1954.0,403,effort,1948,1954,equal,True,Equal,27,,False,False,CVJMQWMZ_s027,
CVJMQWMZ,404.0,.,1954.0,1955.0,404,.,1954,1955,equal,True,Equal,27,Sentence Ending,False,False,CVJMQWMZ_s027,Correct Ending
CVJMQWMZ,405.0,It,1956.0,1958.0,405,It,1956,1958,equal,True,Equal,28,Sentence Beginning,False,False,CVJMQWMZ_s028,Correct Beginning
CVJMQWMZ,406.0,was,1959.0,1962.0,406,was,1959,1962,equal,True,Equal,28,,False,False,CVJMQWMZ_s028,
CVJMQWMZ,407.0,none,1963.0,1967.0,407,none,1963,1967,equal,True,Equal,28,,False,False,CVJMQWMZ_s028,
CVJMQWMZ,408.0,of,1968.0,1970.0,408,of,1968,1970,equal,True,Equal,28,,False,False,CVJMQWMZ_s028,
CVJMQWMZ,409.0,these,1971.0,1976.0,409,these,1971,1976,equal,True,Equal,28,,False,False,CVJMQWMZ_s028,
CVJMQWMZ,410.0,.,1976.0,1977.0,410,.,1976,1977,equal,True,Equal,28,Sentence Ending,False,False,CVJMQWMZ_s028,Correct Ending
CVJMQWMZ,411.0,Before,1978.0,1984.0,411,Before,1978,1984,equal,True,Equal,29,Sentence Beginning,False,False,CVJMQWMZ_s029,Correct Beginning
CVJMQWMZ,412.0,him,1985.0,1988.0,412,him,1985,1988,equal,True,Equal,29,,False,False,CVJMQWMZ_s029,
CVJMQWMZ,413.0,was,1989.0,1992.0,413,was,1989,1992,equal,True,Equal,29,,False,False,CVJMQWMZ_s029,
CVJMQWMZ,414.0,a,1993.0,1994.0,414,a,1993,1994,equal,True,Equal,29,,False,False,CVJMQWMZ_s029,
CVJMQWMZ,415.0,simple,1995.0,2001.0,415,simple,1995,2001,equal,True,Equal,29,,False,False,CVJMQWMZ_s029,
CVJMQWMZ,416.0,stone,2002.0,2007.0,416,stone,2002,2007,equal,True,Equal,29,,False,False,CVJMQWMZ_s029,
CVJMQWMZ,417.0,with,2008.0,2012.0,417,with,2008,2012,equal,True,Equal,29,,False,False,CVJMQWMZ_s029,
CVJMQWMZ,418.0,a,2013.0,2014.0,418,a,2013,2014,equal,True,Equal,29,,False,False,CVJMQWMZ_s029,
CVJMQWMZ,419.0,thin,2015.0,2019.0,419,thin,2015,2019,equal,True,Equal,29,,False,False,CVJMQWMZ_s029,
CVJMQWMZ,420.0,",",2019.0,2020.0,420,",",2019,2020,equal,True,Equal,29,,False,False,CVJMQWMZ_s029,
CVJMQWMZ,421.0,delicate,2021.0,2029.0,421,delicate,2021,2029,equal,True,Equal,29,,False,False,CVJMQWMZ_s029,
CVJMQWMZ,422.0,golden,2030.0,2036.0,422,golden,2030,2036,equal,True,Equal,29,,False,False,CVJMQWMZ_s029,
CVJMQWMZ,423.0,vase,2037.0,2041.0,423,vase,2037,2041,equal,True,Equal,29,,False,False,CVJMQWMZ_s029,
CVJMQWMZ,424.0,.,2041.0,2042.0,424,.,2041,2042,equal,True,Equal,29,Sentence Ending,False,False,CVJMQWMZ_s029,Correct Ending
CVJMQWMZ,425.0,The,2043.0,2046.0,425,The,2043,2046,equal,True,Equal,30,Sentence Beginning,False,False,CVJMQWMZ_s030,Correct Beginning
CVJMQWMZ,426.0,sun,2047.0,2050.0,426,sun,2047,2050,equal,True,Equal,30,,False,False,CVJMQWMZ_s030,
CVJMQWMZ,427.0,shone,2051.0,2056.0,427,shone,2051,2056,equal,True,Equal,30,,False,False,CVJMQWMZ_s030,
CVJMQWMZ,428.0,in,2057.0,2059.0,428,in,2057,2059,equal,True,Equal,30,,False,False,CVJMQWMZ_s030,
CVJMQWMZ,429.0,from,2060.0,2064.0,429,from,2060,2064,equal,True,Equal,30,,False,False,CVJMQWMZ_s030,
CVJMQWMZ,430.0,a,2065.0,2066.0,430,a,2065,2066,equal,True,Equal,30,,False,False,CVJMQWMZ_s030,
CVJMQWMZ,431.0,large,2067.0,2072.0,431,large,2067,2072,equal,True,Equal,30,,False,False,CVJMQWMZ_s030,
CVJMQWMZ,432.0,peephole,2073.0,2081.0,432,peephole,2073,2081,equal,True,Equal,30,,False,False,CVJMQWMZ_s030,
CVJMQWMZ,433.0,in,2082.0,2084.0,433,in,2082,2084,equal,True,Equal,30,,False,False,CVJMQWMZ_s030,
CVJMQWMZ,434.0,the,2085.0,2088.0,434,the,2085,2088,equal,True,Equal,30,,False,False,CVJMQWMZ_s030,
CVJMQWMZ,435.0,roof,2089.0,2093.0,435,roof,2089,2093,equal,True,Equal,30,,False,False,CVJMQWMZ_s030,
CVJMQWMZ,436.0,that,2094.0,2098.0,436,that,2094,2098,equal,True,Equal,30,,False,False,CVJMQWMZ_s030,
CVJMQWMZ,437.0,no,2099.0,2101.0,437,no,2099,2101,equal,True,Equal,30,,False,False,CVJMQWMZ_s030,
CVJMQWMZ,438.0,one,2102.0,2105.0,438,one,2102,2105,equal,True,Equal,30,,False,False,CVJMQWMZ_s030,
CVJMQWMZ,439.0,was,2106.0,2109.0,439,was,2106,2109,equal,True,Equal,30,,False,False,CVJMQWMZ_s030,
CVJMQWMZ,440.0,able,2110.0,2114.0,440,able,2110,2114,equal,True,Equal,30,,False,False,CVJMQWMZ_s030,
CVJMQWMZ,441.0,to,2115.0,2117.0,441,to,2115,2117,equal,True,Equal,30,,False,False,CVJMQWMZ_s030,
CVJMQWMZ,442.0,notice,2118.0,2124.0,442,notice,2118,2124,equal,True,Equal,30,,False,False,CVJMQWMZ_s030,
CVJMQWMZ,443.0,.,2124.0,2125.0,443,.,2124,2125,equal,True,Equal,30,Sentence Ending,False,False,CVJMQWMZ_s030,Correct Ending
CVJMQWMZ,444.0,Jack,2126.0,2130.0,444,Jack,2126,2130,equal,True,Equal,31,Sentence Beginning,False,False,CVJMQWMZ_s031,Correct Beginning
CVJMQWMZ,445.0,stepped,2131.0,2138.0,445,stepped,2131,2138,equal,True,Equal,31,,False,False,CVJMQWMZ_s031,
CVJMQWMZ,446.0,forward,2139.0,2146.0,446,forward,2139,2146,equal,True,Equal,31,,False,False,CVJMQWMZ_s031,
CVJMQWMZ,447.0,",",2146.0,2147.0,447,",",2146,2147,equal,True,Equal,31,,False,False,CVJMQWMZ_s031,
CVJMQWMZ,448.0,careful,2148.0,2155.0,448,careful,2148,2155,equal,True,Equal,31,,False,False,CVJMQWMZ_s031,
CVJMQWMZ,449.0,of,2156.0,2158.0,449,of,2156,2158,equal,True,Equal,31,,False,False,CVJMQWMZ_s031,
CVJMQWMZ,450.0,any,2159.0,2162.0,450,any,2159,2162,equal,True,Equal,31,,False,False,CVJMQWMZ_s031,
CVJMQWMZ,451.0,traps,2163.0,2168.0,451,traps,2163,2168,equal,True,Equal,31,,False,False,CVJMQWMZ_s031,
CVJMQWMZ,452.0,that,2169.0,2173.0,452,that,2169,2173,equal,True,Equal,31,,False,False,CVJMQWMZ_s031,
CVJMQWMZ,453.0,would,2174.0,2179.0,453,would,2174,2179,equal,True,Equal,31,,False,False,CVJMQWMZ_s031,
CVJMQWMZ,454.0,be,2180.0,2182.0,454,be,2180,2182,equal,True,Equal,31,,False,False,CVJMQWMZ_s031,
CVJMQWMZ,455.0,laid,2183.0,2187.0,455,laid,2183,2187,equal,True,Equal,31,,False,False,CVJMQWMZ_s031,
CVJMQWMZ,456.0,onto,2188.0,2192.0,456,onto,2188,2192,equal,True,Equal,31,,False,False,CVJMQWMZ_s031,
CVJMQWMZ,457.0,the,2193.0,2196.0,457,the,2193,2196,equal,True,Equal,31,,False,False,CVJMQWMZ_s031,
CVJMQWMZ,458.0,ground,2197.0,2203.0,458,ground,2197,2203,equal,True,Equal,31,,False,False,CVJMQWMZ_s031,
CVJMQWMZ,459.0,.,2203.0,2204.0,459,.,2203,2204,equal,True,Equal,31,Sentence Ending,False,False,CVJMQWMZ_s031,Correct Ending
CVJMQWMZ,460.0,He,2205.0,2207.0,460,He,2205,2207,equal,True,Equal,32,Sentence Beginning,False,False,CVJMQWMZ_s032,Correct Beginning
CVJMQWMZ,461.0,slowly,2208.0,2214.0,461,slowly,2208,2214,equal,True,Equal,32,,False,False,CVJMQWMZ_s032,
CVJMQWMZ,462.0,approached,2215.0,2225.0,462,approached,2215,2225,equal,True,Equal,32,,False,False,CVJMQWMZ_s032,
CVJMQWMZ,463.0,the,2226.0,2229.0,463,the,2226,2229,equal,True,Equal,32,,False,False,CVJMQWMZ_s032,
CVJMQWMZ,464.0,dusty,2230.0,2235.0,464,dusty,2230,2235,equal,True,Equal,32,,False,False,CVJMQWMZ_s032,
CVJMQWMZ,465.0,",",2235.0,2236.0,465,",",2235,2236,equal,True,Equal,32,,False,False,CVJMQWMZ_s032,
CVJMQWMZ,466.0,yet,2237.0,2240.0,466,yet,2237,2240,equal,True,Equal,32,,False,False,CVJMQWMZ_s032,
CVJMQWMZ,467.0,shining,2241.0,2248.0,467,shining,2241,2248,equal,True,Equal,32,,False,False,CVJMQWMZ_s032,
CVJMQWMZ,468.0,vase,2249.0,2253.0,468,vase,2249,2253,equal,True,Equal,32,,False,False,CVJMQWMZ_s032,
CVJMQWMZ,469.0,.,2253.0,2254.0,469,.,2253,2254,equal,True,Equal,32,Sentence Ending,False,False,CVJMQWMZ_s032,Correct Ending
CVJMQWMZ,470.0,Is,2255.0,2257.0,470,Is,2255,2257,equal,True,Equal,33,Sentence Beginning,False,False,CVJMQWMZ_s033,Correct Beginning
CVJMQWMZ,471.0,this,2258.0,2262.0,471,this,2258,2262,equal,True,Equal,33,,False,False,CVJMQWMZ_s033,
CVJMQWMZ,472.0,what,2263.0,2267.0,472,what,2263,2267,equal,True,Equal,33,,False,False,CVJMQWMZ_s033,
CVJMQWMZ,473.0,he,2268.0,2270.0,473,he,2268,2270,equal,True,Equal,33,,False,False,CVJMQWMZ_s033,
CVJMQWMZ,474.0,wanted,2271.0,2277.0,474,wanted,2271,2277,equal,True,Equal,33,,False,False,CVJMQWMZ_s033,
CVJMQWMZ,475.0,?,2277.0,2278.0,475,?,2277,2278,equal,True,Equal,33,Sentence Ending,False,False,CVJMQWMZ_s033,Correct Ending
CVJMQWMZ,476.0,"""",2279.0,2280.0,476,"""",2279,2280,equal,True,Equal,34,,False,False,CVJMQWMZ_s034,
CVJMQWMZ,477.0,The,2280.0,2283.0,477,The,2280,2283,equal,True,Equal,34,Sentence Beginning,False,False,CVJMQWMZ_s034,Correct Beginning
CVJMQWMZ,478.0,answer,2284.0,2290.0,478,answer,2284,2290,equal,True,Equal,34,,False,False,CVJMQWMZ_s034,
CVJMQWMZ,479.0,",",2290.0,2291.0,479,",",2290,2291,equal,True,Equal,34,,False,False,CVJMQWMZ_s034,
CVJMQWMZ,480.0,"""",2291.0,2292.0,480,"""",2291,2292,equal,True,Equal,34,,False,False,CVJMQWMZ_s034,
CVJMQWMZ,481.0,Jack,2293.0,2297.0,481,Jack,2293,2297,equal,True,Equal,34,,False,False,CVJMQWMZ_s034,
CVJMQWMZ,482.0,mumbled,2298.0,2305.0,482,mumbled,2298,2305,equal,True,Equal,34,,False,False,CVJMQWMZ_s034,
CVJMQWMZ,483.0,",",2305.0,2306.0,483,",",2305,2306,equal,True,Equal,34,,False,False,CVJMQWMZ_s034,
CVJMQWMZ,484.0,scanning,2307.0,2315.0,484,scanning,2307,2315,equal,True,Equal,34,,False,False,CVJMQWMZ_s034,
CVJMQWMZ,485.0,his,2316.0,2319.0,485,his,2316,2319,equal,True,Equal,34,,False,False,CVJMQWMZ_s034,
CVJMQWMZ,486.0,surroundings,2320.0,2332.0,486,surroundings,2320,2332,equal,True,Equal,34,,False,False,CVJMQWMZ_s034,
CVJMQWMZ,487.0,.,2332.0,2333.0,487,.,2332,2333,equal,True,Equal,34,Sentence Ending,False,False,CVJMQWMZ_s034,Correct Ending
CVJMQWMZ,488.0,"""",2334.0,2335.0,488,"""",2334,2335,equal,True,Equal,35,,False,False,CVJMQWMZ_s035,
CVJMQWMZ,489.0,Is,2335.0,2337.0,489,Is,2335,2337,equal,True,Equal,35,Sentence Beginning,False,False,CVJMQWMZ_s035,Correct Beginning
CVJMQWMZ,490.0,this,2338.0,2342.0,490,this,2338,2342,equal,True,Equal,35,,False,False,CVJMQWMZ_s035,
CVJMQWMZ,491.0,it,2343.0,2345.0,491,it,2343,2345,equal,True,Equal,35,,False,False,CVJMQWMZ_s035,
CVJMQWMZ,492.0,?,2345.0,2346.0,492,?,2345,2346,equal,True,Equal,35,Sentence Ending,False,False,CVJMQWMZ_s035,Correct Ending
CVJMQWMZ,493.0,"""",2346.0,2347.0,493,"""",2346,2347,equal,True,Equal,36,,False,False,CVJMQWMZ_s036,
CVJMQWMZ,494.0,He,2348.0,2350.0,494,He,2348,2350,equal,True,Equal,36,Sentence Beginning,False,False,CVJMQWMZ_s036,Correct Beginning
CVJMQWMZ,495.0,dusted,2351.0,2357.0,495,dusted,2351,2357,equal,True,Equal,36,,False,False,CVJMQWMZ_s036,
CVJMQWMZ,496.0,the,2358.0,2361.0,496,the,2358,2361,equal,True,Equal,36,,False,False,CVJMQWMZ_s036,
CVJMQWMZ,497.0,golden,2362.0,2368.0,497,golden,2362,2368,equal,True,Equal,36,,False,False,CVJMQWMZ_s036,
CVJMQWMZ,498.0,ornament,2369.0,2377.0,498,ornament,2369,2377,equal,True,Equal,36,,False,False,CVJMQWMZ_s036,
CVJMQWMZ,499.0,with,2378.0,2382.0,499,with,2378,2382,equal,True,Equal,36,,False,False,CVJMQWMZ_s036,
CVJMQWMZ,500.0,his,2383.0,2386.0,500,his,2383,2386,equal,True,Equal,36,,False,False,CVJMQWMZ_s036,
CVJMQWMZ,501.0,gloved,2387.0,2393.0,501,gloved,2387,2393,equal,True,Equal,36,,False,False,CVJMQWMZ_s036,
CVJMQWMZ,502.0,hands,2394.0,2399.0,502,hands,2394,2399,equal,True,Equal,36,,False,False,CVJMQWMZ_s036,
CVJMQWMZ,503.0,when,2400.0,2404.0,503,when,2400,2404,equal,True,Equal,36,,False,False,CVJMQWMZ_s036,
CVJMQWMZ,504.0,suddenly,2405.0,2413.0,504,suddenly,2405,2413,equal,True,Equal,36,,False,False,CVJMQWMZ_s036,
CVJMQWMZ,505.0,",",2413.0,2414.0,505,",",2413,2414,equal,True,Equal,36,,False,False,CVJMQWMZ_s036,
CVJMQWMZ,506.0,his,2415.0,2418.0,506,his,2415,2418,equal,True,Equal,36,,False,False,CVJMQWMZ_s036,
CVJMQWMZ,507.0,surroundings,2419.0,2431.0,507,surroundings,2419,2431,equal,True,Equal,36,,False,False,CVJMQWMZ_s036,
CVJMQWMZ,508.0,began,2432.0,2437.0,508,began,2432,2437,equal,True,Equal,36,,False,False,CVJMQWMZ_s036,
CVJMQWMZ,509.0,to,2438.0,2440.0,509,to,2438,2440,equal,True,Equal,36,,False,False,CVJMQWMZ_s036,
CVJMQWMZ,510.0,change,2441.0,2447.0,510,change,2441,2447,equal,True,Equal,36,,False,False,CVJMQWMZ_s036,
CVJMQWMZ,511.0,.,2447.0,2448.0,511,.,2447,2448,equal,True,Equal,36,Sentence Ending,False,False,CVJMQWMZ_s036,Correct Ending
CVJMQWMZ,512.0,Plentiful,2449.0,2458.0,512,Plentiful,2449,2458,equal,True,Equal,37,Sentence Beginning,False,False,CVJMQWMZ_s037,Correct Beginning
CVJMQWMZ,513.0,of,2459.0,2461.0,513,of,2459,2461,equal,True,Equal,37,,False,False,CVJMQWMZ_s037,
CVJMQWMZ,514.0,gold,2462.0,2466.0,514,gold,2462,2466,equal,True,Equal,37,,False,False,CVJMQWMZ_s037,
CVJMQWMZ,515.0,",",2466.0,2467.0,515,",",2466,2467,equal,True,Equal,37,,False,False,CVJMQWMZ_s037,
CVJMQWMZ,516.0,silver,2468.0,2474.0,516,silver,2468,2474,equal,True,Equal,37,,False,False,CVJMQWMZ_s037,
CVJMQWMZ,517.0,and,2475.0,2478.0,517,and,2475,2478,equal,True,Equal,37,,False,False,CVJMQWMZ_s037,
CVJMQWMZ,518.0,jewels,2479.0,2485.0,518,jewels,2479,2485,equal,True,Equal,37,,False,False,CVJMQWMZ_s037,
CVJMQWMZ,519.0,appeared,2486.0,2494.0,519,appeared,2486,2494,equal,True,Equal,37,,False,False,CVJMQWMZ_s037,
CVJMQWMZ,520.0,in,2495.0,2497.0,520,in,2495,2497,equal,True,Equal,37,,False,False,CVJMQWMZ_s037,
CVJMQWMZ,521.0,front,2498.0,2503.0,521,front,2498,2503,equal,True,Equal,37,,False,False,CVJMQWMZ_s037,
CVJMQWMZ,522.0,of,2504.0,2506.0,522,of,2504,2506,equal,True,Equal,37,,False,False,CVJMQWMZ_s037,
CVJMQWMZ,523.0,him,2507.0,2510.0,523,him,2507,2510,equal,True,Equal,37,,False,False,CVJMQWMZ_s037,
CVJMQWMZ,524.0,.,2510.0,2511.0,524,.,2510,2511,equal,True,Equal,37,Sentence Ending,False,False,CVJMQWMZ_s037,Correct Ending
CVJMQWMZ,525.0,Jack,2512.0,2516.0,525,Jack,2512,2516,equal,True,Equal,38,Sentence Beginning,False,False,CVJMQWMZ_s038,Correct Beginning
CVJMQWMZ,526.0,lifted,2517.0,2523.0,526,lifted,2517,2523,equal,True,Equal,38,,False,False,CVJMQWMZ_s038,
CVJMQWMZ,527.0,his,2524.0,2527.0,527,his,2524,2527,equal,True,Equal,38,,False,False,CVJMQWMZ_s038,
CVJMQWMZ,528.0,hands,2528.0,2533.0,528,hands,2528,2533,equal,True,Equal,38,,False,False,CVJMQWMZ_s038,
CVJMQWMZ,529.0,from,2534.0,2538.0,529,from,2534,2538,equal,True,Equal,38,,False,False,CVJMQWMZ_s038,
CVJMQWMZ,530.0,the,2539.0,2542.0,530,the,2539,2542,equal,True,Equal,38,,False,False,CVJMQWMZ_s038,
CVJMQWMZ,531.0,Vase,2543.0,2547.0,531,Vase,2543,2547,equal,True,Equal,38,,False,False,CVJMQWMZ_s038,
CVJMQWMZ,532.0,and,2548.0,2551.0,532,and,2548,2551,equal,True,Equal,38,,False,False,CVJMQWMZ_s038,
CVJMQWMZ,533.0,in,2552.0,2554.0,533,in,2552,2554,equal,True,Equal,38,,False,False,CVJMQWMZ_s038,
CVJMQWMZ,534.0,the,2555.0,2558.0,534,the,2555,2558,equal,True,Equal,38,,False,False,CVJMQWMZ_s038,
CVJMQWMZ,535.0,blink,2559.0,2564.0,535,blink,2559,2564,equal,True,Equal,38,,False,False,CVJMQWMZ_s038,
CVJMQWMZ,536.0,of,2565.0,2567.0,536,of,2565,2567,equal,True,Equal,38,,False,False,CVJMQWMZ_s038,
CVJMQWMZ,537.0,an,2568.0,2570.0,537,an,2568,2570,equal,True,Equal,38,,False,False,CVJMQWMZ_s038,
CVJMQWMZ,538.0,eye,2571.0,2574.0,538,eye,2571,2574,equal,True,Equal,38,,False,False,CVJMQWMZ_s038,
CVJMQWMZ,539.0,",",2574.0,2575.0,539,",",2574,2575,equal,True,Equal,38,,False,False,CVJMQWMZ_s038,
CVJMQWMZ,540.0,everything,2576.0,2586.0,540,everything,2576,2586,equal,True,Equal,38,,False,False,CVJMQWMZ_s038,
CVJMQWMZ,541.0,was,2587.0,2590.0,541,was,2587,2590,equal,True,Equal,38,,False,False,CVJMQWMZ_s038,
CVJMQWMZ,542.0,gone,2591.0,2595.0,542,gone,2591,2595,equal,True,Equal,38,,False,False,CVJMQWMZ_s038,
CVJMQWMZ,543.0,.,2595.0,2596.0,543,.,2595,2596,equal,True,Equal,38,Sentence Ending,False,False,CVJMQWMZ_s038,Correct Ending
CVJMQWMZ,544.0,What,2597.0,2601.0,544,What,2597,2601,equal,True,Equal,39,Sentence Beginning,False,False,CVJMQWMZ_s039,Correct Beginning
CVJMQWMZ,545.0,was,2602.0,2605.0,545,was,2602,2605,equal,True,Equal,39,,False,False,CVJMQWMZ_s039,
CVJMQWMZ,546.0,happening,2606.0,2615.0,546,happening,2606,2615,equal,True,Equal,39,,False,False,CVJMQWMZ_s039,
CVJMQWMZ,547.0,?,2615.0,2616.0,547,?,2615,2616,equal,True,Equal,39,Sentence Ending,False,False,CVJMQWMZ_s039,Correct Ending
CVJMQWMZ,548.0,Jack,2617.0,2621.0,548,Jack,2617,2621,equal,True,Equal,40,Sentence Beginning,False,False,CVJMQWMZ_s040,Correct Beginning
CVJMQWMZ,549.0,placed,2622.0,2628.0,549,placed,2622,2628,equal,True,Equal,40,,False,False,CVJMQWMZ_s040,
CVJMQWMZ,550.0,his,2629.0,2632.0,550,his,2629,2632,equal,True,Equal,40,,False,False,CVJMQWMZ_s040,
CVJMQWMZ,551.0,hands,2633.0,2638.0,551,hands,2633,2638,equal,True,Equal,40,,False,False,CVJMQWMZ_s040,
CVJMQWMZ,552.0,on,2639.0,2641.0,552,on,2639,2641,equal,True,Equal,40,,False,False,CVJMQWMZ_s040,
CVJMQWMZ,553.0,the,2642.0,2645.0,553,the,2642,2645,equal,True,Equal,40,,False,False,CVJMQWMZ_s040,
CVJMQWMZ,554.0,glimmering,2646.0,2656.0,554,glimmering,2646,2656,equal,True,Equal,40,,False,False,CVJMQWMZ_s040,
CVJMQWMZ,555.0,artefact,2657.0,2665.0,555,artefact,2657,2665,equal,True,Equal,40,,False,False,CVJMQWMZ_s040,
CVJMQWMZ,556.0,again,2666.0,2671.0,556,again,2666,2671,equal,True,Equal,40,,False,False,CVJMQWMZ_s040,
CVJMQWMZ,557.0,as,2672.0,2674.0,557,as,2672,2674,equal,True,Equal,40,,False,False,CVJMQWMZ_s040,
CVJMQWMZ,558.0,the,2675.0,2678.0,558,the,2675,2678,equal,True,Equal,40,,False,False,CVJMQWMZ_s040,
CVJMQWMZ,559.0,dirty,2679.0,2684.0,559,dirty,2679,2684,equal,True,Equal,40,,False,False,CVJMQWMZ_s040,
CVJMQWMZ,560.0,sandstone,2685.0,2694.0,560,sandstone,2685,2694,equal,True,Equal,40,,False,False,CVJMQWMZ_s040,
CVJMQWMZ,561.0,ruins,2695.0,2700.0,561,ruins,2695,2700,equal,True,Equal,40,,False,False,CVJMQWMZ_s040,
CVJMQWMZ,562.0,started,2701.0,2708.0,562,started,2701,2708,equal,True,Equal,40,,False,False,CVJMQWMZ_s040,
CVJMQWMZ,563.0,transforming,2709.0,2721.0,563,transforming,2709,2721,equal,True,Equal,40,,False,False,CVJMQWMZ_s040,
CVJMQWMZ,564.0,again,2722.0,2727.0,564,again,2722,2727,equal,True,Equal,40,,False,False,CVJMQWMZ_s040,
CVJMQWMZ,565.0,.,2727.0,2728.0,565,.,2727,2728,equal,True,Equal,40,Sentence Ending,False,False,CVJMQWMZ_s040,Correct Ending
CVJMQWMZ,566.0,This,2729.0,2733.0,566,This,2729,2733,equal,True,Equal,41,Sentence Beginning,False,False,CVJMQWMZ_s041,Correct Beginning
CVJMQWMZ,567.0,time,2734.0,2738.0,567,time,2734,2738,equal,True,Equal,41,,False,False,CVJMQWMZ_s041,
CVJMQWMZ,568.0,",",2738.0,2739.0,568,",",2738,2739,equal,True,Equal,41,,False,False,CVJMQWMZ_s041,
CVJMQWMZ,569.0,a,2740.0,2741.0,569,a,2740,2741,equal,True,Equal,41,,False,False,CVJMQWMZ_s041,
CVJMQWMZ,570.0,sweet,2742.0,2747.0,570,sweet,2742,2747,equal,True,Equal,41,,False,False,CVJMQWMZ_s041,
CVJMQWMZ,571.0,alluring,2748.0,2756.0,571,alluring,2748,2756,equal,True,Equal,41,,False,False,CVJMQWMZ_s041,
CVJMQWMZ,572.0,voice,2757.0,2762.0,572,voice,2757,2762,equal,True,Equal,41,,False,False,CVJMQWMZ_s041,
CVJMQWMZ,573.0,spoke,2763.0,2768.0,573,spoke,2763,2768,equal,True,Equal,41,,False,False,CVJMQWMZ_s041,
CVJMQWMZ,574.0,up,2769.0,2771.0,574,up,2769,2771,equal,True,Equal,41,,False,False,CVJMQWMZ_s041,
CVJMQWMZ,575.0,.,2771.0,2772.0,575,.,2771,2772,equal,True,Equal,41,Sentence Ending,False,False,CVJMQWMZ_s041,Correct Ending
CVJMQWMZ,576.0,"""",2773.0,2774.0,576,"""",2773,2774,equal,True,Equal,42,,False,False,CVJMQWMZ_s042,
CVJMQWMZ,577.0,Riches,2774.0,2780.0,577,Riches,2774,2780,equal,True,Equal,42,Sentence Beginning,False,False,CVJMQWMZ_s042,Correct Beginning
CVJMQWMZ,578.0,",",2780.0,2781.0,578,",",2780,2781,equal,True,Equal,42,,False,False,CVJMQWMZ_s042,
CVJMQWMZ,579.0,Money,2782.0,2787.0,579,Money,2782,2787,equal,True,Equal,42,,False,False,CVJMQWMZ_s042,
CVJMQWMZ,580.0,",",2787.0,2788.0,580,",",2787,2788,equal,True,Equal,42,,False,False,CVJMQWMZ_s042,
CVJMQWMZ,581.0,Jewels,2789.0,2795.0,581,Jewels,2789,2795,equal,True,Equal,42,,False,False,CVJMQWMZ_s042,
CVJMQWMZ,582.0,.,2795.0,2796.0,582,.,2795,2796,equal,True,Equal,42,Sentence Ending,False,False,CVJMQWMZ_s042,Correct Ending
CVJMQWMZ,583.0,"""",2796.0,2797.0,583,"""",2796,2797,equal,True,Equal,43,,False,False,CVJMQWMZ_s043,
CVJMQWMZ,584.0,it,2798.0,2800.0,584,it,2798,2800,equal,True,Equal,43,Sentence Beginning,False,False,CVJMQWMZ_s043,Incorrect Beginning
CVJMQWMZ,585.0,said,2801.0,2805.0,585,said,2801,2805,equal,True,Equal,43,,False,False,CVJMQWMZ_s043,
CVJMQWMZ,586.0,",",2805.0,2806.0,586,",",2805,2806,equal,True,Equal,43,,False,False,CVJMQWMZ_s043,
CVJMQWMZ,587.0,"""",2807.0,2808.0,587,"""",2807,2808,equal,True,Equal,43,,False,False,CVJMQWMZ_s043,
CVJMQWMZ,588.0,Is,2808.0,2810.0,588,Is,2808,2810,equal,True,Equal,43,,False,False,CVJMQWMZ_s043,
CVJMQWMZ,589.0,this,2811.0,2815.0,589,this,2811,2815,equal,True,Equal,43,,False,False,CVJMQWMZ_s043,
CVJMQWMZ,590.0,what,2816.0,2820.0,590,what,2816,2820,equal,True,Equal,43,,False,False,CVJMQWMZ_s043,
CVJMQWMZ,591.0,you,2821.0,2824.0,591,you,2821,2824,equal,True,Equal,43,,False,False,CVJMQWMZ_s043,
CVJMQWMZ,592.0,want,2825.0,2829.0,592,want,2825,2829,equal,True,Equal,43,,False,False,CVJMQWMZ_s043,
CVJMQWMZ,593.0,?,2829.0,2830.0,593,?,2829,2830,equal,True,Equal,43,Sentence Ending,False,False,CVJMQWMZ_s043,Correct Ending
CVJMQWMZ,594.0,"""",2830.0,2831.0,594,"""",2830,2831,equal,True,Equal,44,,False,False,CVJMQWMZ_s044,
CVJMQWMZ,595.0,As,2832.0,2834.0,595,As,2832,2834,equal,True,Equal,44,Sentence Beginning,False,False,CVJMQWMZ_s044,Correct Beginning
CVJMQWMZ,596.0,tempting,2835.0,2843.0,596,tempting,2835,2843,equal,True,Equal,44,,False,False,CVJMQWMZ_s044,
CVJMQWMZ,597.0,as,2844.0,2846.0,597,as,2844,2846,equal,True,Equal,44,,False,False,CVJMQWMZ_s044,
CVJMQWMZ,598.0,it,2847.0,2849.0,598,it,2847,2849,equal,True,Equal,44,,False,False,CVJMQWMZ_s044,
CVJMQWMZ,599.0,was,2850.0,2853.0,599,was,2850,2853,equal,True,Equal,44,,False,False,CVJMQWMZ_s044,
CVJMQWMZ,600.0,",",2853.0,2854.0,600,",",2853,2854,equal,True,Equal,44,,False,False,CVJMQWMZ_s044,
CVJMQWMZ,601.0,Jack,2855.0,2859.0,601,Jack,2855,2859,equal,True,Equal,44,,False,False,CVJMQWMZ_s044,
CVJMQWMZ,602.0,shook,2860.0,2865.0,602,shook,2860,2865,equal,True,Equal,44,,False,False,CVJMQWMZ_s044,
CVJMQWMZ,603.0,his,2866.0,2869.0,603,his,2866,2869,equal,True,Equal,44,,False,False,CVJMQWMZ_s044,
CVJMQWMZ,604.0,head,2870.0,2874.0,604,head,2870,2874,equal,True,Equal,44,,False,False,CVJMQWMZ_s044,
CVJMQWMZ,605.0,.,2874.0,2875.0,605,.,2874,2875,equal,True,Equal,44,Sentence Ending,False,False,CVJMQWMZ_s044,Correct Ending
CVJMQWMZ,606.0,He,2876.0,2878.0,606,He,2876,2878,equal,True,Equal,45,Sentence Beginning,False,False,CVJMQWMZ_s045,Correct Beginning
CVJMQWMZ,607.0,grew,2879.0,2883.0,607,grew,2879,2883,equal,True,Equal,45,,False,False,CVJMQWMZ_s045,
CVJMQWMZ,608.0,up,2884.0,2886.0,608,up,2884,2886,equal,True,Equal,45,,False,False,CVJMQWMZ_s045,
CVJMQWMZ,609.0,in,2887.0,2889.0,609,in,2887,2889,equal,True,Equal,45,,False,False,CVJMQWMZ_s045,
CVJMQWMZ,610.0,a,2890.0,2891.0,610,a,2890,2891,equal,True,Equal,45,,False,False,CVJMQWMZ_s045,
CVJMQWMZ,611.0,less,2892.0,2896.0,611,less,2892,2896,equal,True,Equal,45,,False,False,CVJMQWMZ_s045,
CVJMQWMZ,612.0,fortunate,2897.0,2906.0,612,fortunate,2897,2906,equal,True,Equal,45,,False,False,CVJMQWMZ_s045,
CVJMQWMZ,613.0,household,2907.0,2916.0,613,household,2907,2916,equal,True,Equal,45,,False,False,CVJMQWMZ_s045,
CVJMQWMZ,614.0,with,2917.0,2921.0,614,with,2917,2921,equal,True,Equal,45,,False,False,CVJMQWMZ_s045,
CVJMQWMZ,615.0,his,2922.0,2925.0,615,his,2922,2925,equal,True,Equal,45,,False,False,CVJMQWMZ_s045,
CVJMQWMZ,616.0,sister,2926.0,2932.0,616,sister,2926,2932,equal,True,Equal,45,,False,False,CVJMQWMZ_s045,
CVJMQWMZ,617.0,.,2932.0,2933.0,617,.,2932,2933,equal,True,Equal,45,Sentence Ending,False,False,CVJMQWMZ_s045,Correct Ending
CVJMQWMZ,618.0,He,2934.0,2936.0,618,He,2934,2936,equal,True,Equal,46,Sentence Beginning,False,False,CVJMQWMZ_s046,Correct Beginning
CVJMQWMZ,619.0,had,2937.0,2940.0,619,had,2937,2940,equal,True,Equal,46,,False,False,CVJMQWMZ_s046,
CVJMQWMZ,620.0,always,2941.0,2947.0,620,always,2941,2947,equal,True,Equal,46,,False,False,CVJMQWMZ_s046,
CVJMQWMZ,621.0,dreamt,2948.0,2954.0,621,dreamt,2948,2954,equal,True,Equal,46,,False,False,CVJMQWMZ_s046,
CVJMQWMZ,622.0,of,2955.0,2957.0,622,of,2955,2957,equal,True,Equal,46,,False,False,CVJMQWMZ_s046,
CVJMQWMZ,623.0,being,2958.0,2963.0,623,being,2958,2963,equal,True,Equal,46,,False,False,CVJMQWMZ_s046,
CVJMQWMZ,624.0,wealthy,2964.0,2971.0,624,wealthy,2964,2971,equal,True,Equal,46,,False,False,CVJMQWMZ_s046,
CVJMQWMZ,625.0,",",2971.0,2972.0,625,",",2971,2972,equal,True,Equal,46,,False,False,CVJMQWMZ_s046,
CVJMQWMZ,626.0,being,2973.0,2978.0,626,being,2973,2978,equal,True,Equal,46,,False,False,CVJMQWMZ_s046,
CVJMQWMZ,627.0,able,2979.0,2983.0,627,able,2979,2983,equal,True,Equal,46,,False,False,CVJMQWMZ_s046,
CVJMQWMZ,628.0,to,2984.0,2986.0,628,to,2984,2986,equal,True,Equal,46,,False,False,CVJMQWMZ_s046,
CVJMQWMZ,629.0,live,2987.0,2991.0,629,live,2987,2991,equal,True,Equal,46,,False,False,CVJMQWMZ_s046,
CVJMQWMZ,630.0,every,2992.0,2997.0,630,every,2992,2997,equal,True,Equal,46,,False,False,CVJMQWMZ_s046,
CVJMQWMZ,631.0,single,2998.0,3004.0,631,single,2998,3004,equal,True,Equal,46,,False,False,CVJMQWMZ_s046,
CVJMQWMZ,632.0,day,3005.0,3008.0,632,day,3005,3008,equal,True,Equal,46,,False,False,CVJMQWMZ_s046,
CVJMQWMZ,633.0,without,3009.0,3016.0,633,without,3009,3016,equal,True,Equal,46,,False,False,CVJMQWMZ_s046,
CVJMQWMZ,634.0,being,3017.0,3022.0,634,being,3017,3022,equal,True,Equal,46,,False,False,CVJMQWMZ_s046,
CVJMQWMZ,635.0,hungry,3023.0,3029.0,635,hungry,3023,3029,equal,True,Equal,46,,False,False,CVJMQWMZ_s046,
CVJMQWMZ,636.0,",",3029.0,3030.0,636,",",3029,3030,equal,True,Equal,46,,False,False,CVJMQWMZ_s046,
CVJMQWMZ,637.0,but,3031.0,3034.0,637,but,3031,3034,equal,True,Equal,46,,False,False,CVJMQWMZ_s046,
CVJMQWMZ,638.0,he,3035.0,3037.0,638,he,3035,3037,equal,True,Equal,46,,False,False,CVJMQWMZ_s046,
CVJMQWMZ,639.0,wanted,3038.0,3044.0,639,wanted,3038,3044,equal,True,Equal,46,,False,False,CVJMQWMZ_s046,
CVJMQWMZ,640.0,something,3045.0,3054.0,640,something,3045,3054,equal,True,Equal,46,,False,False,CVJMQWMZ_s046,
CVJMQWMZ,641.0,else,3055.0,3059.0,641,else,3055,3059,equal,True,Equal,46,,False,False,CVJMQWMZ_s046,
CVJMQWMZ,642.0,this,3060.0,3064.0,642,this,3060,3064,equal,True,Equal,46,,False,False,CVJMQWMZ_s046,
CVJMQWMZ,643.0,time,3065.0,3069.0,643,time,3065,3069,equal,True,Equal,46,,False,False,CVJMQWMZ_s046,
CVJMQWMZ,644.0,.,3069.0,3070.0,644,.,3069,3070,equal,True,Equal,46,Sentence Ending,False,False,CVJMQWMZ_s046,Correct Ending
CVJMQWMZ,645.0,The,3071.0,3074.0,645,The,3071,3074,equal,True,Equal,47,Sentence Beginning,False,False,CVJMQWMZ_s047,Correct Beginning
CVJMQWMZ,646.0,voice,3075.0,3080.0,646,voice,3075,3080,equal,True,Equal,47,,False,False,CVJMQWMZ_s047,
CVJMQWMZ,647.0,muttered,3081.0,3089.0,647,muttered,3081,3089,equal,True,Equal,47,,False,False,CVJMQWMZ_s047,
CVJMQWMZ,648.0,out,3090.0,3093.0,648,out,3090,3093,equal,True,Equal,47,,False,False,CVJMQWMZ_s047,
CVJMQWMZ,649.0,a,3094.0,3095.0,649,a,3094,3095,equal,True,Equal,47,,False,False,CVJMQWMZ_s047,
CVJMQWMZ,650.0,low,3096.0,3099.0,650,low,3096,3099,equal,True,Equal,47,,False,False,CVJMQWMZ_s047,
CVJMQWMZ,651.0,"""",3100.0,3101.0,651,"""",3100,3101,equal,True,Equal,47,,False,False,CVJMQWMZ_s047,
CVJMQWMZ,652.0,hmm,3101.0,3104.0,652,hmm,3101,3104,equal,True,Equal,47,,False,False,CVJMQWMZ_s047,
CVJMQWMZ,653.0,"""",3104.0,3105.0,653,"""",3104,3105,equal,True,Equal,47,,False,False,CVJMQWMZ_s047,
CVJMQWMZ,654.0,and,3106.0,3109.0,654,and,3106,3109,equal,True,Equal,47,,False,False,CVJMQWMZ_s047,
CVJMQWMZ,655.0,continued,3110.0,3119.0,655,continued,3110,3119,equal,True,Equal,47,,False,False,CVJMQWMZ_s047,
CVJMQWMZ,656.0,.,3119.0,3120.0,656,.,3119,3120,equal,True,Equal,47,Sentence Ending,False,False,CVJMQWMZ_s047,Correct Ending
CVJMQWMZ,657.0,"""",3121.0,3122.0,657,"""",3121,3122,equal,True,Equal,48,,False,False,CVJMQWMZ_s048,
CVJMQWMZ,658.0,Power,3122.0,3127.0,658,Power,3122,3127,equal,True,Equal,48,Sentence Beginning,False,False,CVJMQWMZ_s048,Correct Beginning
CVJMQWMZ,659.0,",",3127.0,3128.0,659,",",3127,3128,equal,True,Equal,48,,False,False,CVJMQWMZ_s048,
CVJMQWMZ,660.0,glory,3129.0,3134.0,660,glory,3129,3134,equal,True,Equal,48,,False,False,CVJMQWMZ_s048,
CVJMQWMZ,661.0,and,3135.0,3138.0,661,and,3135,3138,equal,True,Equal,48,,False,False,CVJMQWMZ_s048,
CVJMQWMZ,662.0,fame,3139.0,3143.0,662,fame,3139,3143,equal,True,Equal,48,,False,False,CVJMQWMZ_s048,
CVJMQWMZ,663.0,?,3143.0,3144.0,663,?,3143,3144,equal,True,Equal,48,Sentence Ending,False,False,CVJMQWMZ_s048,Correct Ending
CVJMQWMZ,664.0,"""",3144.0,3145.0,664,"""",3144,3145,equal,True,Equal,49,,False,False,CVJMQWMZ_s049,
CVJMQWMZ,665.0,it,3146.0,3148.0,665,it,3146,3148,equal,True,Equal,49,Sentence Beginning,False,False,CVJMQWMZ_s049,Incorrect Beginning
CVJMQWMZ,666.0,said,3149.0,3153.0,666,said,3149,3153,equal,True,Equal,49,,False,False,CVJMQWMZ_s049,
CVJMQWMZ,667.0,as,3154.0,3156.0,667,as,3154,3156,equal,True,Equal,49,,False,False,CVJMQWMZ_s049,
CVJMQWMZ,668.0,Jack,3157.0,3161.0,668,Jack,3157,3161,equal,True,Equal,49,,False,False,CVJMQWMZ_s049,
CVJMQWMZ,669.0,could,3162.0,3167.0,669,could,3162,3167,equal,True,Equal,49,,False,False,CVJMQWMZ_s049,
CVJMQWMZ,670.0,see,3168.0,3171.0,670,see,3168,3171,equal,True,Equal,49,,False,False,CVJMQWMZ_s049,
CVJMQWMZ,671.0,his,3172.0,3175.0,671,his,3172,3175,equal,True,Equal,49,,False,False,CVJMQWMZ_s049,
CVJMQWMZ,672.0,surroundings,3176.0,3188.0,672,surroundings,3176,3188,equal,True,Equal,49,,False,False,CVJMQWMZ_s049,
CVJMQWMZ,673.0,change,3189.0,3195.0,673,change,3189,3195,equal,True,Equal,49,,False,False,CVJMQWMZ_s049,
CVJMQWMZ,674.0,again,3196.0,3201.0,674,again,3196,3201,equal,True,Equal,49,,False,False,CVJMQWMZ_s049,
CVJMQWMZ,675.0,",",3201.0,3202.0,675,",",3201,3202,equal,True,Equal,49,,False,False,CVJMQWMZ_s049,
CVJMQWMZ,676.0,this,3203.0,3207.0,676,this,3203,3207,equal,True,Equal,49,,False,False,CVJMQWMZ_s049,
CVJMQWMZ,677.0,time,3208.0,3212.0,677,time,3208,3212,equal,True,Equal,49,,False,False,CVJMQWMZ_s049,
CVJMQWMZ,678.0,into,3213.0,3217.0,678,into,3213,3217,equal,True,Equal,49,,False,False,CVJMQWMZ_s049,
CVJMQWMZ,679.0,an,3218.0,3220.0,679,an,3218,3220,equal,True,Equal,49,,False,False,CVJMQWMZ_s049,
CVJMQWMZ,680.0,extravagant,3221.0,3232.0,680,extravagant,3221,3232,equal,True,Equal,49,,False,False,CVJMQWMZ_s049,
CVJMQWMZ,681.0,castle,3233.0,3239.0,681,castle,3233,3239,equal,True,Equal,49,,False,False,CVJMQWMZ_s049,
CVJMQWMZ,682.0,lined,3240.0,3245.0,682,lined,3240,3245,equal,True,Equal,49,,False,False,CVJMQWMZ_s049,
CVJMQWMZ,683.0,with,3246.0,3250.0,683,with,3246,3250,equal,True,Equal,49,,False,False,CVJMQWMZ_s049,
CVJMQWMZ,684.0,gold,3251.0,3255.0,684,gold,3251,3255,equal,True,Equal,49,,False,False,CVJMQWMZ_s049,
CVJMQWMZ,685.0,and,3256.0,3259.0,685,and,3256,3259,equal,True,Equal,49,,False,False,CVJMQWMZ_s049,
CVJMQWMZ,686.0,red,3260.0,3263.0,686,red,3260,3263,equal,True,Equal,49,,False,False,CVJMQWMZ_s049,
CVJMQWMZ,687.0,carpets,3264.0,3271.0,687,carpets,3264,3271,equal,True,Equal,49,,False,False,CVJMQWMZ_s049,
CVJMQWMZ,688.0,.,3271.0,3272.0,688,.,3271,3272,equal,True,Equal,49,Sentence Ending,False,False,CVJMQWMZ_s049,Correct Ending
CVJMQWMZ,689.0,Once,3273.0,3277.0,689,Once,3273,3277,equal,True,Equal,50,Sentence Beginning,False,False,CVJMQWMZ_s050,Correct Beginning
CVJMQWMZ,690.0,again,3278.0,3283.0,690,again,3278,3283,equal,True,Equal,50,,False,False,CVJMQWMZ_s050,
CVJMQWMZ,691.0,",",3283.0,3284.0,691,",",3283,3284,equal,True,Equal,50,,False,False,CVJMQWMZ_s050,
CVJMQWMZ,692.0,Jack,3285.0,3289.0,692,Jack,3285,3289,equal,True,Equal,50,,False,False,CVJMQWMZ_s050,
CVJMQWMZ,693.0,shook,3290.0,3295.0,693,shook,3290,3295,equal,True,Equal,50,,False,False,CVJMQWMZ_s050,
CVJMQWMZ,694.0,his,3296.0,3299.0,694,his,3296,3299,equal,True,Equal,50,,False,False,CVJMQWMZ_s050,
CVJMQWMZ,695.0,head,3300.0,3304.0,695,head,3300,3304,equal,True,Equal,50,,False,False,CVJMQWMZ_s050,
CVJMQWMZ,696.0,.,3304.0,3305.0,696,.,3304,3305,equal,True,Equal,50,Sentence Ending,False,False,CVJMQWMZ_s050,Correct Ending
CVJMQWMZ,697.0,"""",3306.0,3307.0,697,"""",3306,3307,equal,True,Equal,51,,False,False,CVJMQWMZ_s051,
CVJMQWMZ,698.0,What,3307.0,3311.0,698,What,3307,3311,equal,True,Equal,51,Sentence Beginning,False,False,CVJMQWMZ_s051,Correct Beginning
CVJMQWMZ,699.0,is,3312.0,3314.0,699,is,3312,3314,equal,True,Equal,51,,False,False,CVJMQWMZ_s051,
CVJMQWMZ,700.0,it,3315.0,3317.0,700,it,3315,3317,equal,True,Equal,51,,False,False,CVJMQWMZ_s051,
CVJMQWMZ,701.0,then,3318.0,3322.0,701,then,3318,3322,equal,True,Equal,51,,False,False,CVJMQWMZ_s051,
CVJMQWMZ,702.0,",",3322.0,3323.0,702,",",3322,3323,equal,True,Equal,51,,False,False,CVJMQWMZ_s051,
CVJMQWMZ,703.0,wandering,3324.0,3333.0,703,wandering,3324,3333,equal,True,Equal,51,,False,False,CVJMQWMZ_s051,
CVJMQWMZ,704.0,traveller,3334.0,3343.0,704,traveller,3334,3343,equal,True,Equal,51,,False,False,CVJMQWMZ_s051,
CVJMQWMZ,705.0,",",3343.0,3344.0,705,",",3343,3344,equal,True,Equal,51,,False,False,CVJMQWMZ_s051,
CVJMQWMZ,706.0,what,3345.0,3349.0,706,what,3345,3349,equal,True,Equal,51,,False,False,CVJMQWMZ_s051,
CVJMQWMZ,707.0,have,3350.0,3354.0,707,have,3350,3354,equal,True,Equal,51,,False,False,CVJMQWMZ_s051,
CVJMQWMZ,708.0,you,3355.0,3358.0,708,you,3355,3358,equal,True,Equal,51,,False,False,CVJMQWMZ_s051,
CVJMQWMZ,709.0,come,3359.0,3363.0,709,come,3359,3363,equal,True,Equal,51,,False,False,CVJMQWMZ_s051,
CVJMQWMZ,710.0,to,3364.0,3366.0,710,to,3364,3366,equal,True,Equal,51,,False,False,CVJMQWMZ_s051,
CVJMQWMZ,711.0,see,3367.0,3370.0,711,see,3367,3370,equal,True,Equal,51,,False,False,CVJMQWMZ_s051,
CVJMQWMZ,712.0,me,3371.0,3373.0,712,me,3371,3373,equal,True,Equal,51,,False,False,CVJMQWMZ_s051,
CVJMQWMZ,713.0,for,3374.0,3377.0,713,for,3374,3377,equal,True,Equal,51,,False,False,CVJMQWMZ_s051,
CVJMQWMZ,714.0,?,3377.0,3378.0,714,?,3377,3378,equal,True,Equal,51,Sentence Ending,False,False,CVJMQWMZ_s051,Correct Ending
CVJMQWMZ,715.0,"""",3378.0,3379.0,715,"""",3378,3379,equal,True,Equal,52,,False,False,CVJMQWMZ_s052,
CVJMQWMZ,716.0,"""",3380.0,3381.0,716,"""",3380,3381,equal,True,Equal,52,,False,False,CVJMQWMZ_s052,
CVJMQWMZ,717.0,For,3381.0,3384.0,717,For,3381,3384,equal,True,Equal,52,Sentence Beginning,False,False,CVJMQWMZ_s052,Correct Beginning
CVJMQWMZ,718.0,health,3385.0,3391.0,718,health,3385,3391,equal,True,Equal,52,,False,False,CVJMQWMZ_s052,
CVJMQWMZ,719.0,",",3391.0,3392.0,719,",",3391,3392,equal,True,Equal,52,,False,False,CVJMQWMZ_s052,
CVJMQWMZ,720.0,my,3393.0,3395.0,720,my,3393,3395,equal,True,Equal,52,,False,False,CVJMQWMZ_s052,
CVJMQWMZ,721.0,family,3396.0,3402.0,721,family,3396,3402,equal,True,Equal,52,,False,False,CVJMQWMZ_s052,
CVJMQWMZ,722.0,-,3402.0,3403.0,722,-,3402,3403,equal,True,Equal,52,,False,False,CVJMQWMZ_s052,
CVJMQWMZ,723.0,"""",3403.0,3404.0,723,"""",3403,3404,equal,True,Equal,52,,False,False,CVJMQWMZ_s052,
CVJMQWMZ,724.0,"""",3405.0,3406.0,724,"""",3405,3406,equal,True,Equal,52,,False,False,CVJMQWMZ_s052,
CVJMQWMZ,725.0,What,3406.0,3410.0,725,What,3406,3410,equal,True,Equal,52,,False,False,CVJMQWMZ_s052,
CVJMQWMZ,726.0,can,3411.0,3414.0,726,can,3411,3414,equal,True,Equal,52,,False,False,CVJMQWMZ_s052,
CVJMQWMZ,727.0,you,3415.0,3418.0,727,you,3415,3418,equal,True,Equal,52,,False,False,CVJMQWMZ_s052,
CVJMQWMZ,728.0,provide,3419.0,3426.0,728,provide,3419,3426,equal,True,Equal,52,,False,False,CVJMQWMZ_s052,
CVJMQWMZ,729.0,for,3427.0,3430.0,729,for,3427,3430,equal,True,Equal,52,,False,False,CVJMQWMZ_s052,
CVJMQWMZ,730.0,me,3431.0,3433.0,730,me,3431,3433,equal,True,Equal,52,,False,False,CVJMQWMZ_s052,
CVJMQWMZ,731.0,",",3433.0,3434.0,731,",",3433,3434,equal,True,Equal,52,,False,False,CVJMQWMZ_s052,
CVJMQWMZ,732.0,in,3435.0,3437.0,732,in,3435,3437,equal,True,Equal,52,,False,False,CVJMQWMZ_s052,
CVJMQWMZ,733.0,exchange,3438.0,3446.0,733,exchange,3438,3446,equal,True,Equal,52,,False,False,CVJMQWMZ_s052,
CVJMQWMZ,734.0,for,3447.0,3450.0,734,for,3447,3450,equal,True,Equal,52,,False,False,CVJMQWMZ_s052,
CVJMQWMZ,735.0,my,3451.0,3453.0,735,my,3451,3453,equal,True,Equal,52,,False,False,CVJMQWMZ_s052,
CVJMQWMZ,736.0,good,3454.0,3458.0,736,good,3454,3458,equal,True,Equal,52,,False,False,CVJMQWMZ_s052,
CVJMQWMZ,737.0,deeds,3459.0,3464.0,737,deeds,3459,3464,equal,True,Equal,52,,False,False,CVJMQWMZ_s052,
CVJMQWMZ,738.0,?,3464.0,3465.0,738,?,3464,3465,equal,True,Equal,52,Sentence Ending,False,False,CVJMQWMZ_s052,Correct Ending
CVJMQWMZ,739.0,"""",3465.0,3466.0,739,"""",3465,3466,equal,True,Equal,53,,False,False,CVJMQWMZ_s053,
CVJMQWMZ,740.0,said,3467.0,3471.0,740,said,3467,3471,equal,True,Equal,53,Sentence Beginning,False,False,CVJMQWMZ_s053,Incorrect Beginning
CVJMQWMZ,741.0,the,3472.0,3475.0,741,the,3472,3475,equal,True,Equal,53,,False,False,CVJMQWMZ_s053,
CVJMQWMZ,742.0,voice,3476.0,3481.0,742,voice,3476,3481,equal,True,Equal,53,,False,False,CVJMQWMZ_s053,
CVJMQWMZ,743.0,Jack,3482.0,3486.0,743,Jack,3482,3486,equal,True,Equal,53,,False,False,CVJMQWMZ_s053,
CVJMQWMZ,744.0,thought,3487.0,3494.0,744,thought,3487,3494,equal,True,Equal,53,,False,False,CVJMQWMZ_s053,
CVJMQWMZ,745.0,for,3495.0,3498.0,745,for,3495,3498,equal,True,Equal,53,,False,False,CVJMQWMZ_s053,
CVJMQWMZ,746.0,a,3499.0,3500.0,746,a,3499,3500,equal,True,Equal,53,,False,False,CVJMQWMZ_s053,
CVJMQWMZ,747.0,bit,3501.0,3504.0,747,bit,3501,3504,equal,True,Equal,53,,False,False,CVJMQWMZ_s053,
CVJMQWMZ,748.0,.,3504.0,3505.0,748,.,3504,3505,equal,True,Equal,53,Sentence Ending,False,False,CVJMQWMZ_s053,Correct Ending
CVJMQWMZ,749.0,"""",3506.0,3507.0,749,"""",3506,3507,equal,True,Equal,54,,False,False,CVJMQWMZ_s054,
CVJMQWMZ,750.0,Anything,3507.0,3515.0,750,Anything,3507,3515,equal,True,Equal,54,Sentence Beginning,False,False,CVJMQWMZ_s054,Correct Beginning
CVJMQWMZ,751.0,",",3515.0,3516.0,751,",",3515,3516,equal,True,Equal,54,,False,False,CVJMQWMZ_s054,
CVJMQWMZ,752.0,even,3517.0,3521.0,752,even,3517,3521,equal,True,Equal,54,,False,False,CVJMQWMZ_s054,
CVJMQWMZ,753.0,if,3522.0,3524.0,753,if,3522,3524,equal,True,Equal,54,,False,False,CVJMQWMZ_s054,
CVJMQWMZ,754.0,it,3525.0,3527.0,754,it,3525,3527,equal,True,Equal,54,,False,False,CVJMQWMZ_s054,
CVJMQWMZ,755.0,means,3528.0,3533.0,755,means,3528,3533,equal,True,Equal,54,,False,False,CVJMQWMZ_s054,
CVJMQWMZ,756.0,my,3534.0,3536.0,756,my,3534,3536,equal,True,Equal,54,,False,False,CVJMQWMZ_s054,
CVJMQWMZ,757.0,life,3537.0,3541.0,757,life,3537,3541,equal,True,Equal,54,,False,False,CVJMQWMZ_s054,
CVJMQWMZ,758.0,.,3541.0,3542.0,758,.,3541,3542,equal,True,Equal,54,Sentence Ending,False,False,CVJMQWMZ_s054,Correct Ending
CVJMQWMZ,759.0,"""",3542.0,3543.0,759,"""",3542,3543,equal,True,Equal,55,,False,False,CVJMQWMZ_s055,
CVJMQWMZ,760.0,he,3544.0,3546.0,760,he,3544,3546,equal,True,Equal,55,Sentence Beginning,False,False,CVJMQWMZ_s055,Incorrect Beginning
CVJMQWMZ,761.0,said,3547.0,3551.0,761,said,3547,3551,equal,True,Equal,55,,False,False,CVJMQWMZ_s055,
CVJMQWMZ,762.0,.,3551.0,3552.0,762,.,3551,3552,equal,True,Equal,55,Sentence Ending,False,False,CVJMQWMZ_s055,Correct Ending
CVJMQWMZ,763.0,The,3553.0,3556.0,763,The,3553,3556,equal,True,Equal,56,Sentence Beginning,False,False,CVJMQWMZ_s056,Correct Beginning
CVJMQWMZ,764.0,voice,3557.0,3562.0,764,voice,3557,3562,equal,True,Equal,56,,False,False,CVJMQWMZ_s056,
CVJMQWMZ,765.0,seemed,3563.0,3569.0,765,seemed,3563,3569,equal,True,Equal,56,,False,False,CVJMQWMZ_s056,
CVJMQWMZ,766.0,quite,3570.0,3575.0,766,quite,3570,3575,equal,True,Equal,56,,False,False,CVJMQWMZ_s056,
CVJMQWMZ,767.0,impressed,3576.0,3585.0,767,impressed,3576,3585,equal,True,Equal,56,,False,False,CVJMQWMZ_s056,
CVJMQWMZ,768.0,as,3586.0,3588.0,768,as,3586,3588,equal,True,Equal,56,,False,False,CVJMQWMZ_s056,
CVJMQWMZ,769.0,Jack,3589.0,3593.0,769,Jack,3589,3593,equal,True,Equal,56,,False,False,CVJMQWMZ_s056,
CVJMQWMZ,770.0,felt,3594.0,3598.0,770,felt,3594,3598,equal,True,Equal,56,,False,False,CVJMQWMZ_s056,
CVJMQWMZ,771.0,his,3599.0,3602.0,771,his,3599,3602,equal,True,Equal,56,,False,False,CVJMQWMZ_s056,
CVJMQWMZ,772.0,surroundings,3603.0,3615.0,772,surroundings,3603,3615,equal,True,Equal,56,,False,False,CVJMQWMZ_s056,
CVJMQWMZ,773.0,change,3616.0,3622.0,773,change,3616,3622,equal,True,Equal,56,,False,False,CVJMQWMZ_s056,
CVJMQWMZ,774.0,again,3623.0,3628.0,774,again,3623,3628,equal,True,Equal,56,,False,False,CVJMQWMZ_s056,
CVJMQWMZ,775.0,.,3628.0,3629.0,775,.,3628,3629,equal,True,Equal,56,Sentence Ending,False,False,CVJMQWMZ_s056,Correct Ending
CVJMQWMZ,776.0,"""",3630.0,3631.0,776,"""",3630,3631,equal,True,Equal,57,,False,False,CVJMQWMZ_s057,
CVJMQWMZ,777.0,Your,3631.0,3635.0,777,Your,3631,3635,equal,True,Equal,57,Sentence Beginning,False,False,CVJMQWMZ_s057,Correct Beginning
CVJMQWMZ,778.0,wish,3636.0,3640.0,778,wish,3636,3640,equal,True,Equal,57,,False,False,CVJMQWMZ_s057,
CVJMQWMZ,779.0,has,3641.0,3644.0,779,has,3641,3644,equal,True,Equal,57,,False,False,CVJMQWMZ_s057,
CVJMQWMZ,780.0,been,3645.0,3649.0,780,been,3645,3649,equal,True,Equal,57,,False,False,CVJMQWMZ_s057,
CVJMQWMZ,781.0,granted,3650.0,3657.0,781,granted,3650,3657,equal,True,Equal,57,,False,False,CVJMQWMZ_s057,
CVJMQWMZ,782.0,.,3657.0,3658.0,782,.,3657,3658,equal,True,Equal,57,Sentence Ending,False,False,CVJMQWMZ_s057,Correct Ending
CVJMQWMZ,783.0,"""",3658.0,3659.0,783,"""",3658,3659,equal,True,Equal,58,,False,False,CVJMQWMZ_s058,
CVJMQWMZ,,,,,784,.,3659,3660,insert,False,PunctuationInsertion,58,Sentence Ending,False,False,CVJMQWMZ_s058,Incorrect Ending
DDNDNLWD,0.0,My,0.0,2.0,0,My,0,2,equal,True,Equal,0,Sentence Beginning,False,False,DDNDNLWD_s000,Correct Beginning
DDNDNLWD,1.0,dreams,3.0,9.0,1,dreams,3,9,equal,True,Equal,0,,False,False,DDNDNLWD_s000,
DDNDNLWD,2.0,are,10.0,13.0,2,are,10,13,equal,True,Equal,0,,False,False,DDNDNLWD_s000,
DDNDNLWD,3.0,somewhat,14.0,22.0,3,somewhat,14,22,equal,True,Equal,0,,False,False,DDNDNLWD_s000,
DDNDNLWD,4.0,interesting,23.0,34.0,4,interesting,23,34,equal,True,Equal,0,,False,False,DDNDNLWD_s000,
DDNDNLWD,5.0,.,34.0,35.0,5,.,34,35,equal,True,Equal,0,Sentence Ending,False,False,DDNDNLWD_s000,Correct Ending
DDNDNLWD,6.0,They,36.0,40.0,6,They,36,40,equal,True,Equal,1,Sentence Beginning,False,False,DDNDNLWD_s001,Correct Beginning
DDNDNLWD,7.0,used,41.0,45.0,7,used,41,45,equal,True,Equal,1,,False,False,DDNDNLWD_s001,
DDNDNLWD,8.0,to,46.0,48.0,8,to,46,48,equal,True,Equal,1,,False,False,DDNDNLWD_s001,
DDNDNLWD,9.0,be,49.0,51.0,9,be,49,51,equal,True,Equal,1,,False,False,DDNDNLWD_s001,
DDNDNLWD,10.0,normal,52.0,58.0,10,normal,52,58,equal,True,Equal,1,,False,False,DDNDNLWD_s001,
DDNDNLWD,11.0,.,58.0,59.0,11,.,58,59,equal,True,Equal,1,Sentence Ending,False,False,DDNDNLWD_s001,Correct Ending
DDNDNLWD,12.0,The,60.0,63.0,12,The,60,63,equal,True,Equal,2,Sentence Beginning,False,False,DDNDNLWD_s002,Correct Beginning
DDNDNLWD,13.0,average,64.0,71.0,13,average,64,71,equal,True,Equal,2,,False,False,DDNDNLWD_s002,
DDNDNLWD,14.0,",",71.0,72.0,14,",",71,72,equal,True,Equal,2,,False,False,DDNDNLWD_s002,
DDNDNLWD,15.0,everyday,73.0,81.0,15,everyday,73,81,equal,True,Equal,2,,False,False,DDNDNLWD_s002,
DDNDNLWD,16.0,ones,82.0,86.0,16,ones,82,86,equal,True,Equal,2,,False,False,DDNDNLWD_s002,
DDNDNLWD,17.0,.,86.0,87.0,17,.,86,87,equal,True,Equal,2,Sentence Ending,False,False,DDNDNLWD_s002,Correct Ending
DDNDNLWD,18.0,Fantasies,88.0,97.0,18,Fantasies,88,97,equal,True,Equal,3,Sentence Beginning,False,False,DDNDNLWD_s003,Correct Beginning
DDNDNLWD,19.0,",",97.0,98.0,19,",",97,98,equal,True,Equal,3,,False,False,DDNDNLWD_s003,
DDNDNLWD,20.0,school,99.0,105.0,20,school,99,105,equal,True,Equal,3,,False,False,DDNDNLWD_s003,
DDNDNLWD,21.0,life,106.0,110.0,21,life,106,110,equal,True,Equal,3,,False,False,DDNDNLWD_s003,
DDNDNLWD,22.0,",",110.0,111.0,22,",",110,111,equal,True,Equal,3,,False,False,DDNDNLWD_s003,
DDNDNLWD,23.0,nightmares,112.0,122.0,23,nightmares,112,122,equal,True,Equal,3,,False,False,DDNDNLWD_s003,
DDNDNLWD,24.0,.,122.0,123.0,24,.,122,123,equal,True,Equal,3,Sentence Ending,False,False,DDNDNLWD_s003,Correct Ending
DDNDNLWD,25.0,But,124.0,127.0,25,But,124,127,equal,True,Equal,4,Sentence Beginning,False,False,DDNDNLWD_s004,Correct Beginning
DDNDNLWD,26.0,when,128.0,132.0,26,when,128,132,equal,True,Equal,4,,False,False,DDNDNLWD_s004,
DDNDNLWD,27.0,I,133.0,134.0,27,I,133,134,equal,True,Equal,4,,False,False,DDNDNLWD_s004,
DDNDNLWD,28.0,turned,135.0,141.0,28,turned,135,141,equal,True,Equal,4,,False,False,DDNDNLWD_s004,
DDNDNLWD,29.0,13,142.0,144.0,29,13,142,144,equal,True,Equal,4,,False,False,DDNDNLWD_s004,
DDNDNLWD,30.0,",",144.0,145.0,30,",",144,145,equal,True,Equal,4,,False,False,DDNDNLWD_s004,
DDNDNLWD,31.0,everything,146.0,156.0,31,everything,146,156,equal,True,Equal,4,,False,False,DDNDNLWD_s004,
DDNDNLWD,32.0,changed,157.0,164.0,32,changed,157,164,equal,True,Equal,4,,False,False,DDNDNLWD_s004,
DDNDNLWD,33.0,.,164.0,165.0,33,.,164,165,equal,True,Equal,4,Sentence Ending,False,False,DDNDNLWD_s004,Correct Ending
DDNDNLWD,34.0,I,166.0,167.0,34,I,166,167,equal,True,Equal,5,Sentence Beginning,False,False,DDNDNLWD_s005,Correct Beginning
DDNDNLWD,35.0,started,168.0,175.0,35,started,168,175,equal,True,Equal,5,,False,False,DDNDNLWD_s005,
DDNDNLWD,36.0,having,176.0,182.0,36,having,176,182,equal,True,Equal,5,,False,False,DDNDNLWD_s005,
DDNDNLWD,37.0,more,183.0,187.0,37,more,183,187,equal,True,Equal,5,,False,False,DDNDNLWD_s005,
DDNDNLWD,38.0,realistic,188.0,197.0,38,realistic,188,197,equal,True,Equal,5,,False,False,DDNDNLWD_s005,
DDNDNLWD,39.0,ones,198.0,202.0,39,ones,198,202,equal,True,Equal,5,,False,False,DDNDNLWD_s005,
DDNDNLWD,40.0,",",202.0,203.0,40,",",202,203,equal,True,Equal,5,,False,False,DDNDNLWD_s005,
DDNDNLWD,41.0,but,204.0,207.0,41,but,204,207,equal,True,Equal,5,,False,False,DDNDNLWD_s005,
DDNDNLWD,42.0,the,208.0,211.0,42,the,208,211,equal,True,Equal,5,,False,False,DDNDNLWD_s005,
DDNDNLWD,43.0,funny,212.0,217.0,43,funny,212,217,equal,True,Equal,5,,False,False,DDNDNLWD_s005,
DDNDNLWD,44.0,thing,218.0,223.0,44,thing,218,223,equal,True,Equal,5,,False,False,DDNDNLWD_s005,
DDNDNLWD,45.0,was,224.0,227.0,45,was,224,227,equal,True,Equal,5,,False,False,DDNDNLWD_s005,
DDNDNLWD,46.0,-,228.0,229.0,46,-,228,229,equal,True,Equal,5,,False,False,DDNDNLWD_s005,
DDNDNLWD,47.0,they,230.0,234.0,47,they,230,234,equal,True,Equal,5,,False,False,DDNDNLWD_s005,
DDNDNLWD,48.0,weren,235.0,240.0,48,weren,235,240,equal,True,Equal,5,,False,False,DDNDNLWD_s005,
DDNDNLWD,49.0,',240.0,241.0,49,',240,241,equal,True,Equal,5,,False,False,DDNDNLWD_s005,
DDNDNLWD,50.0,t,241.0,242.0,50,t,241,242,equal,True,Equal,5,,False,False,DDNDNLWD_s005,
DDNDNLWD,51.0,realistic,243.0,252.0,51,realistic,243,252,equal,True,Equal,5,,False,False,DDNDNLWD_s005,
DDNDNLWD,52.0,at,253.0,255.0,52,at,253,255,equal,True,Equal,5,,False,False,DDNDNLWD_s005,
DDNDNLWD,53.0,all,256.0,259.0,53,all,256,259,equal,True,Equal,5,,False,False,DDNDNLWD_s005,
DDNDNLWD,54.0,.,259.0,260.0,54,.,259,260,equal,True,Equal,5,Sentence Ending,False,False,DDNDNLWD_s005,Correct Ending
DDNDNLWD,55.0,Just,261.0,265.0,55,Just,261,265,equal,True,Equal,6,Sentence Beginning,False,False,DDNDNLWD_s006,Correct Beginning
DDNDNLWD,56.0,last,266.0,270.0,56,last,266,270,equal,True,Equal,6,,False,False,DDNDNLWD_s006,
DDNDNLWD,57.0,night,271.0,276.0,57,night,271,276,equal,True,Equal,6,,False,False,DDNDNLWD_s006,
DDNDNLWD,58.0,",",276.0,277.0,58,",",276,277,equal,True,Equal,6,,False,False,DDNDNLWD_s006,
DDNDNLWD,59.0,I,278.0,279.0,59,I,278,279,equal,True,Equal,6,,False,False,DDNDNLWD_s006,
DDNDNLWD,60.0,dreamt,280.0,286.0,60,dreamt,280,286,equal,True,Equal,6,,False,False,DDNDNLWD_s006,
DDNDNLWD,61.0,my,287.0,289.0,61,my,287,289,equal,True,Equal,6,,False,False,DDNDNLWD_s006,
DDNDNLWD,62.0,house,290.0,295.0,62,house,290,295,equal,True,Equal,6,,False,False,DDNDNLWD_s006,
DDNDNLWD,63.0,burnt,296.0,301.0,63,burnt,296,301,equal,True,Equal,6,,False,False,DDNDNLWD_s006,
DDNDNLWD,64.0,down,302.0,306.0,64,down,302,306,equal,True,Equal,6,,False,False,DDNDNLWD_s006,
DDNDNLWD,65.0,",",306.0,307.0,65,",",306,307,equal,True,Equal,6,,False,False,DDNDNLWD_s006,
DDNDNLWD,66.0,my,308.0,310.0,66,my,308,310,equal,True,Equal,6,,False,False,DDNDNLWD_s006,
DDNDNLWD,67.0,sister,311.0,317.0,67,sister,311,317,equal,True,Equal,6,,False,False,DDNDNLWD_s006,
DDNDNLWD,68.0,and,318.0,321.0,68,and,318,321,equal,True,Equal,6,,False,False,DDNDNLWD_s006,
DDNDNLWD,69.0,my,322.0,324.0,69,my,322,324,equal,True,Equal,6,,False,False,DDNDNLWD_s006,
DDNDNLWD,70.0,parents,325.0,332.0,70,parents,325,332,equal,True,Equal,6,,False,False,DDNDNLWD_s006,
DDNDNLWD,71.0,were,333.0,337.0,71,were,333,337,equal,True,Equal,6,,False,False,DDNDNLWD_s006,
DDNDNLWD,72.0,shrivelled,338.0,348.0,72,shrivelled,338,348,equal,True,Equal,6,,False,False,DDNDNLWD_s006,
DDNDNLWD,73.0,in,349.0,351.0,73,in,349,351,equal,True,Equal,6,,False,False,DDNDNLWD_s006,
DDNDNLWD,74.0,the,352.0,355.0,74,the,352,355,equal,True,Equal,6,,False,False,DDNDNLWD_s006,
DDNDNLWD,75.0,fire,356.0,360.0,75,fire,356,360,equal,True,Equal,6,,False,False,DDNDNLWD_s006,
DDNDNLWD,76.0,.,360.0,361.0,76,.,360,361,equal,True,Equal,6,Sentence Ending,False,False,DDNDNLWD_s006,Correct Ending
DDNDNLWD,77.0,A,362.0,363.0,77,A,362,363,equal,True,Equal,7,Sentence Beginning,False,False,DDNDNLWD_s007,Correct Beginning
DDNDNLWD,78.0,pile,364.0,368.0,78,pile,364,368,equal,True,Equal,7,,False,False,DDNDNLWD_s007,
DDNDNLWD,79.0,of,369.0,371.0,79,of,369,371,equal,True,Equal,7,,False,False,DDNDNLWD_s007,
DDNDNLWD,80.0,disintagrated,372.0,385.0,80,disintagrated,372,385,equal,True,Equal,7,,False,False,DDNDNLWD_s007,
DDNDNLWD,81.0,ashes,386.0,391.0,81,ashes,386,391,equal,True,Equal,7,,False,False,DDNDNLWD_s007,
DDNDNLWD,82.0,.,391.0,392.0,82,.,391,392,equal,True,Equal,7,Sentence Ending,False,False,DDNDNLWD_s007,Correct Ending
DDNDNLWD,83.0,But,393.0,396.0,83,But,393,396,equal,True,Equal,8,Sentence Beginning,False,False,DDNDNLWD_s008,Correct Beginning
DDNDNLWD,84.0,there,397.0,402.0,84,there,397,402,equal,True,Equal,8,,False,False,DDNDNLWD_s008,
DDNDNLWD,85.0,was,403.0,406.0,85,was,403,406,equal,True,Equal,8,,False,False,DDNDNLWD_s008,
DDNDNLWD,86.0,a,407.0,408.0,86,a,407,408,equal,True,Equal,8,,False,False,DDNDNLWD_s008,
DDNDNLWD,87.0,voice,409.0,414.0,87,voice,409,414,equal,True,Equal,8,,False,False,DDNDNLWD_s008,
DDNDNLWD,88.0,in,415.0,417.0,88,in,415,417,equal,True,Equal,8,,False,False,DDNDNLWD_s008,
DDNDNLWD,89.0,the,418.0,421.0,89,the,418,421,equal,True,Equal,8,,False,False,DDNDNLWD_s008,
DDNDNLWD,90.0,background,422.0,432.0,90,background,422,432,equal,True,Equal,8,,False,False,DDNDNLWD_s008,
DDNDNLWD,91.0,.,432.0,433.0,91,.,432,433,equal,True,Equal,8,Sentence Ending,False,False,DDNDNLWD_s008,Correct Ending
DDNDNLWD,92.0,Always,434.0,440.0,92,Always,434,440,equal,True,Equal,9,Sentence Beginning,False,False,DDNDNLWD_s009,Correct Beginning
DDNDNLWD,93.0,the,441.0,444.0,93,the,441,444,equal,True,Equal,9,,False,False,DDNDNLWD_s009,
DDNDNLWD,94.0,same,445.0,449.0,94,same,445,449,equal,True,Equal,9,,False,False,DDNDNLWD_s009,
DDNDNLWD,95.0,one,450.0,453.0,95,one,450,453,equal,True,Equal,9,,False,False,DDNDNLWD_s009,
DDNDNLWD,96.0,.,453.0,454.0,96,.,453,454,equal,True,Equal,9,Sentence Ending,False,False,DDNDNLWD_s009,Correct Ending
DDNDNLWD,97.0,"""",455.0,456.0,97,"""",455,456,equal,True,Equal,10,,False,False,DDNDNLWD_s010,
DDNDNLWD,98.0,You,456.0,459.0,98,You,456,459,equal,True,Equal,10,Sentence Beginning,False,False,DDNDNLWD_s010,Correct Beginning
DDNDNLWD,99.0,are,460.0,463.0,99,are,460,463,equal,True,Equal,10,,False,False,DDNDNLWD_s010,
DDNDNLWD,100.0,not,464.0,467.0,100,not,464,467,equal,True,Equal,10,,False,False,DDNDNLWD_s010,
DDNDNLWD,101.0,who,468.0,471.0,101,who,468,471,equal,True,Equal,10,,False,False,DDNDNLWD_s010,
DDNDNLWD,102.0,you,472.0,475.0,102,you,472,475,equal,True,Equal,10,,False,False,DDNDNLWD_s010,
DDNDNLWD,103.0,think,476.0,481.0,103,think,476,481,equal,True,Equal,10,,False,False,DDNDNLWD_s010,
DDNDNLWD,104.0,you,482.0,485.0,104,you,482,485,equal,True,Equal,10,,False,False,DDNDNLWD_s010,
DDNDNLWD,105.0,are,486.0,489.0,105,are,486,489,equal,True,Equal,10,,False,False,DDNDNLWD_s010,
DDNDNLWD,106.0,.,489.0,490.0,106,.,489,490,equal,True,Equal,10,Sentence Ending,False,False,DDNDNLWD_s010,Correct Ending
DDNDNLWD,107.0,"""",490.0,491.0,107,"""",490,491,equal,True,Equal,11,,False,False,DDNDNLWD_s011,
DDNDNLWD,108.0,It,492.0,494.0,108,It,492,494,equal,True,Equal,11,Sentence Beginning,False,False,DDNDNLWD_s011,Correct Beginning
DDNDNLWD,109.0,took,495.0,499.0,109,took,495,499,equal,True,Equal,11,,False,False,DDNDNLWD_s011,
DDNDNLWD,110.0,me,500.0,502.0,110,me,500,502,equal,True,Equal,11,,False,False,DDNDNLWD_s011,
DDNDNLWD,111.0,about,503.0,508.0,111,about,503,508,equal,True,Equal,11,,False,False,DDNDNLWD_s011,
DDNDNLWD,112.0,a,509.0,510.0,112,a,509,510,equal,True,Equal,11,,False,False,DDNDNLWD_s011,
DDNDNLWD,113.0,month,511.0,516.0,113,month,511,516,equal,True,Equal,11,,False,False,DDNDNLWD_s011,
DDNDNLWD,114.0,to,517.0,519.0,114,to,517,519,equal,True,Equal,11,,False,False,DDNDNLWD_s011,
DDNDNLWD,115.0,realise,520.0,527.0,115,realise,520,527,equal,True,Equal,11,,False,False,DDNDNLWD_s011,
DDNDNLWD,116.0,that,528.0,532.0,116,that,528,532,equal,True,Equal,11,,False,False,DDNDNLWD_s011,
DDNDNLWD,117.0,voice,533.0,538.0,117,voice,533,538,equal,True,Equal,11,,False,False,DDNDNLWD_s011,
DDNDNLWD,118.0,was,539.0,542.0,118,was,539,542,equal,True,Equal,11,,False,False,DDNDNLWD_s011,
DDNDNLWD,119.0,mine,543.0,547.0,119,mine,543,547,equal,True,Equal,11,,False,False,DDNDNLWD_s011,
DDNDNLWD,120.0,.,547.0,548.0,120,.,547,548,equal,True,Equal,11,Sentence Ending,False,False,DDNDNLWD_s011,Correct Ending
DDNDNLWD,121.0,It,549.0,551.0,121,It,549,551,equal,True,Equal,12,Sentence Beginning,False,False,DDNDNLWD_s012,Correct Beginning
DDNDNLWD,122.0,haunted,552.0,559.0,122,haunted,552,559,equal,True,Equal,12,,False,False,DDNDNLWD_s012,
DDNDNLWD,123.0,me,560.0,562.0,123,me,560,562,equal,True,Equal,12,,False,False,DDNDNLWD_s012,
DDNDNLWD,124.0,-,563.0,564.0,124,-,563,564,equal,True,Equal,12,,False,False,DDNDNLWD_s012,
DDNDNLWD,125.0,even,565.0,569.0,125,even,565,569,equal,True,Equal,12,,False,False,DDNDNLWD_s012,
DDNDNLWD,126.0,when,570.0,574.0,126,when,570,574,equal,True,Equal,12,,False,False,DDNDNLWD_s012,
DDNDNLWD,127.0,I,575.0,576.0,127,I,575,576,equal,True,Equal,12,,False,False,DDNDNLWD_s012,
DDNDNLWD,128.0,wasn,577.0,581.0,128,wasn,577,581,equal,True,Equal,12,,False,False,DDNDNLWD_s012,
DDNDNLWD,129.0,',581.0,582.0,129,',581,582,equal,True,Equal,12,,False,False,DDNDNLWD_s012,
DDNDNLWD,130.0,t,582.0,583.0,130,t,582,583,equal,True,Equal,12,,False,False,DDNDNLWD_s012,
DDNDNLWD,131.0,dreaming,584.0,592.0,131,dreaming,584,592,equal,True,Equal,12,,False,False,DDNDNLWD_s012,
DDNDNLWD,132.0,.,592.0,593.0,132,.,592,593,equal,True,Equal,12,Sentence Ending,False,False,DDNDNLWD_s012,Correct Ending
DDNDNLWD,133.0,For,594.0,597.0,133,For,594,597,equal,True,Equal,13,Sentence Beginning,False,False,DDNDNLWD_s013,Correct Beginning
DDNDNLWD,134.0,a,598.0,599.0,134,a,598,599,equal,True,Equal,13,,False,False,DDNDNLWD_s013,
DDNDNLWD,135.0,while,600.0,605.0,135,while,600,605,equal,True,Equal,13,,False,False,DDNDNLWD_s013,
DDNDNLWD,136.0,",",605.0,606.0,136,",",605,606,equal,True,Equal,13,,False,False,DDNDNLWD_s013,
DDNDNLWD,137.0,I,607.0,608.0,137,I,607,608,equal,True,Equal,13,,False,False,DDNDNLWD_s013,
DDNDNLWD,138.0,just,609.0,613.0,138,just,609,613,equal,True,Equal,13,,False,False,DDNDNLWD_s013,
DDNDNLWD,139.0,stopped,614.0,621.0,139,stopped,614,621,equal,True,Equal,13,,False,False,DDNDNLWD_s013,
DDNDNLWD,140.0,sleeping,622.0,630.0,140,sleeping,622,630,equal,True,Equal,13,,False,False,DDNDNLWD_s013,
DDNDNLWD,141.0,.,630.0,631.0,141,.,630,631,equal,True,Equal,13,Sentence Ending,False,False,DDNDNLWD_s013,Correct Ending
DDNDNLWD,142.0,You,632.0,635.0,142,You,632,635,equal,True,Equal,14,Sentence Beginning,False,False,DDNDNLWD_s014,Correct Beginning
DDNDNLWD,143.0,can,636.0,639.0,143,can,636,639,equal,True,Equal,14,,False,False,DDNDNLWD_s014,
DDNDNLWD,144.0,imagine,640.0,647.0,144,imagine,640,647,equal,True,Equal,14,,False,False,DDNDNLWD_s014,
DDNDNLWD,145.0,how,648.0,651.0,145,how,648,651,equal,True,Equal,14,,False,False,DDNDNLWD_s014,
DDNDNLWD,146.0,that,652.0,656.0,146,that,652,656,equal,True,Equal,14,,False,False,DDNDNLWD_s014,
DDNDNLWD,147.0,turned,657.0,663.0,147,turned,657,663,equal,True,Equal,14,,False,False,DDNDNLWD_s014,
DDNDNLWD,148.0,out,664.0,667.0,148,out,664,667,equal,True,Equal,14,,False,False,DDNDNLWD_s014,
DDNDNLWD,149.0,.,667.0,668.0,149,.,667,668,equal,True,Equal,14,Sentence Ending,False,False,DDNDNLWD_s014,Correct Ending
DDNDNLWD,150.0,"""",669.0,670.0,150,"""",669,670,equal,True,Equal,15,,False,False,DDNDNLWD_s015,
DDNDNLWD,151.0,Sky,670.0,673.0,151,Sky,670,673,equal,True,Equal,15,Sentence Beginning,False,False,DDNDNLWD_s015,Correct Beginning
DDNDNLWD,152.0,!,673.0,674.0,152,!,673,674,equal,True,Equal,15,Sentence Ending,False,False,DDNDNLWD_s015,Correct Ending
DDNDNLWD,153.0,"""",674.0,675.0,153,"""",674,675,equal,True,Equal,16,,False,False,DDNDNLWD_s016,
DDNDNLWD,154.0,a,676.0,677.0,154,a,676,677,equal,True,Equal,16,Sentence Beginning,False,False,DDNDNLWD_s016,Incorrect Beginning
DDNDNLWD,155.0,voice,678.0,683.0,155,voice,678,683,equal,True,Equal,16,,False,False,DDNDNLWD_s016,
DDNDNLWD,156.0,cuts,684.0,688.0,156,cuts,684,688,equal,True,Equal,16,,False,False,DDNDNLWD_s016,
DDNDNLWD,157.0,through,689.0,696.0,157,through,689,696,equal,True,Equal,16,,False,False,DDNDNLWD_s016,
DDNDNLWD,158.0,my,697.0,699.0,158,my,697,699,equal,True,Equal,16,,False,False,DDNDNLWD_s016,
DDNDNLWD,159.0,thoughts,700.0,708.0,159,thoughts,700,708,equal,True,Equal,16,,False,False,DDNDNLWD_s016,
DDNDNLWD,160.0,",",708.0,709.0,160,",",708,709,equal,True,Equal,16,,False,False,DDNDNLWD_s016,
DDNDNLWD,161.0,clearing,710.0,718.0,161,clearing,710,718,equal,True,Equal,16,,False,False,DDNDNLWD_s016,
DDNDNLWD,162.0,my,719.0,721.0,162,my,719,721,equal,True,Equal,16,,False,False,DDNDNLWD_s016,
DDNDNLWD,163.0,foggy,722.0,727.0,163,foggy,722,727,equal,True,Equal,16,,False,False,DDNDNLWD_s016,
DDNDNLWD,164.0,head,728.0,732.0,164,head,728,732,equal,True,Equal,16,,False,False,DDNDNLWD_s016,
DDNDNLWD,165.0,.,732.0,733.0,165,.,732,733,equal,True,Equal,16,Sentence Ending,False,False,DDNDNLWD_s016,Correct Ending
DDNDNLWD,166.0,"""",734.0,735.0,166,"""",734,735,equal,True,Equal,17,,False,False,DDNDNLWD_s017,
DDNDNLWD,167.0,Are,735.0,738.0,167,Are,735,738,equal,True,Equal,17,Sentence Beginning,False,False,DDNDNLWD_s017,Correct Beginning
DDNDNLWD,168.0,you,739.0,742.0,168,you,739,742,equal,True,Equal,17,,False,False,DDNDNLWD_s017,
DDNDNLWD,169.0,coming,743.0,749.0,169,coming,743,749,equal,True,Equal,17,,False,False,DDNDNLWD_s017,
DDNDNLWD,170.0,to,750.0,752.0,170,to,750,752,equal,True,Equal,17,,False,False,DDNDNLWD_s017,
DDNDNLWD,171.0,dinner,753.0,759.0,171,dinner,753,759,equal,True,Equal,17,,False,False,DDNDNLWD_s017,
DDNDNLWD,172.0,",",759.0,760.0,172,",",759,760,equal,True,Equal,17,,False,False,DDNDNLWD_s017,
DDNDNLWD,173.0,or,761.0,763.0,173,or,761,763,equal,True,Equal,17,,False,False,DDNDNLWD_s017,
DDNDNLWD,174.0,what,764.0,768.0,174,what,764,768,equal,True,Equal,17,,False,False,DDNDNLWD_s017,
DDNDNLWD,175.0,?,768.0,769.0,175,?,768,769,equal,True,Equal,17,Sentence Ending,False,False,DDNDNLWD_s017,Correct Ending
DDNDNLWD,176.0,"""",769.0,770.0,176,"""",769,770,equal,True,Equal,18,,False,False,DDNDNLWD_s018,
DDNDNLWD,177.0,"""",771.0,772.0,177,"""",771,772,equal,True,Equal,18,,False,False,DDNDNLWD_s018,
DDNDNLWD,178.0,Sorry,772.0,777.0,178,Sorry,772,777,equal,True,Equal,18,Sentence Beginning,False,False,DDNDNLWD_s018,Correct Beginning
DDNDNLWD,179.0,",",777.0,778.0,179,",",777,778,equal,True,Equal,18,,False,False,DDNDNLWD_s018,
DDNDNLWD,180.0,mum,779.0,782.0,180,mum,779,782,equal,True,Equal,18,,False,False,DDNDNLWD_s018,
DDNDNLWD,181.0,!,782.0,783.0,181,!,782,783,equal,True,Equal,18,Sentence Ending,False,False,DDNDNLWD_s018,Correct Ending
DDNDNLWD,182.0,"""",783.0,784.0,182,"""",783,784,equal,True,Equal,19,,False,False,DDNDNLWD_s019,
DDNDNLWD,183.0,I,785.0,786.0,183,I,785,786,equal,True,Equal,19,Sentence Beginning,False,False,DDNDNLWD_s019,Correct Beginning
DDNDNLWD,184.0,yell,787.0,791.0,184,yell,787,791,equal,True,Equal,19,,False,False,DDNDNLWD_s019,
DDNDNLWD,185.0,back,792.0,796.0,185,back,792,796,equal,True,Equal,19,,False,False,DDNDNLWD_s019,
DDNDNLWD,186.0,over,797.0,801.0,186,over,797,801,equal,True,Equal,19,,False,False,DDNDNLWD_s019,
DDNDNLWD,187.0,my,802.0,804.0,187,my,802,804,equal,True,Equal,19,,False,False,DDNDNLWD_s019,
DDNDNLWD,188.0,shoulder,805.0,813.0,188,shoulder,805,813,equal,True,Equal,19,,False,False,DDNDNLWD_s019,
DDNDNLWD,189.0,.,813.0,814.0,189,.,813,814,equal,True,Equal,19,Sentence Ending,False,False,DDNDNLWD_s019,Correct Ending
DDNDNLWD,190.0,"""",815.0,816.0,190,"""",815,816,equal,True,Equal,20,,False,False,DDNDNLWD_s020,
DDNDNLWD,191.0,I,816.0,817.0,191,I,816,817,equal,True,Equal,20,Sentence Beginning,False,False,DDNDNLWD_s020,Correct Beginning
DDNDNLWD,192.0,',817.0,818.0,192,',817,818,equal,True,Equal,20,,False,False,DDNDNLWD_s020,
DDNDNLWD,193.0,ll,818.0,820.0,193,ll,818,820,equal,True,Equal,20,,False,False,DDNDNLWD_s020,
DDNDNLWD,194.0,be,821.0,823.0,194,be,821,823,equal,True,Equal,20,,False,False,DDNDNLWD_s020,
DDNDNLWD,195.0,a,824.0,825.0,195,a,824,825,equal,True,Equal,20,,False,False,DDNDNLWD_s020,
DDNDNLWD,196.0,sec,826.0,829.0,196,sec,826,829,equal,True,Equal,20,,False,False,DDNDNLWD_s020,
DDNDNLWD,197.0,.,829.0,830.0,197,.,829,830,equal,True,Equal,20,Sentence Ending,False,False,DDNDNLWD_s020,Correct Ending
DDNDNLWD,198.0,"""",830.0,831.0,198,"""",830,831,equal,True,Equal,21,,False,False,DDNDNLWD_s021,
DDNDNLWD,199.0,Technically,832.0,843.0,199,Technically,832,843,equal,True,Equal,21,Sentence Beginning,False,False,DDNDNLWD_s021,Correct Beginning
DDNDNLWD,200.0,",",843.0,844.0,200,",",843,844,equal,True,Equal,21,,False,False,DDNDNLWD_s021,
DDNDNLWD,201.0,I,845.0,846.0,201,I,845,846,equal,True,Equal,21,,False,False,DDNDNLWD_s021,
DDNDNLWD,202.0,',846.0,847.0,202,',846,847,equal,True,Equal,21,,False,False,DDNDNLWD_s021,
DDNDNLWD,203.0,m,847.0,848.0,203,m,847,848,equal,True,Equal,21,,False,False,DDNDNLWD_s021,
DDNDNLWD,204.0,in,849.0,851.0,204,in,849,851,equal,True,Equal,21,,False,False,DDNDNLWD_s021,
DDNDNLWD,205.0,the,852.0,855.0,205,the,852,855,equal,True,Equal,21,,False,False,DDNDNLWD_s021,
DDNDNLWD,206.0,attic,856.0,861.0,206,attic,856,861,equal,True,Equal,21,,False,False,DDNDNLWD_s021,
DDNDNLWD,207.0,.,861.0,862.0,207,.,861,862,equal,True,Equal,21,Sentence Ending,False,False,DDNDNLWD_s021,Correct Ending
DDNDNLWD,208.0,However,863.0,870.0,208,However,863,870,equal,True,Equal,22,Sentence Beginning,False,False,DDNDNLWD_s022,Correct Beginning
DDNDNLWD,209.0,",",870.0,871.0,209,",",870,871,equal,True,Equal,22,,False,False,DDNDNLWD_s022,
DDNDNLWD,210.0,the,872.0,875.0,210,the,872,875,equal,True,Equal,22,,False,False,DDNDNLWD_s022,
DDNDNLWD,211.0,attic,876.0,881.0,211,attic,876,881,equal,True,Equal,22,,False,False,DDNDNLWD_s022,
DDNDNLWD,212.0,is,882.0,884.0,212,is,882,884,equal,True,Equal,22,,False,False,DDNDNLWD_s022,
DDNDNLWD,213.0,so,885.0,887.0,213,so,885,887,equal,True,Equal,22,,False,False,DDNDNLWD_s022,
DDNDNLWD,214.0,full,888.0,892.0,214,full,888,892,equal,True,Equal,22,,False,False,DDNDNLWD_s022,
DDNDNLWD,215.0,of,893.0,895.0,215,of,893,895,equal,True,Equal,22,,False,False,DDNDNLWD_s022,
DDNDNLWD,216.0,family,896.0,902.0,216,family,896,902,equal,True,Equal,22,,False,False,DDNDNLWD_s022,
DDNDNLWD,217.0,treasures,903.0,912.0,217,treasures,903,912,equal,True,Equal,22,,False,False,DDNDNLWD_s022,
DDNDNLWD,218.0,that,913.0,917.0,218,that,913,917,equal,True,Equal,22,,False,False,DDNDNLWD_s022,
DDNDNLWD,219.0,I,918.0,919.0,219,I,918,919,equal,True,Equal,22,,False,False,DDNDNLWD_s022,
DDNDNLWD,220.0,discovered,920.0,930.0,220,discovered,920,930,equal,True,Equal,22,,False,False,DDNDNLWD_s022,
DDNDNLWD,221.0,",",930.0,931.0,221,",",930,931,equal,True,Equal,22,,False,False,DDNDNLWD_s022,
DDNDNLWD,222.0,it,932.0,934.0,222,it,932,934,equal,True,Equal,22,,False,False,DDNDNLWD_s022,
DDNDNLWD,223.0,',934.0,935.0,223,',934,935,equal,True,Equal,22,,False,False,DDNDNLWD_s022,
DDNDNLWD,224.0,s,935.0,936.0,224,s,935,936,equal,True,Equal,22,,False,False,DDNDNLWD_s022,
DDNDNLWD,225.0,more,937.0,941.0,225,more,937,941,equal,True,Equal,22,,False,False,DDNDNLWD_s022,
DDNDNLWD,226.0,like,942.0,946.0,226,like,942,946,equal,True,Equal,22,,False,False,DDNDNLWD_s022,
DDNDNLWD,227.0,a,947.0,948.0,227,a,947,948,equal,True,Equal,22,,False,False,DDNDNLWD_s022,
DDNDNLWD,228.0,safe,949.0,953.0,228,safe,949,953,equal,True,Equal,22,,False,False,DDNDNLWD_s022,
DDNDNLWD,229.0,.,953.0,954.0,229,.,953,954,equal,True,Equal,22,Sentence Ending,False,False,DDNDNLWD_s022,Correct Ending
DDNDNLWD,230.0,The,955.0,958.0,230,The,955,958,equal,True,Equal,23,Sentence Beginning,False,False,DDNDNLWD_s023,Correct Beginning
DDNDNLWD,231.0,attic,959.0,964.0,231,attic,959,964,equal,True,Equal,23,,False,False,DDNDNLWD_s023,
DDNDNLWD,232.0,makes,965.0,970.0,232,makes,965,970,equal,True,Equal,23,,False,False,DDNDNLWD_s023,
DDNDNLWD,233.0,all,971.0,974.0,233,all,971,974,equal,True,Equal,23,,False,False,DDNDNLWD_s023,
DDNDNLWD,234.0,these,975.0,980.0,234,these,975,980,equal,True,Equal,23,,False,False,DDNDNLWD_s023,
DDNDNLWD,235.0,memories,981.0,989.0,235,memories,981,989,equal,True,Equal,23,,False,False,DDNDNLWD_s023,
DDNDNLWD,236.0,and,990.0,993.0,236,and,990,993,equal,True,Equal,23,,False,False,DDNDNLWD_s023,
DDNDNLWD,237.0,dreams,994.0,1000.0,237,dreams,994,1000,equal,True,Equal,23,,False,False,DDNDNLWD_s023,
DDNDNLWD,238.0,come,1001.0,1005.0,238,come,1001,1005,equal,True,Equal,23,,False,False,DDNDNLWD_s023,
DDNDNLWD,239.0,clear,1006.0,1011.0,239,clear,1006,1011,equal,True,Equal,23,,False,False,DDNDNLWD_s023,
DDNDNLWD,240.0,as,1012.0,1014.0,240,as,1012,1014,equal,True,Equal,23,,False,False,DDNDNLWD_s023,
DDNDNLWD,241.0,day,1015.0,1018.0,241,day,1015,1018,equal,True,Equal,23,,False,False,DDNDNLWD_s023,
DDNDNLWD,242.0,.,1018.0,1019.0,242,.,1018,1019,equal,True,Equal,23,Sentence Ending,False,False,DDNDNLWD_s023,Correct Ending
DDNDNLWD,243.0,I,1020.0,1021.0,243,I,1020,1021,equal,True,Equal,24,Sentence Beginning,False,False,DDNDNLWD_s024,Correct Beginning
DDNDNLWD,244.0,just,1022.0,1026.0,244,just,1022,1026,equal,True,Equal,24,,False,False,DDNDNLWD_s024,
DDNDNLWD,245.0,don,1027.0,1030.0,245,don,1027,1030,equal,True,Equal,24,,False,False,DDNDNLWD_s024,
DDNDNLWD,246.0,',1030.0,1031.0,246,',1030,1031,equal,True,Equal,24,,False,False,DDNDNLWD_s024,
DDNDNLWD,247.0,t,1031.0,1032.0,247,t,1031,1032,equal,True,Equal,24,,False,False,DDNDNLWD_s024,
DDNDNLWD,248.0,know,1033.0,1037.0,248,know,1033,1037,equal,True,Equal,24,,False,False,DDNDNLWD_s024,
DDNDNLWD,249.0,why,1038.0,1041.0,249,why,1038,1041,equal,True,Equal,24,,False,False,DDNDNLWD_s024,
DDNDNLWD,250.0,.,1041.0,1042.0,250,.,1041,1042,equal,True,Equal,24,Sentence Ending,False,False,DDNDNLWD_s024,Correct Ending
DDNDNLWD,251.0,After,1043.0,1048.0,251,After,1043,1048,equal,True,Equal,25,Sentence Beginning,False,False,DDNDNLWD_s025,Correct Beginning
DDNDNLWD,252.0,dinner,1049.0,1055.0,252,dinner,1049,1055,equal,True,Equal,25,,False,False,DDNDNLWD_s025,
DDNDNLWD,253.0,",",1055.0,1056.0,253,",",1055,1056,equal,True,Equal,25,,False,False,DDNDNLWD_s025,
DDNDNLWD,254.0,the,1057.0,1060.0,254,the,1057,1060,equal,True,Equal,25,,False,False,DDNDNLWD_s025,
DDNDNLWD,255.0,weird,1061.0,1066.0,255,weird,1061,1066,equal,True,Equal,25,,False,False,DDNDNLWD_s025,
DDNDNLWD,256.0,voice,1067.0,1072.0,256,voice,1067,1072,equal,True,Equal,25,,False,False,DDNDNLWD_s025,
DDNDNLWD,257.0,starts,1073.0,1079.0,257,starts,1073,1079,equal,True,Equal,25,,False,False,DDNDNLWD_s025,
DDNDNLWD,258.0,calling,1080.0,1087.0,258,calling,1080,1087,equal,True,Equal,25,,False,False,DDNDNLWD_s025,
DDNDNLWD,259.0,me,1088.0,1090.0,259,me,1088,1090,equal,True,Equal,25,,False,False,DDNDNLWD_s025,
DDNDNLWD,260.0,again,1091.0,1096.0,260,again,1091,1096,equal,True,Equal,25,,False,False,DDNDNLWD_s025,
DDNDNLWD,261.0,.,1096.0,1097.0,261,.,1096,1097,equal,True,Equal,25,Sentence Ending,False,False,DDNDNLWD_s025,Correct Ending
DDNDNLWD,262.0,I,1098.0,1099.0,262,I,1098,1099,equal,True,Equal,26,Sentence Beginning,False,False,DDNDNLWD_s026,Correct Beginning
DDNDNLWD,263.0,clamp,1100.0,1105.0,263,clamp,1100,1105,equal,True,Equal,26,,False,False,DDNDNLWD_s026,
DDNDNLWD,264.0,my,1106.0,1108.0,264,my,1106,1108,equal,True,Equal,26,,False,False,DDNDNLWD_s026,
DDNDNLWD,265.0,hands,1109.0,1114.0,265,hands,1109,1114,equal,True,Equal,26,,False,False,DDNDNLWD_s026,
DDNDNLWD,266.0,over,1115.0,1119.0,266,over,1115,1119,equal,True,Equal,26,,False,False,DDNDNLWD_s026,
DDNDNLWD,267.0,my,1120.0,1122.0,267,my,1120,1122,equal,True,Equal,26,,False,False,DDNDNLWD_s026,
DDNDNLWD,268.0,ears,1123.0,1127.0,268,ears,1123,1127,equal,True,Equal,26,,False,False,DDNDNLWD_s026,
DDNDNLWD,269.0,",",1127.0,1128.0,269,",",1127,1128,equal,True,Equal,26,,False,False,DDNDNLWD_s026,
DDNDNLWD,270.0,trying,1129.0,1135.0,270,trying,1129,1135,equal,True,Equal,26,,False,False,DDNDNLWD_s026,
DDNDNLWD,271.0,to,1136.0,1138.0,271,to,1136,1138,equal,True,Equal,26,,False,False,DDNDNLWD_s026,
DDNDNLWD,272.0,muffle,1139.0,1145.0,272,muffle,1139,1145,equal,True,Equal,26,,False,False,DDNDNLWD_s026,
DDNDNLWD,273.0,out,1146.0,1149.0,273,out,1146,1149,equal,True,Equal,26,,False,False,DDNDNLWD_s026,
DDNDNLWD,274.0,the,1150.0,1153.0,274,the,1150,1153,equal,True,Equal,26,,False,False,DDNDNLWD_s026,
DDNDNLWD,275.0,screams,1154.0,1161.0,275,screams,1154,1161,equal,True,Equal,26,,False,False,DDNDNLWD_s026,
DDNDNLWD,276.0,.,1161.0,1162.0,276,.,1161,1162,equal,True,Equal,26,Sentence Ending,False,False,DDNDNLWD_s026,Correct Ending
DDNDNLWD,277.0,My,1163.0,1165.0,277,My,1163,1165,equal,True,Equal,27,Sentence Beginning,False,False,DDNDNLWD_s027,Correct Beginning
DDNDNLWD,278.0,sister,1166.0,1172.0,278,sister,1166,1172,equal,True,Equal,27,,False,False,DDNDNLWD_s027,
DDNDNLWD,279.0,",",1172.0,1173.0,279,",",1172,1173,equal,True,Equal,27,,False,False,DDNDNLWD_s027,
DDNDNLWD,280.0,Ruby,1174.0,1178.0,280,Ruby,1174,1178,equal,True,Equal,27,,False,False,DDNDNLWD_s027,
DDNDNLWD,281.0,",",1178.0,1179.0,281,",",1178,1179,equal,True,Equal,27,,False,False,DDNDNLWD_s027,
DDNDNLWD,282.0,looks,1180.0,1185.0,282,looks,1180,1185,equal,True,Equal,27,,False,False,DDNDNLWD_s027,
DDNDNLWD,283.0,at,1186.0,1188.0,283,at,1186,1188,equal,True,Equal,27,,False,False,DDNDNLWD_s027,
DDNDNLWD,284.0,me,1189.0,1191.0,284,me,1189,1191,equal,True,Equal,27,,False,False,DDNDNLWD_s027,
DDNDNLWD,285.0,strangely,1192.0,1201.0,285,strangely,1192,1201,equal,True,Equal,27,,False,False,DDNDNLWD_s027,
DDNDNLWD,286.0,.,1201.0,1202.0,286,.,1201,1202,equal,True,Equal,27,Sentence Ending,False,False,DDNDNLWD_s027,Correct Ending
DDNDNLWD,287.0,"""",1203.0,1204.0,287,"""",1203,1204,equal,True,Equal,28,,False,False,DDNDNLWD_s028,
DDNDNLWD,288.0,Sky,1204.0,1207.0,288,Sky,1204,1207,equal,True,Equal,28,Sentence Beginning,False,False,DDNDNLWD_s028,Correct Beginning
DDNDNLWD,289.0,",",1207.0,1208.0,289,",",1207,1208,equal,True,Equal,28,,False,False,DDNDNLWD_s028,
DDNDNLWD,290.0,will,1209.0,1213.0,290,will,1209,1213,equal,True,Equal,28,,False,False,DDNDNLWD_s028,
DDNDNLWD,291.0,you,1214.0,1217.0,291,you,1214,1217,equal,True,Equal,28,,False,False,DDNDNLWD_s028,
DDNDNLWD,292.0,stop,1218.0,1222.0,292,stop,1218,1222,equal,True,Equal,28,,False,False,DDNDNLWD_s028,
DDNDNLWD,293.0,doing,1223.0,1228.0,293,doing,1223,1228,equal,True,Equal,28,,False,False,DDNDNLWD_s028,
DDNDNLWD,294.0,that,1229.0,1233.0,294,that,1229,1233,equal,True,Equal,28,,False,False,DDNDNLWD_s028,
DDNDNLWD,295.0,?,1233.0,1234.0,295,?,1233,1234,equal,True,Equal,28,Sentence Ending,False,False,DDNDNLWD_s028,Correct Ending
DDNDNLWD,296.0,That,1235.0,1239.0,296,That,1235,1239,equal,True,Equal,29,Sentence Beginning,False,False,DDNDNLWD_s029,Correct Beginning
DDNDNLWD,297.0,',1239.0,1240.0,297,',1239,1240,equal,True,Equal,29,,False,False,DDNDNLWD_s029,
DDNDNLWD,298.0,s,1240.0,1241.0,298,s,1240,1241,equal,True,Equal,29,,False,False,DDNDNLWD_s029,
DDNDNLWD,299.0,the,1242.0,1245.0,299,the,1242,1245,equal,True,Equal,29,,False,False,DDNDNLWD_s029,
DDNDNLWD,300.0,third,1246.0,1251.0,300,third,1246,1251,equal,True,Equal,29,,False,False,DDNDNLWD_s029,
DDNDNLWD,301.0,time,1252.0,1256.0,301,time,1252,1256,equal,True,Equal,29,,False,False,DDNDNLWD_s029,
DDNDNLWD,302.0,you,1257.0,1260.0,302,you,1257,1260,equal,True,Equal,29,,False,False,DDNDNLWD_s029,
DDNDNLWD,303.0,',1260.0,1261.0,303,',1260,1261,equal,True,Equal,29,,False,False,DDNDNLWD_s029,
DDNDNLWD,304.0,ve,1261.0,1263.0,304,ve,1261,1263,equal,True,Equal,29,,False,False,DDNDNLWD_s029,
DDNDNLWD,305.0,done,1264.0,1268.0,305,done,1264,1268,equal,True,Equal,29,,False,False,DDNDNLWD_s029,
DDNDNLWD,306.0,that,1269.0,1273.0,306,that,1269,1273,equal,True,Equal,29,,False,False,DDNDNLWD_s029,
DDNDNLWD,307.0,this,1274.0,1278.0,307,this,1274,1278,equal,True,Equal,29,,False,False,DDNDNLWD_s029,
DDNDNLWD,308.0,week,1279.0,1283.0,308,week,1279,1283,equal,True,Equal,29,,False,False,DDNDNLWD_s029,
DDNDNLWD,309.0,.,1283.0,1284.0,309,.,1283,1284,equal,True,Equal,29,Sentence Ending,False,False,DDNDNLWD_s029,Correct Ending
DDNDNLWD,310.0,.,1284.0,1285.0,310,.,1284,1285,equal,True,Equal,30,Sentence Ending,False,False,DDNDNLWD_s030,Correct Ending
DDNDNLWD,311.0,.,1285.0,1286.0,311,.,1285,1286,equal,True,Equal,31,Sentence Ending,False,False,DDNDNLWD_s031,Correct Ending
DDNDNLWD,312.0,"""",1286.0,1287.0,312,"""",1286,1287,equal,True,Equal,32,,False,False,DDNDNLWD_s032,
DDNDNLWD,313.0,she,1288.0,1291.0,313,she,1288,1291,equal,True,Equal,32,Sentence Beginning,False,False,DDNDNLWD_s032,Incorrect Beginning
DDNDNLWD,314.0,says,1292.0,1296.0,314,says,1292,1296,equal,True,Equal,32,,False,False,DDNDNLWD_s032,
DDNDNLWD,315.0,huffily,1297.0,1304.0,315,huffily,1297,1304,equal,True,Equal,32,,False,False,DDNDNLWD_s032,
DDNDNLWD,316.0,",",1304.0,1305.0,316,",",1304,1305,equal,True,Equal,32,,False,False,DDNDNLWD_s032,
DDNDNLWD,317.0,flicking,1306.0,1314.0,317,flicking,1306,1314,equal,True,Equal,32,,False,False,DDNDNLWD_s032,
DDNDNLWD,318.0,back,1315.0,1319.0,318,back,1315,1319,equal,True,Equal,32,,False,False,DDNDNLWD_s032,
DDNDNLWD,319.0,a,1320.0,1321.0,319,a,1320,1321,equal,True,Equal,32,,False,False,DDNDNLWD_s032,
DDNDNLWD,320.0,strand,1322.0,1328.0,320,strand,1322,1328,equal,True,Equal,32,,False,False,DDNDNLWD_s032,
DDNDNLWD,321.0,of,1329.0,1331.0,321,of,1329,1331,equal,True,Equal,32,,False,False,DDNDNLWD_s032,
DDNDNLWD,322.0,blonde,1332.0,1338.0,322,blonde,1332,1338,equal,True,Equal,32,,False,False,DDNDNLWD_s032,
DDNDNLWD,323.0,hair,1339.0,1343.0,323,hair,1339,1343,equal,True,Equal,32,,False,False,DDNDNLWD_s032,
DDNDNLWD,324.0,.,1343.0,1344.0,324,.,1343,1344,equal,True,Equal,32,Sentence Ending,False,False,DDNDNLWD_s032,Correct Ending
DDNDNLWD,325.0,"""",1345.0,1346.0,325,"""",1345,1346,equal,True,Equal,33,,False,False,DDNDNLWD_s033,
DDNDNLWD,326.0,I,1346.0,1347.0,326,I,1346,1347,equal,True,Equal,33,Sentence Beginning,False,False,DDNDNLWD_s033,Correct Beginning
DDNDNLWD,327.0,',1347.0,1348.0,327,',1347,1348,equal,True,Equal,33,,False,False,DDNDNLWD_s033,
DDNDNLWD,328.0,m,1348.0,1349.0,328,m,1348,1349,equal,True,Equal,33,,False,False,DDNDNLWD_s033,
DDNDNLWD,329.0,fine,1350.0,1354.0,329,fine,1350,1354,equal,True,Equal,33,,False,False,DDNDNLWD_s033,
DDNDNLWD,330.0,!,1354.0,1355.0,330,!,1354,1355,equal,True,Equal,33,Sentence Ending,False,False,DDNDNLWD_s033,Correct Ending
DDNDNLWD,331.0,I,1356.0,1357.0,331,I,1356,1357,equal,True,Equal,34,Sentence Beginning,False,False,DDNDNLWD_s034,Correct Beginning
DDNDNLWD,332.0,',1357.0,1358.0,332,',1357,1358,equal,True,Equal,34,,False,False,DDNDNLWD_s034,
DDNDNLWD,333.0,m,1358.0,1359.0,333,m,1358,1359,equal,True,Equal,34,,False,False,DDNDNLWD_s034,
DDNDNLWD,334.0,fine,1360.0,1364.0,334,fine,1360,1364,equal,True,Equal,34,,False,False,DDNDNLWD_s034,
DDNDNLWD,335.0,.,1364.0,1365.0,335,.,1364,1365,equal,True,Equal,34,Sentence Ending,False,False,DDNDNLWD_s034,Correct Ending
DDNDNLWD,336.0,I,1366.0,1367.0,336,I,1366,1367,equal,True,Equal,35,Sentence Beginning,False,False,DDNDNLWD_s035,Correct Beginning
DDNDNLWD,337.0,just,1368.0,1372.0,337,just,1368,1372,equal,True,Equal,35,,False,False,DDNDNLWD_s035,
DDNDNLWD,338.0,.,1372.0,1373.0,338,.,1372,1373,equal,True,Equal,35,Sentence Ending,False,False,DDNDNLWD_s035,Correct Ending
DDNDNLWD,339.0,.,1373.0,1374.0,339,.,1373,1374,equal,True,Equal,36,Sentence Ending,False,False,DDNDNLWD_s036,Correct Ending
DDNDNLWD,340.0,.,1374.0,1375.0,340,.,1374,1375,equal,True,Equal,37,Sentence Ending,False,False,DDNDNLWD_s037,Correct Ending
DDNDNLWD,341.0,"""",1375.0,1376.0,341,"""",1375,1376,equal,True,Equal,38,,False,False,DDNDNLWD_s038,
DDNDNLWD,342.0,I,1377.0,1378.0,342,I,1377,1378,equal,True,Equal,38,Sentence Beginning,False,False,DDNDNLWD_s038,Correct Beginning
DDNDNLWD,343.0,sigh,1379.0,1383.0,343,sigh,1379,1383,equal,True,Equal,38,,False,False,DDNDNLWD_s038,
DDNDNLWD,344.0,.,1383.0,1384.0,344,.,1383,1384,equal,True,Equal,38,Sentence Ending,False,False,DDNDNLWD_s038,Correct Ending
DDNDNLWD,345.0,"""",1385.0,1386.0,345,"""",1385,1386,equal,True,Equal,39,,False,False,DDNDNLWD_s039,
DDNDNLWD,346.0,Why,1386.0,1389.0,346,Why,1386,1389,equal,True,Equal,39,Sentence Beginning,False,False,DDNDNLWD_s039,Correct Beginning
DDNDNLWD,347.0,do,1390.0,1392.0,347,do,1390,1392,equal,True,Equal,39,,False,False,DDNDNLWD_s039,
DDNDNLWD,348.0,I,1393.0,1394.0,348,I,1393,1394,equal,True,Equal,39,,False,False,DDNDNLWD_s039,
DDNDNLWD,349.0,look,1395.0,1399.0,349,look,1395,1399,equal,True,Equal,39,,False,False,DDNDNLWD_s039,
DDNDNLWD,350.0,so,1400.0,1402.0,350,so,1400,1402,equal,True,Equal,39,,False,False,DDNDNLWD_s039,
DDNDNLWD,351.0,different,1403.0,1412.0,351,different,1403,1412,equal,True,Equal,39,,False,False,DDNDNLWD_s039,
DDNDNLWD,352.0,from,1413.0,1417.0,352,from,1413,1417,equal,True,Equal,39,,False,False,DDNDNLWD_s039,
DDNDNLWD,353.0,you,1418.0,1421.0,353,you,1418,1421,equal,True,Equal,39,,False,False,DDNDNLWD_s039,
DDNDNLWD,354.0,all,1422.0,1425.0,354,all,1422,1425,equal,True,Equal,39,,False,False,DDNDNLWD_s039,
DDNDNLWD,355.0,?,1425.0,1426.0,355,?,1425,1426,equal,True,Equal,39,Sentence Ending,False,False,DDNDNLWD_s039,Correct Ending
DDNDNLWD,356.0,"""",1426.0,1427.0,356,"""",1426,1427,equal,True,Equal,40,,False,False,DDNDNLWD_s040,
DDNDNLWD,357.0,I,1428.0,1429.0,357,I,1428,1429,equal,True,Equal,40,Sentence Beginning,False,False,DDNDNLWD_s040,Correct Beginning
DDNDNLWD,358.0,finally,1430.0,1437.0,358,finally,1430,1437,equal,True,Equal,40,,False,False,DDNDNLWD_s040,
DDNDNLWD,359.0,look,1438.0,1442.0,359,look,1438,1442,equal,True,Equal,40,,False,False,DDNDNLWD_s040,
DDNDNLWD,360.0,at,1443.0,1445.0,360,at,1443,1445,equal,True,Equal,40,,False,False,DDNDNLWD_s040,
DDNDNLWD,361.0,her,1446.0,1449.0,361,her,1446,1449,equal,True,Equal,40,,False,False,DDNDNLWD_s040,
DDNDNLWD,362.0,in,1450.0,1452.0,362,in,1450,1452,equal,True,Equal,40,,False,False,DDNDNLWD_s040,
DDNDNLWD,363.0,the,1453.0,1456.0,363,the,1453,1456,equal,True,Equal,40,,False,False,DDNDNLWD_s040,
DDNDNLWD,364.0,eye,1457.0,1460.0,364,eye,1457,1460,equal,True,Equal,40,,False,False,DDNDNLWD_s040,
DDNDNLWD,365.0,",",1460.0,1461.0,365,",",1460,1461,equal,True,Equal,40,,False,False,DDNDNLWD_s040,
DDNDNLWD,366.0,and,1462.0,1465.0,366,and,1462,1465,equal,True,Equal,40,,False,False,DDNDNLWD_s040,
DDNDNLWD,367.0,instantly,1466.0,1475.0,367,instantly,1466,1475,equal,True,Equal,40,,False,False,DDNDNLWD_s040,
DDNDNLWD,368.0,regret,1476.0,1482.0,368,regret,1476,1482,equal,True,Equal,40,,False,False,DDNDNLWD_s040,
DDNDNLWD,369.0,it,1483.0,1485.0,369,it,1483,1485,equal,True,Equal,40,,False,False,DDNDNLWD_s040,
DDNDNLWD,370.0,.,1485.0,1486.0,370,.,1485,1486,equal,True,Equal,40,Sentence Ending,False,False,DDNDNLWD_s040,Correct Ending
DDNDNLWD,371.0,Those,1487.0,1492.0,371,Those,1487,1492,equal,True,Equal,41,Sentence Beginning,False,False,DDNDNLWD_s041,Correct Beginning
DDNDNLWD,372.0,blue,1493.0,1497.0,372,blue,1493,1497,equal,True,Equal,41,,False,False,DDNDNLWD_s041,
DDNDNLWD,373.0,eyes,1498.0,1502.0,373,eyes,1498,1502,equal,True,Equal,41,,False,False,DDNDNLWD_s041,
DDNDNLWD,374.0,are,1503.0,1506.0,374,are,1503,1506,equal,True,Equal,41,,False,False,DDNDNLWD_s041,
DDNDNLWD,375.0,so,1507.0,1509.0,375,so,1507,1509,equal,True,Equal,41,,False,False,DDNDNLWD_s041,
DDNDNLWD,376.0,cold,1510.0,1514.0,376,cold,1510,1514,equal,True,Equal,41,,False,False,DDNDNLWD_s041,
DDNDNLWD,377.0,it,1515.0,1517.0,377,it,1515,1517,equal,True,Equal,41,,False,False,DDNDNLWD_s041,
DDNDNLWD,378.0,',1517.0,1518.0,378,',1517,1518,equal,True,Equal,41,,False,False,DDNDNLWD_s041,
DDNDNLWD,379.0,s,1518.0,1519.0,379,s,1518,1519,equal,True,Equal,41,,False,False,DDNDNLWD_s041,
DDNDNLWD,380.0,a,1520.0,1521.0,380,a,1520,1521,equal,True,Equal,41,,False,False,DDNDNLWD_s041,
DDNDNLWD,381.0,wonder,1522.0,1528.0,381,wonder,1522,1528,equal,True,Equal,41,,False,False,DDNDNLWD_s041,
DDNDNLWD,382.0,they,1529.0,1533.0,382,they,1529,1533,equal,True,Equal,41,,False,False,DDNDNLWD_s041,
DDNDNLWD,383.0,don,1534.0,1537.0,383,don,1534,1537,equal,True,Equal,41,,False,False,DDNDNLWD_s041,
DDNDNLWD,384.0,',1537.0,1538.0,384,',1537,1538,equal,True,Equal,41,,False,False,DDNDNLWD_s041,
DDNDNLWD,385.0,t,1538.0,1539.0,385,t,1538,1539,equal,True,Equal,41,,False,False,DDNDNLWD_s041,
DDNDNLWD,386.0,turn,1540.0,1544.0,386,turn,1540,1544,equal,True,Equal,41,,False,False,DDNDNLWD_s041,
DDNDNLWD,387.0,to,1545.0,1547.0,387,to,1545,1547,equal,True,Equal,41,,False,False,DDNDNLWD_s041,
DDNDNLWD,388.0,ice,1548.0,1551.0,388,ice,1548,1551,equal,True,Equal,41,,False,False,DDNDNLWD_s041,
DDNDNLWD,389.0,any,1552.0,1555.0,389,any,1552,1555,equal,True,Equal,41,,False,False,DDNDNLWD_s041,
DDNDNLWD,390.0,second,1556.0,1562.0,390,second,1556,1562,equal,True,Equal,41,,False,False,DDNDNLWD_s041,
DDNDNLWD,391.0,.,1562.0,1563.0,391,.,1562,1563,equal,True,Equal,41,Sentence Ending,False,False,DDNDNLWD_s041,Correct Ending
DDNDNLWD,392.0,Ruby,1564.0,1568.0,392,Ruby,1564,1568,equal,True,Equal,42,Sentence Beginning,False,False,DDNDNLWD_s042,Correct Beginning
DDNDNLWD,393.0,scoffs,1569.0,1575.0,393,scoffs,1569,1575,equal,True,Equal,42,,False,False,DDNDNLWD_s042,
DDNDNLWD,394.0,.,1575.0,1576.0,394,.,1575,1576,equal,True,Equal,42,Sentence Ending,False,False,DDNDNLWD_s042,Correct Ending
DDNDNLWD,395.0,"""",1577.0,1578.0,395,"""",1577,1578,equal,True,Equal,43,,False,False,DDNDNLWD_s043,
DDNDNLWD,396.0,I,1578.0,1579.0,396,I,1578,1579,equal,True,Equal,43,Sentence Beginning,False,False,DDNDNLWD_s043,Correct Beginning
DDNDNLWD,397.0,don,1580.0,1583.0,397,don,1580,1583,equal,True,Equal,43,,False,False,DDNDNLWD_s043,
DDNDNLWD,398.0,',1583.0,1584.0,398,',1583,1584,equal,True,Equal,43,,False,False,DDNDNLWD_s043,
DDNDNLWD,399.0,t,1584.0,1585.0,399,t,1584,1585,equal,True,Equal,43,,False,False,DDNDNLWD_s043,
DDNDNLWD,400.0,care,1586.0,1590.0,400,care,1586,1590,equal,True,Equal,43,,False,False,DDNDNLWD_s043,
DDNDNLWD,401.0,.,1590.0,1591.0,401,.,1590,1591,equal,True,Equal,43,Sentence Ending,False,False,DDNDNLWD_s043,Correct Ending
DDNDNLWD,402.0,Maybe,1592.0,1597.0,402,Maybe,1592,1597,equal,True,Equal,44,Sentence Beginning,False,False,DDNDNLWD_s044,Correct Beginning
DDNDNLWD,403.0,you,1598.0,1601.0,403,you,1598,1601,equal,True,Equal,44,,False,False,DDNDNLWD_s044,
DDNDNLWD,404.0,were,1602.0,1606.0,404,were,1602,1606,equal,True,Equal,44,,False,False,DDNDNLWD_s044,
DDNDNLWD,405.0,adopted,1607.0,1614.0,405,adopted,1607,1614,equal,True,Equal,44,,False,False,DDNDNLWD_s044,
DDNDNLWD,406.0,.,1614.0,1615.0,406,.,1614,1615,equal,True,Equal,44,Sentence Ending,False,False,DDNDNLWD_s044,Correct Ending
DDNDNLWD,407.0,"""",1615.0,1616.0,407,"""",1615,1616,equal,True,Equal,45,,False,False,DDNDNLWD_s045,
DDNDNLWD,408.0,I,1617.0,1618.0,408,I,1617,1618,equal,True,Equal,45,Sentence Beginning,False,False,DDNDNLWD_s045,Correct Beginning
DDNDNLWD,409.0,stop,1619.0,1623.0,409,stop,1619,1623,equal,True,Equal,45,,False,False,DDNDNLWD_s045,
DDNDNLWD,410.0,.,1623.0,1624.0,410,.,1623,1624,equal,True,Equal,45,Sentence Ending,False,False,DDNDNLWD_s045,Correct Ending
DDNDNLWD,411.0,Is,1625.0,1627.0,411,Is,1625,1627,equal,True,Equal,46,Sentence Beginning,False,False,DDNDNLWD_s046,Correct Beginning
DDNDNLWD,412.0,this,1628.0,1632.0,412,this,1628,1632,equal,True,Equal,46,,False,False,DDNDNLWD_s046,
DDNDNLWD,413.0,it,1633.0,1635.0,413,it,1633,1635,equal,True,Equal,46,,False,False,DDNDNLWD_s046,
DDNDNLWD,414.0,?,1635.0,1636.0,414,?,1635,1636,equal,True,Equal,46,Sentence Ending,False,False,DDNDNLWD_s046,Correct Ending
DDNDNLWD,415.0,Is,1637.0,1639.0,415,Is,1637,1639,equal,True,Equal,47,Sentence Beginning,False,False,DDNDNLWD_s047,Correct Beginning
DDNDNLWD,416.0,this,1640.0,1644.0,416,this,1640,1644,equal,True,Equal,47,,False,False,DDNDNLWD_s047,
DDNDNLWD,417.0,what,1645.0,1649.0,417,what,1645,1649,equal,True,Equal,47,,False,False,DDNDNLWD_s047,
DDNDNLWD,418.0,I,1650.0,1651.0,418,I,1650,1651,equal,True,Equal,47,,False,False,DDNDNLWD_s047,
DDNDNLWD,419.0,have,1652.0,1656.0,419,have,1652,1656,equal,True,Equal,47,,False,False,DDNDNLWD_s047,
DDNDNLWD,420.0,been,1657.0,1661.0,420,been,1657,1661,equal,True,Equal,47,,False,False,DDNDNLWD_s047,
DDNDNLWD,421.0,looking,1662.0,1669.0,421,looking,1662,1669,equal,True,Equal,47,,False,False,DDNDNLWD_s047,
DDNDNLWD,422.0,for,1670.0,1673.0,422,for,1670,1673,equal,True,Equal,47,,False,False,DDNDNLWD_s047,
DDNDNLWD,423.0,?,1673.0,1674.0,423,?,1673,1674,equal,True,Equal,47,Sentence Ending,False,False,DDNDNLWD_s047,Correct Ending
DDNDNLWD,424.0,Ruby,1675.0,1679.0,424,Ruby,1675,1679,equal,True,Equal,48,Sentence Beginning,False,False,DDNDNLWD_s048,Correct Beginning
DDNDNLWD,425.0,said,1680.0,1684.0,425,said,1680,1684,equal,True,Equal,48,,False,False,DDNDNLWD_s048,
DDNDNLWD,426.0,it,1685.0,1687.0,426,it,1685,1687,equal,True,Equal,48,,False,False,DDNDNLWD_s048,
DDNDNLWD,427.0,as,1688.0,1690.0,427,as,1688,1690,equal,True,Equal,48,,False,False,DDNDNLWD_s048,
DDNDNLWD,428.0,a,1691.0,1692.0,428,a,1691,1692,equal,True,Equal,48,,False,False,DDNDNLWD_s048,
DDNDNLWD,429.0,joke,1693.0,1697.0,429,joke,1693,1697,equal,True,Equal,48,,False,False,DDNDNLWD_s048,
DDNDNLWD,430.0,.,1697.0,1698.0,430,.,1697,1698,equal,True,Equal,48,Sentence Ending,False,False,DDNDNLWD_s048,Correct Ending
DDNDNLWD,431.0,Not,1699.0,1702.0,431,Not,1699,1702,equal,True,Equal,49,Sentence Beginning,False,False,DDNDNLWD_s049,Correct Beginning
DDNDNLWD,432.0,a,1703.0,1704.0,432,a,1703,1704,equal,True,Equal,49,,False,False,DDNDNLWD_s049,
DDNDNLWD,433.0,particularly,1705.0,1717.0,433,particularly,1705,1717,equal,True,Equal,49,,False,False,DDNDNLWD_s049,
DDNDNLWD,434.0,funny,1718.0,1723.0,434,funny,1718,1723,equal,True,Equal,49,,False,False,DDNDNLWD_s049,
DDNDNLWD,435.0,one,1724.0,1727.0,435,one,1724,1727,equal,True,Equal,49,,False,False,DDNDNLWD_s049,
DDNDNLWD,436.0,-,1728.0,1729.0,436,-,1728,1729,equal,True,Equal,49,,False,False,DDNDNLWD_s049,
DDNDNLWD,437.0,but,1730.0,1733.0,437,but,1730,1733,equal,True,Equal,49,,False,False,DDNDNLWD_s049,
DDNDNLWD,438.0,it,1734.0,1736.0,438,it,1734,1736,equal,True,Equal,49,,False,False,DDNDNLWD_s049,
DDNDNLWD,439.0,was,1737.0,1740.0,439,was,1737,1740,equal,True,Equal,49,,False,False,DDNDNLWD_s049,
DDNDNLWD,440.0,still,1741.0,1746.0,440,still,1741,1746,equal,True,Equal,49,,False,False,DDNDNLWD_s049,
DDNDNLWD,441.0,a,1747.0,1748.0,441,a,1747,1748,equal,True,Equal,49,,False,False,DDNDNLWD_s049,
DDNDNLWD,442.0,joke,1749.0,1753.0,442,joke,1749,1753,equal,True,Equal,49,,False,False,DDNDNLWD_s049,
DDNDNLWD,443.0,.,1753.0,1754.0,443,.,1753,1754,equal,True,Equal,49,Sentence Ending,False,False,DDNDNLWD_s049,Correct Ending
DDNDNLWD,444.0,All,1755.0,1758.0,444,All,1755,1758,equal,True,Equal,50,Sentence Beginning,False,False,DDNDNLWD_s050,Correct Beginning
DDNDNLWD,445.0,the,1759.0,1762.0,445,the,1759,1762,equal,True,Equal,50,,False,False,DDNDNLWD_s050,
DDNDNLWD,446.0,jigsaw,1763.0,1769.0,446,jigsaw,1763,1769,equal,True,Equal,50,,False,False,DDNDNLWD_s050,
DDNDNLWD,447.0,pieces,1770.0,1776.0,447,pieces,1770,1776,equal,True,Equal,50,,False,False,DDNDNLWD_s050,
DDNDNLWD,448.0,fit,1777.0,1780.0,448,fit,1777,1780,equal,True,Equal,50,,False,False,DDNDNLWD_s050,
DDNDNLWD,449.0,pretty,1781.0,1787.0,449,pretty,1781,1787,equal,True,Equal,50,,False,False,DDNDNLWD_s050,
DDNDNLWD,450.0,perfectly,1788.0,1797.0,450,perfectly,1788,1797,equal,True,Equal,50,,False,False,DDNDNLWD_s050,
DDNDNLWD,451.0,",",1797.0,1798.0,451,",",1797,1798,equal,True,Equal,50,,False,False,DDNDNLWD_s050,
DDNDNLWD,452.0,though,1799.0,1805.0,452,though,1799,1805,equal,True,Equal,50,,False,False,DDNDNLWD_s050,
DDNDNLWD,453.0,.,1805.0,1806.0,453,.,1805,1806,equal,True,Equal,50,Sentence Ending,False,False,DDNDNLWD_s050,Correct Ending
DDNDNLWD,454.0,Mum,1807.0,1810.0,454,Mum,1807,1810,equal,True,Equal,51,Sentence Beginning,False,False,DDNDNLWD_s051,Correct Beginning
DDNDNLWD,455.0,",",1810.0,1811.0,455,",",1810,1811,equal,True,Equal,51,,False,False,DDNDNLWD_s051,
DDNDNLWD,456.0,dad,1812.0,1815.0,456,dad,1812,1815,equal,True,Equal,51,,False,False,DDNDNLWD_s051,
DDNDNLWD,457.0,",",1815.0,1816.0,457,",",1815,1816,equal,True,Equal,51,,False,False,DDNDNLWD_s051,
DDNDNLWD,458.0,and,1817.0,1820.0,458,and,1817,1820,equal,True,Equal,51,,False,False,DDNDNLWD_s051,
DDNDNLWD,459.0,Ruby,1821.0,1825.0,459,Ruby,1821,1825,equal,True,Equal,51,,False,False,DDNDNLWD_s051,
DDNDNLWD,460.0,all,1826.0,1829.0,460,all,1826,1829,equal,True,Equal,51,,False,False,DDNDNLWD_s051,
DDNDNLWD,461.0,have,1830.0,1834.0,461,have,1830,1834,equal,True,Equal,51,,False,False,DDNDNLWD_s051,
DDNDNLWD,462.0,blonde,1835.0,1841.0,462,blonde,1835,1841,equal,True,Equal,51,,False,False,DDNDNLWD_s051,
DDNDNLWD,463.0,hair,1842.0,1846.0,463,hair,1842,1846,equal,True,Equal,51,,False,False,DDNDNLWD_s051,
DDNDNLWD,464.0,",",1846.0,1847.0,464,",",1846,1847,equal,True,Equal,51,,False,False,DDNDNLWD_s051,
DDNDNLWD,465.0,pale,1848.0,1852.0,465,pale,1848,1852,equal,True,Equal,51,,False,False,DDNDNLWD_s051,
DDNDNLWD,466.0,skin,1853.0,1857.0,466,skin,1853,1857,equal,True,Equal,51,,False,False,DDNDNLWD_s051,
DDNDNLWD,467.0,and,1858.0,1861.0,467,and,1858,1861,equal,True,Equal,51,,False,False,DDNDNLWD_s051,
DDNDNLWD,468.0,blue,1862.0,1866.0,468,blue,1862,1866,equal,True,Equal,51,,False,False,DDNDNLWD_s051,
DDNDNLWD,469.0,eyes,1867.0,1871.0,469,eyes,1867,1871,equal,True,Equal,51,,False,False,DDNDNLWD_s051,
DDNDNLWD,470.0,.,1871.0,1872.0,470,.,1871,1872,equal,True,Equal,51,Sentence Ending,False,False,DDNDNLWD_s051,Correct Ending
DDNDNLWD,471.0,Meanwhile,1873.0,1882.0,471,Meanwhile,1873,1882,equal,True,Equal,52,Sentence Beginning,False,False,DDNDNLWD_s052,Correct Beginning
DDNDNLWD,472.0,",",1882.0,1883.0,472,",",1882,1883,equal,True,Equal,52,,False,False,DDNDNLWD_s052,
DDNDNLWD,473.0,I,1884.0,1885.0,473,I,1884,1885,equal,True,Equal,52,,False,False,DDNDNLWD_s052,
DDNDNLWD,474.0,look,1886.0,1890.0,474,look,1886,1890,equal,True,Equal,52,,False,False,DDNDNLWD_s052,
DDNDNLWD,475.0,extremely,1891.0,1900.0,475,extremely,1891,1900,equal,True,Equal,52,,False,False,DDNDNLWD_s052,
DDNDNLWD,476.0,contrasting,1901.0,1912.0,476,contrasting,1901,1912,equal,True,Equal,52,,False,False,DDNDNLWD_s052,
DDNDNLWD,477.0,with,1913.0,1917.0,477,with,1913,1917,equal,True,Equal,52,,False,False,DDNDNLWD_s052,
DDNDNLWD,478.0,my,1918.0,1920.0,478,my,1918,1920,equal,True,Equal,52,,False,False,DDNDNLWD_s052,
DDNDNLWD,479.0,olive,1921.0,1926.0,479,olive,1921,1926,equal,True,Equal,52,,False,False,DDNDNLWD_s052,
DDNDNLWD,480.0,skin,1927.0,1931.0,480,skin,1927,1931,equal,True,Equal,52,,False,False,DDNDNLWD_s052,
DDNDNLWD,481.0,",",1931.0,1932.0,481,",",1931,1932,equal,True,Equal,52,,False,False,DDNDNLWD_s052,
DDNDNLWD,482.0,dark,1933.0,1937.0,482,dark,1933,1937,equal,True,Equal,52,,False,False,DDNDNLWD_s052,
DDNDNLWD,483.0,eyes,1938.0,1942.0,483,eyes,1938,1942,equal,True,Equal,52,,False,False,DDNDNLWD_s052,
DDNDNLWD,484.0,",",1942.0,1943.0,484,",",1942,1943,equal,True,Equal,52,,False,False,DDNDNLWD_s052,
DDNDNLWD,485.0,and,1944.0,1947.0,485,and,1944,1947,equal,True,Equal,52,,False,False,DDNDNLWD_s052,
DDNDNLWD,486.0,brown,1948.0,1953.0,486,brown,1948,1953,equal,True,Equal,52,,False,False,DDNDNLWD_s052,
DDNDNLWD,487.0,hair,1954.0,1958.0,487,hair,1954,1958,equal,True,Equal,52,,False,False,DDNDNLWD_s052,
DDNDNLWD,488.0,streaked,1959.0,1967.0,488,streaked,1959,1967,equal,True,Equal,52,,False,False,DDNDNLWD_s052,
DDNDNLWD,489.0,with,1968.0,1972.0,489,with,1968,1972,equal,True,Equal,52,,False,False,DDNDNLWD_s052,
DDNDNLWD,490.0,highlights,1973.0,1983.0,490,highlights,1973,1983,equal,True,Equal,52,,False,False,DDNDNLWD_s052,
DDNDNLWD,491.0,.,1983.0,1984.0,491,.,1983,1984,equal,True,Equal,52,Sentence Ending,False,False,DDNDNLWD_s052,Correct Ending
DDNDNLWD,492.0,They,1985.0,1989.0,492,They,1985,1989,equal,True,Equal,53,Sentence Beginning,False,False,DDNDNLWD_s053,Correct Beginning
DDNDNLWD,493.0,',1989.0,1990.0,493,',1989,1990,equal,True,Equal,53,,False,False,DDNDNLWD_s053,
DDNDNLWD,494.0,re,1990.0,1992.0,494,re,1990,1992,equal,True,Equal,53,,False,False,DDNDNLWD_s053,
DDNDNLWD,495.0,a,1993.0,1994.0,495,a,1993,1994,equal,True,Equal,53,,False,False,DDNDNLWD_s053,
DDNDNLWD,496.0,very,1995.0,1999.0,496,very,1995,1999,equal,True,Equal,53,,False,False,DDNDNLWD_s053,
DDNDNLWD,497.0,tall,2000.0,2004.0,497,tall,2000,2004,equal,True,Equal,53,,False,False,DDNDNLWD_s053,
DDNDNLWD,498.0,family,2005.0,2011.0,498,family,2005,2011,equal,True,Equal,53,,False,False,DDNDNLWD_s053,
DDNDNLWD,499.0,as,2012.0,2014.0,499,as,2012,2014,equal,True,Equal,53,,False,False,DDNDNLWD_s053,
DDNDNLWD,500.0,well,2015.0,2019.0,500,well,2015,2019,equal,True,Equal,53,,False,False,DDNDNLWD_s053,
DDNDNLWD,501.0,.,2019.0,2020.0,501,.,2019,2020,equal,True,Equal,53,Sentence Ending,False,False,DDNDNLWD_s053,Correct Ending
DDNDNLWD,502.0,I,2021.0,2022.0,502,I,2021,2022,equal,True,Equal,54,Sentence Beginning,False,False,DDNDNLWD_s054,Correct Beginning
DDNDNLWD,503.0,',2022.0,2023.0,503,',2022,2023,equal,True,Equal,54,,False,False,DDNDNLWD_s054,
DDNDNLWD,504.0,m,2023.0,2024.0,504,m,2023,2024,equal,True,Equal,54,,False,False,DDNDNLWD_s054,
DDNDNLWD,505.0,avarage,2025.0,2032.0,505,avarage,2025,2032,equal,True,Equal,54,,False,False,DDNDNLWD_s054,
DDNDNLWD,506.0,in,2033.0,2035.0,506,in,2033,2035,equal,True,Equal,54,,False,False,DDNDNLWD_s054,
DDNDNLWD,507.0,my,2036.0,2038.0,507,my,2036,2038,equal,True,Equal,54,,False,False,DDNDNLWD_s054,
DDNDNLWD,508.0,height,2039.0,2045.0,508,height,2039,2045,equal,True,Equal,54,,False,False,DDNDNLWD_s054,
DDNDNLWD,509.0,",",2045.0,2046.0,509,",",2045,2046,equal,True,Equal,54,,False,False,DDNDNLWD_s054,
DDNDNLWD,510.0,but,2047.0,2050.0,510,but,2047,2050,equal,True,Equal,54,,False,False,DDNDNLWD_s054,
DDNDNLWD,511.0,Ruby,2051.0,2055.0,511,Ruby,2051,2055,equal,True,Equal,54,,False,False,DDNDNLWD_s054,
DDNDNLWD,512.0,was,2056.0,2059.0,512,was,2056,2059,equal,True,Equal,54,,False,False,DDNDNLWD_s054,
DDNDNLWD,513.0,almost,2060.0,2066.0,513,almost,2060,2066,equal,True,Equal,54,,False,False,DDNDNLWD_s054,
DDNDNLWD,514.0,a,2067.0,2068.0,514,a,2067,2068,equal,True,Equal,54,,False,False,DDNDNLWD_s054,
DDNDNLWD,515.0,head,2069.0,2073.0,515,head,2069,2073,equal,True,Equal,54,,False,False,DDNDNLWD_s054,
DDNDNLWD,516.0,taller,2074.0,2080.0,516,taller,2074,2080,equal,True,Equal,54,,False,False,DDNDNLWD_s054,
DDNDNLWD,517.0,than,2081.0,2085.0,517,than,2081,2085,equal,True,Equal,54,,False,False,DDNDNLWD_s054,
DDNDNLWD,518.0,me,2086.0,2088.0,518,me,2086,2088,equal,True,Equal,54,,False,False,DDNDNLWD_s054,
DDNDNLWD,519.0,when,2089.0,2093.0,519,when,2089,2093,equal,True,Equal,54,,False,False,DDNDNLWD_s054,
DDNDNLWD,520.0,she,2094.0,2097.0,520,she,2094,2097,equal,True,Equal,54,,False,False,DDNDNLWD_s054,
DDNDNLWD,521.0,was,2098.0,2101.0,521,was,2098,2101,equal,True,Equal,54,,False,False,DDNDNLWD_s054,
DDNDNLWD,522.0,my,2102.0,2104.0,522,my,2102,2104,equal,True,Equal,54,,False,False,DDNDNLWD_s054,
DDNDNLWD,523.0,age,2105.0,2108.0,523,age,2105,2108,equal,True,Equal,54,,False,False,DDNDNLWD_s054,
DDNDNLWD,524.0,.,2108.0,2109.0,524,.,2108,2109,equal,True,Equal,54,Sentence Ending,False,False,DDNDNLWD_s054,Correct Ending
DDNDNLWD,525.0,And,2110.0,2113.0,525,And,2110,2113,equal,True,Equal,55,Sentence Beginning,False,False,DDNDNLWD_s055,Correct Beginning
DDNDNLWD,526.0,the,2114.0,2117.0,526,the,2114,2117,equal,True,Equal,55,,False,False,DDNDNLWD_s055,
DDNDNLWD,527.0,voice,2118.0,2123.0,527,voice,2118,2123,equal,True,Equal,55,,False,False,DDNDNLWD_s055,
DDNDNLWD,528.0,!,2123.0,2124.0,528,!,2123,2124,equal,True,Equal,55,Sentence Ending,False,False,DDNDNLWD_s055,Correct Ending
DDNDNLWD,529.0,It,2125.0,2127.0,529,It,2125,2127,equal,True,Equal,56,Sentence Beginning,False,False,DDNDNLWD_s056,Correct Beginning
DDNDNLWD,530.0,all,2128.0,2131.0,530,all,2128,2131,equal,True,Equal,56,,False,False,DDNDNLWD_s056,
DDNDNLWD,531.0,makes,2132.0,2137.0,531,makes,2132,2137,equal,True,Equal,56,,False,False,DDNDNLWD_s056,
DDNDNLWD,532.0,sense,2138.0,2143.0,532,sense,2138,2143,equal,True,Equal,56,,False,False,DDNDNLWD_s056,
DDNDNLWD,533.0,!,2143.0,2144.0,533,!,2143,2144,equal,True,Equal,56,Sentence Ending,False,False,DDNDNLWD_s056,Correct Ending
DDNDNLWD,534.0,"""",2145.0,2146.0,534,"""",2145,2146,equal,True,Equal,57,,False,False,DDNDNLWD_s057,
DDNDNLWD,535.0,You,2146.0,2149.0,535,You,2146,2149,equal,True,Equal,57,Sentence Beginning,False,False,DDNDNLWD_s057,Correct Beginning
DDNDNLWD,536.0,are,2150.0,2153.0,536,are,2150,2153,equal,True,Equal,57,,False,False,DDNDNLWD_s057,
DDNDNLWD,537.0,not,2154.0,2157.0,537,not,2154,2157,equal,True,Equal,57,,False,False,DDNDNLWD_s057,
DDNDNLWD,538.0,who,2158.0,2161.0,538,who,2158,2161,equal,True,Equal,57,,False,False,DDNDNLWD_s057,
DDNDNLWD,539.0,you,2162.0,2165.0,539,you,2162,2165,equal,True,Equal,57,,False,False,DDNDNLWD_s057,
DDNDNLWD,540.0,think,2166.0,2171.0,540,think,2166,2171,equal,True,Equal,57,,False,False,DDNDNLWD_s057,
DDNDNLWD,541.0,you,2172.0,2175.0,541,you,2172,2175,equal,True,Equal,57,,False,False,DDNDNLWD_s057,
DDNDNLWD,542.0,are,2176.0,2179.0,542,are,2176,2179,equal,True,Equal,57,,False,False,DDNDNLWD_s057,
DDNDNLWD,543.0,"""",2179.0,2180.0,543,"""",2179,2180,equal,True,Equal,57,,False,False,DDNDNLWD_s057,
DDNDNLWD,544.0,-,2181.0,2182.0,544,-,2181,2182,equal,True,Equal,57,,False,False,DDNDNLWD_s057,
DDNDNLWD,545.0,of,2183.0,2185.0,545,of,2183,2185,equal,True,Equal,57,,False,False,DDNDNLWD_s057,
DDNDNLWD,546.0,course,2186.0,2192.0,546,course,2186,2192,equal,True,Equal,57,,False,False,DDNDNLWD_s057,
DDNDNLWD,547.0,!,2192.0,2193.0,547,!,2192,2193,equal,True,Equal,57,Sentence Ending,False,False,DDNDNLWD_s057,Correct Ending
DDNDNLWD,548.0,But,2194.0,2197.0,548,But,2194,2197,equal,True,Equal,58,Sentence Beginning,False,False,DDNDNLWD_s058,Correct Beginning
DDNDNLWD,549.0,then,2198.0,2202.0,549,then,2198,2202,equal,True,Equal,58,,False,False,DDNDNLWD_s058,
DDNDNLWD,550.0,.,2202.0,2203.0,550,.,2202,2203,equal,True,Equal,58,Sentence Ending,False,False,DDNDNLWD_s058,Correct Ending
DDNDNLWD,551.0,.,2203.0,2204.0,551,.,2203,2204,equal,True,Equal,59,Sentence Ending,False,False,DDNDNLWD_s059,Correct Ending
DDNDNLWD,552.0,.,2204.0,2205.0,552,.,2204,2205,equal,True,Equal,60,Sentence Ending,False,False,DDNDNLWD_s060,Correct Ending
DDNDNLWD,553.0,who,2206.0,2209.0,553,who,2206,2209,equal,True,Equal,61,Sentence Beginning,False,False,DDNDNLWD_s061,Incorrect Beginning
DDNDNLWD,554.0,are,2210.0,2213.0,554,are,2210,2213,equal,True,Equal,61,,False,False,DDNDNLWD_s061,
DDNDNLWD,555.0,my,2214.0,2216.0,555,my,2214,2216,equal,True,Equal,61,,False,False,DDNDNLWD_s061,
DDNDNLWD,556.0,real,2217.0,2221.0,556,real,2217,2221,equal,True,Equal,61,,False,False,DDNDNLWD_s061,
DDNDNLWD,557.0,parents,2222.0,2229.0,557,parents,2222,2229,equal,True,Equal,61,,False,False,DDNDNLWD_s061,
DDNDNLWD,558.0,?,2229.0,2230.0,558,?,2229,2230,equal,True,Equal,61,Sentence Ending,False,False,DDNDNLWD_s061,Correct Ending
DDNDNLWD,559.0,"""",2231.0,2232.0,559,"""",2231,2232,equal,True,Equal,62,,False,False,DDNDNLWD_s062,
DDNDNLWD,560.0,I,2232.0,2233.0,560,I,2232,2233,equal,True,Equal,62,Sentence Beginning,False,False,DDNDNLWD_s062,Correct Beginning
DDNDNLWD,561.0,need,2234.0,2238.0,561,need,2234,2238,equal,True,Equal,62,,False,False,DDNDNLWD_s062,
DDNDNLWD,562.0,to,2239.0,2241.0,562,to,2239,2241,equal,True,Equal,62,,False,False,DDNDNLWD_s062,
DDNDNLWD,563.0,go,2242.0,2244.0,563,go,2242,2244,equal,True,Equal,62,,False,False,DDNDNLWD_s062,
DDNDNLWD,564.0,",",2244.0,2245.0,564,",",2244,2245,equal,True,Equal,62,,False,False,DDNDNLWD_s062,
DDNDNLWD,565.0,"""",2245.0,2246.0,565,"""",2245,2246,equal,True,Equal,62,,False,False,DDNDNLWD_s062,
DDNDNLWD,566.0,I,2247.0,2248.0,566,I,2247,2248,equal,True,Equal,62,,False,False,DDNDNLWD_s062,
DDNDNLWD,567.0,burst,2249.0,2254.0,567,burst,2249,2254,equal,True,Equal,62,,False,False,DDNDNLWD_s062,
DDNDNLWD,568.0,out,2255.0,2258.0,568,out,2255,2258,equal,True,Equal,62,,False,False,DDNDNLWD_s062,
DDNDNLWD,569.0,",",2258.0,2259.0,569,",",2258,2259,equal,True,Equal,62,,False,False,DDNDNLWD_s062,
DDNDNLWD,570.0,running,2260.0,2267.0,570,running,2260,2267,equal,True,Equal,62,,False,False,DDNDNLWD_s062,
DDNDNLWD,571.0,to,2268.0,2270.0,571,to,2268,2270,equal,True,Equal,62,,False,False,DDNDNLWD_s062,
DDNDNLWD,572.0,the,2271.0,2274.0,572,the,2271,2274,equal,True,Equal,62,,False,False,DDNDNLWD_s062,
DDNDNLWD,573.0,attic,2275.0,2280.0,573,attic,2275,2280,equal,True,Equal,62,,False,False,DDNDNLWD_s062,
DDNDNLWD,574.0,and,2281.0,2284.0,574,and,2281,2284,equal,True,Equal,62,,False,False,DDNDNLWD_s062,
DDNDNLWD,575.0,slamming,2285.0,2293.0,575,slamming,2285,2293,equal,True,Equal,62,,False,False,DDNDNLWD_s062,
DDNDNLWD,576.0,the,2294.0,2297.0,576,the,2294,2297,equal,True,Equal,62,,False,False,DDNDNLWD_s062,
DDNDNLWD,577.0,splintery,2298.0,2307.0,577,splintery,2298,2307,equal,True,Equal,62,,False,False,DDNDNLWD_s062,
DDNDNLWD,578.0,wooden,2308.0,2314.0,578,wooden,2308,2314,equal,True,Equal,62,,False,False,DDNDNLWD_s062,
DDNDNLWD,579.0,door,2315.0,2319.0,579,door,2315,2319,equal,True,Equal,62,,False,False,DDNDNLWD_s062,
DDNDNLWD,580.0,behind,2320.0,2326.0,580,behind,2320,2326,equal,True,Equal,62,,False,False,DDNDNLWD_s062,
DDNDNLWD,581.0,me,2327.0,2329.0,581,me,2327,2329,equal,True,Equal,62,,False,False,DDNDNLWD_s062,
DDNDNLWD,582.0,.,2329.0,2330.0,582,.,2329,2330,equal,True,Equal,62,Sentence Ending,False,False,DDNDNLWD_s062,Correct Ending
DDNDNLWD,583.0,I,2331.0,2332.0,583,I,2331,2332,equal,True,Equal,63,Sentence Beginning,False,False,DDNDNLWD_s063,Correct Beginning
DDNDNLWD,584.0,sit,2333.0,2336.0,584,sit,2333,2336,equal,True,Equal,63,,False,False,DDNDNLWD_s063,
DDNDNLWD,585.0,on,2337.0,2339.0,585,on,2337,2339,equal,True,Equal,63,,False,False,DDNDNLWD_s063,
DDNDNLWD,586.0,the,2340.0,2343.0,586,the,2340,2343,equal,True,Equal,63,,False,False,DDNDNLWD_s063,
DDNDNLWD,587.0,floor,2344.0,2349.0,587,floor,2344,2349,equal,True,Equal,63,,False,False,DDNDNLWD_s063,
DDNDNLWD,588.0,",",2349.0,2350.0,588,",",2349,2350,equal,True,Equal,63,,False,False,DDNDNLWD_s063,
DDNDNLWD,589.0,trying,2351.0,2357.0,589,trying,2351,2357,equal,True,Equal,63,,False,False,DDNDNLWD_s063,
DDNDNLWD,590.0,to,2358.0,2360.0,590,to,2358,2360,equal,True,Equal,63,,False,False,DDNDNLWD_s063,
DDNDNLWD,591.0,process,2361.0,2368.0,591,process,2361,2368,equal,True,Equal,63,,False,False,DDNDNLWD_s063,
DDNDNLWD,592.0,it,2369.0,2371.0,592,it,2369,2371,equal,True,Equal,63,,False,False,DDNDNLWD_s063,
DDNDNLWD,593.0,.,2371.0,2372.0,593,.,2371,2372,equal,True,Equal,63,Sentence Ending,False,False,DDNDNLWD_s063,Correct Ending
DDNDNLWD,594.0,A,2373.0,2374.0,594,A,2373,2374,equal,True,Equal,64,Sentence Beginning,False,False,DDNDNLWD_s064,Correct Beginning
DDNDNLWD,595.0,few,2375.0,2378.0,595,few,2375,2378,equal,True,Equal,64,,False,False,DDNDNLWD_s064,
DDNDNLWD,596.0,times,2379.0,2384.0,596,times,2379,2384,equal,True,Equal,64,,False,False,DDNDNLWD_s064,
DDNDNLWD,597.0,",",2384.0,2385.0,597,",",2384,2385,equal,True,Equal,64,,False,False,DDNDNLWD_s064,
DDNDNLWD,598.0,I,2386.0,2387.0,598,I,2386,2387,equal,True,Equal,64,,False,False,DDNDNLWD_s064,
DDNDNLWD,599.0,think,2388.0,2393.0,599,think,2388,2393,equal,True,Equal,64,,False,False,DDNDNLWD_s064,
DDNDNLWD,600.0,that,2394.0,2398.0,600,that,2394,2398,equal,True,Equal,64,,False,False,DDNDNLWD_s064,
DDNDNLWD,601.0,it,2399.0,2401.0,601,it,2399,2401,equal,True,Equal,64,,False,False,DDNDNLWD_s064,
DDNDNLWD,602.0,is,2402.0,2404.0,602,is,2402,2404,equal,True,Equal,64,,False,False,DDNDNLWD_s064,
DDNDNLWD,603.0,ridiculous,2405.0,2415.0,603,ridiculous,2405,2415,equal,True,Equal,64,,False,False,DDNDNLWD_s064,
DDNDNLWD,604.0,.,2415.0,2416.0,604,.,2415,2416,equal,True,Equal,64,Sentence Ending,False,False,DDNDNLWD_s064,Correct Ending
DDNDNLWD,605.0,I,2417.0,2418.0,605,I,2417,2418,equal,True,Equal,65,Sentence Beginning,False,False,DDNDNLWD_s065,Correct Beginning
DDNDNLWD,606.0,mean,2419.0,2423.0,606,mean,2419,2423,equal,True,Equal,65,,False,False,DDNDNLWD_s065,
DDNDNLWD,607.0,",",2423.0,2424.0,607,",",2423,2424,equal,True,Equal,65,,False,False,DDNDNLWD_s065,
DDNDNLWD,608.0,I,2425.0,2426.0,608,I,2425,2426,equal,True,Equal,65,,False,False,DDNDNLWD_s065,
DDNDNLWD,609.0,only,2427.0,2431.0,609,only,2427,2431,equal,True,Equal,65,,False,False,DDNDNLWD_s065,
DDNDNLWD,610.0,figured,2432.0,2439.0,610,figured,2432,2439,equal,True,Equal,65,,False,False,DDNDNLWD_s065,
DDNDNLWD,611.0,this,2440.0,2444.0,611,this,2440,2444,equal,True,Equal,65,,False,False,DDNDNLWD_s065,
DDNDNLWD,612.0,out,2445.0,2448.0,612,out,2445,2448,equal,True,Equal,65,,False,False,DDNDNLWD_s065,
DDNDNLWD,613.0,today,2449.0,2454.0,613,today,2449,2454,equal,True,Equal,65,,False,False,DDNDNLWD_s065,
DDNDNLWD,614.0,.,2454.0,2455.0,614,.,2454,2455,equal,True,Equal,65,Sentence Ending,False,False,DDNDNLWD_s065,Correct Ending
DDNDNLWD,615.0,My,2456.0,2458.0,615,My,2456,2458,equal,True,Equal,66,Sentence Beginning,False,False,DDNDNLWD_s066,Correct Beginning
DDNDNLWD,616.0,parentshave,2459.0,2470.0,616,parentshave,2459,2470,equal,True,Equal,66,,False,False,DDNDNLWD_s066,
DDNDNLWD,617.0,to,2471.0,2473.0,617,to,2471,2473,equal,True,Equal,66,,False,False,DDNDNLWD_s066,
DDNDNLWD,618.0,be,2474.0,2476.0,618,be,2474,2476,equal,True,Equal,66,,False,False,DDNDNLWD_s066,
DDNDNLWD,619.0,my,2477.0,2479.0,619,my,2477,2479,equal,True,Equal,66,,False,False,DDNDNLWD_s066,
DDNDNLWD,620.0,ones,2480.0,2484.0,620,ones,2480,2484,equal,True,Equal,66,,False,False,DDNDNLWD_s066,
DDNDNLWD,621.0,.,2484.0,2485.0,621,.,2484,2485,equal,True,Equal,66,Sentence Ending,False,False,DDNDNLWD_s066,Correct Ending
DDNDNLWD,622.0,The,2486.0,2489.0,622,The,2486,2489,equal,True,Equal,67,Sentence Beginning,False,False,DDNDNLWD_s067,Correct Beginning
DDNDNLWD,623.0,ones,2490.0,2494.0,623,ones,2490,2494,equal,True,Equal,67,,False,False,DDNDNLWD_s067,
DDNDNLWD,624.0,I,2495.0,2496.0,624,I,2495,2496,equal,True,Equal,67,,False,False,DDNDNLWD_s067,
DDNDNLWD,625.0,have,2497.0,2501.0,625,have,2497,2501,equal,True,Equal,67,,False,False,DDNDNLWD_s067,
DDNDNLWD,626.0,now,2502.0,2505.0,626,now,2502,2505,equal,True,Equal,67,,False,False,DDNDNLWD_s067,
DDNDNLWD,627.0,.,2505.0,2506.0,627,.,2505,2506,equal,True,Equal,67,Sentence Ending,False,False,DDNDNLWD_s067,Correct Ending
DDNDNLWD,628.0,Right,2507.0,2512.0,628,Right,2507,2512,equal,True,Equal,68,Sentence Beginning,False,False,DDNDNLWD_s068,Correct Beginning
DDNDNLWD,629.0,?,2512.0,2513.0,629,?,2512,2513,equal,True,Equal,68,Sentence Ending,False,False,DDNDNLWD_s068,Correct Ending
DDNDNLWD,630.0,I,2514.0,2515.0,630,I,2514,2515,equal,True,Equal,69,Sentence Beginning,False,False,DDNDNLWD_s069,Correct Beginning
DDNDNLWD,631.0,groan,2516.0,2521.0,631,groan,2516,2521,equal,True,Equal,69,,False,False,DDNDNLWD_s069,
DDNDNLWD,632.0,",",2521.0,2522.0,632,",",2521,2522,equal,True,Equal,69,,False,False,DDNDNLWD_s069,
DDNDNLWD,633.0,struggling,2523.0,2533.0,633,struggling,2523,2533,equal,True,Equal,69,,False,False,DDNDNLWD_s069,
DDNDNLWD,634.0,to,2534.0,2536.0,634,to,2534,2536,equal,True,Equal,69,,False,False,DDNDNLWD_s069,
DDNDNLWD,635.0,make,2537.0,2541.0,635,make,2537,2541,equal,True,Equal,69,,False,False,DDNDNLWD_s069,
DDNDNLWD,636.0,sense,2542.0,2547.0,636,sense,2542,2547,equal,True,Equal,69,,False,False,DDNDNLWD_s069,
DDNDNLWD,637.0,of,2548.0,2550.0,637,of,2548,2550,equal,True,Equal,69,,False,False,DDNDNLWD_s069,
DDNDNLWD,638.0,it,2551.0,2553.0,638,it,2551,2553,equal,True,Equal,69,,False,False,DDNDNLWD_s069,
DDNDNLWD,639.0,all,2554.0,2557.0,639,all,2554,2557,equal,True,Equal,69,,False,False,DDNDNLWD_s069,
DDNDNLWD,640.0,.,2557.0,2558.0,640,.,2557,2558,equal,True,Equal,69,Sentence Ending,False,False,DDNDNLWD_s069,Correct Ending
DDNDNLWD,641.0,"""",2559.0,2560.0,641,"""",2559,2560,equal,True,Equal,70,,False,False,DDNDNLWD_s070,
DDNDNLWD,642.0,Where,2560.0,2565.0,642,Where,2560,2565,equal,True,Equal,70,Sentence Beginning,False,False,DDNDNLWD_s070,Correct Beginning
DDNDNLWD,643.0,are,2566.0,2569.0,643,are,2566,2569,equal,True,Equal,70,,False,False,DDNDNLWD_s070,
DDNDNLWD,644.0,you,2570.0,2573.0,644,you,2570,2573,equal,True,Equal,70,,False,False,DDNDNLWD_s070,
DDNDNLWD,645.0,?,2573.0,2574.0,645,?,2573,2574,equal,True,Equal,70,Sentence Ending,False,False,DDNDNLWD_s070,Correct Ending
DDNDNLWD,646.0,I,2575.0,2576.0,646,I,2575,2576,equal,True,Equal,71,Sentence Beginning,False,False,DDNDNLWD_s071,Correct Beginning
DDNDNLWD,647.0,whispered,2577.0,2586.0,647,whispered,2577,2586,equal,True,Equal,71,,False,False,DDNDNLWD_s071,
DDNDNLWD,648.0,.,2586.0,2587.0,648,.,2586,2587,equal,True,Equal,71,Sentence Ending,False,False,DDNDNLWD_s071,Correct Ending
DDNDNLWD,649.0,"""",2588.0,2589.0,649,"""",2588,2589,equal,True,Equal,72,,False,False,DDNDNLWD_s072,
DDNDNLWD,650.0,Why,2589.0,2592.0,650,Why,2589,2592,equal,True,Equal,72,Sentence Beginning,False,False,DDNDNLWD_s072,Correct Beginning
DDNDNLWD,651.0,did,2593.0,2596.0,651,did,2593,2596,equal,True,Equal,72,,False,False,DDNDNLWD_s072,
DDNDNLWD,652.0,you,2597.0,2600.0,652,you,2597,2600,equal,True,Equal,72,,False,False,DDNDNLWD_s072,
DDNDNLWD,653.0,leave,2601.0,2606.0,653,leave,2601,2606,equal,True,Equal,72,,False,False,DDNDNLWD_s072,
DDNDNLWD,654.0,me,2607.0,2609.0,654,me,2607,2609,equal,True,Equal,72,,False,False,DDNDNLWD_s072,
DDNDNLWD,655.0,?,2609.0,2610.0,655,?,2609,2610,equal,True,Equal,72,Sentence Ending,False,False,DDNDNLWD_s072,Correct Ending
DDNDNLWD,656.0,"""",2610.0,2611.0,656,"""",2610,2611,equal,True,Equal,73,,False,False,DDNDNLWD_s073,
DDNDNLWD,657.0,Suddenly,2612.0,2620.0,657,Suddenly,2612,2620,equal,True,Equal,73,Sentence Beginning,False,False,DDNDNLWD_s073,Correct Beginning
DDNDNLWD,658.0,",",2620.0,2621.0,658,",",2620,2621,equal,True,Equal,73,,False,False,DDNDNLWD_s073,
DDNDNLWD,659.0,footsteps,2622.0,2631.0,659,footsteps,2622,2631,equal,True,Equal,73,,False,False,DDNDNLWD_s073,
DDNDNLWD,660.0,approach,2632.0,2640.0,660,approach,2632,2640,equal,True,Equal,73,,False,False,DDNDNLWD_s073,
DDNDNLWD,661.0,.,2640.0,2641.0,661,.,2640,2641,equal,True,Equal,73,Sentence Ending,False,False,DDNDNLWD_s073,Correct Ending
DDNDNLWD,662.0,I,2642.0,2643.0,662,I,2642,2643,equal,True,Equal,74,Sentence Beginning,False,False,DDNDNLWD_s074,Correct Beginning
DDNDNLWD,663.0,scramble,2644.0,2652.0,663,scramble,2644,2652,equal,True,Equal,74,,False,False,DDNDNLWD_s074,
DDNDNLWD,664.0,to,2653.0,2655.0,664,to,2653,2655,equal,True,Equal,74,,False,False,DDNDNLWD_s074,
DDNDNLWD,665.0,my,2656.0,2658.0,665,my,2656,2658,equal,True,Equal,74,,False,False,DDNDNLWD_s074,
DDNDNLWD,666.0,feet,2659.0,2663.0,666,feet,2659,2663,equal,True,Equal,74,,False,False,DDNDNLWD_s074,
DDNDNLWD,667.0,.,2663.0,2664.0,667,.,2663,2664,equal,True,Equal,74,Sentence Ending,False,False,DDNDNLWD_s074,Correct Ending
DDNDNLWD,668.0,"""",2665.0,2666.0,668,"""",2665,2666,equal,True,Equal,75,,False,False,DDNDNLWD_s075,
DDNDNLWD,669.0,Sky,2666.0,2669.0,669,Sky,2666,2669,equal,True,Equal,75,Sentence Beginning,False,False,DDNDNLWD_s075,Correct Beginning
DDNDNLWD,670.0,?,2669.0,2670.0,670,?,2669,2670,equal,True,Equal,75,Sentence Ending,False,False,DDNDNLWD_s075,Correct Ending
DDNDNLWD,671.0,"""",2670.0,2671.0,671,"""",2670,2671,equal,True,Equal,76,,False,False,DDNDNLWD_s076,
DDNDNLWD,672.0,my,2672.0,2674.0,672,my,2672,2674,equal,True,Equal,76,Sentence Beginning,False,False,DDNDNLWD_s076,Incorrect Beginning
DDNDNLWD,673.0,dad,2675.0,2678.0,673,dad,2675,2678,equal,True,Equal,76,,False,False,DDNDNLWD_s076,
DDNDNLWD,674.0,',2678.0,2679.0,674,',2678,2679,equal,True,Equal,76,,False,False,DDNDNLWD_s076,
DDNDNLWD,675.0,s,2679.0,2680.0,675,s,2679,2680,equal,True,Equal,76,,False,False,DDNDNLWD_s076,
DDNDNLWD,676.0,voice,2681.0,2686.0,676,voice,2681,2686,equal,True,Equal,76,,False,False,DDNDNLWD_s076,
DDNDNLWD,677.0,rings,2687.0,2692.0,677,rings,2687,2692,equal,True,Equal,76,,False,False,DDNDNLWD_s076,
DDNDNLWD,678.0,in,2693.0,2695.0,678,in,2693,2695,equal,True,Equal,76,,False,False,DDNDNLWD_s076,
DDNDNLWD,679.0,my,2696.0,2698.0,679,my,2696,2698,equal,True,Equal,76,,False,False,DDNDNLWD_s076,
DDNDNLWD,680.0,ears,2699.0,2703.0,680,ears,2699,2703,equal,True,Equal,76,,False,False,DDNDNLWD_s076,
DDNDNLWD,681.0,.,2703.0,2704.0,681,.,2703,2704,equal,True,Equal,76,Sentence Ending,False,False,DDNDNLWD_s076,Correct Ending
DDNDNLWD,682.0,"""",2705.0,2706.0,682,"""",2705,2706,equal,True,Equal,77,,False,False,DDNDNLWD_s077,
DDNDNLWD,683.0,Sky,2706.0,2709.0,683,Sky,2706,2709,equal,True,Equal,77,Sentence Beginning,False,False,DDNDNLWD_s077,Correct Beginning
DDNDNLWD,684.0,Willows,2710.0,2717.0,684,Willows,2710,2717,equal,True,Equal,77,,False,False,DDNDNLWD_s077,
DDNDNLWD,685.0,?,2717.0,2718.0,685,?,2717,2718,equal,True,Equal,77,Sentence Ending,False,False,DDNDNLWD_s077,Correct Ending
DDNDNLWD,686.0,"""",2718.0,2719.0,686,"""",2718,2719,equal,True,Equal,78,,False,False,DDNDNLWD_s078,
DDNDNLWD,687.0,I,2720.0,2721.0,687,I,2720,2721,equal,True,Equal,78,Sentence Beginning,False,False,DDNDNLWD_s078,Correct Beginning
DDNDNLWD,688.0,open,2722.0,2726.0,688,open,2722,2726,equal,True,Equal,78,,False,False,DDNDNLWD_s078,
DDNDNLWD,689.0,the,2727.0,2730.0,689,the,2727,2730,equal,True,Equal,78,,False,False,DDNDNLWD_s078,
DDNDNLWD,690.0,door,2731.0,2735.0,690,door,2731,2735,equal,True,Equal,78,,False,False,DDNDNLWD_s078,
DDNDNLWD,691.0,",",2735.0,2736.0,691,",",2735,2736,equal,True,Equal,78,,False,False,DDNDNLWD_s078,
DDNDNLWD,692.0,and,2737.0,2740.0,692,and,2737,2740,equal,True,Equal,78,,False,False,DDNDNLWD_s078,
DDNDNLWD,693.0,sure,2741.0,2745.0,693,sure,2741,2745,equal,True,Equal,78,,False,False,DDNDNLWD_s078,
DDNDNLWD,694.0,enough,2746.0,2752.0,694,enough,2746,2752,equal,True,Equal,78,,False,False,DDNDNLWD_s078,
DDNDNLWD,695.0,",",2752.0,2753.0,695,",",2752,2753,equal,True,Equal,78,,False,False,DDNDNLWD_s078,
DDNDNLWD,696.0,my,2754.0,2756.0,696,my,2754,2756,equal,True,Equal,78,,False,False,DDNDNLWD_s078,
DDNDNLWD,697.0,parents,2757.0,2764.0,697,parents,2757,2764,equal,True,Equal,78,,False,False,DDNDNLWD_s078,
DDNDNLWD,698.0,are,2765.0,2768.0,698,are,2765,2768,equal,True,Equal,78,,False,False,DDNDNLWD_s078,
DDNDNLWD,699.0,there,2769.0,2774.0,699,there,2769,2774,equal,True,Equal,78,,False,False,DDNDNLWD_s078,
DDNDNLWD,700.0,.,2774.0,2775.0,700,.,2774,2775,equal,True,Equal,78,Sentence Ending,False,False,DDNDNLWD_s078,Correct Ending
DDNDNLWD,701.0,"""",2776.0,2777.0,701,"""",2776,2777,equal,True,Equal,79,,False,False,DDNDNLWD_s079,
DDNDNLWD,702.0,I,2777.0,2778.0,702,I,2777,2778,equal,True,Equal,79,Sentence Beginning,False,False,DDNDNLWD_s079,Correct Beginning
DDNDNLWD,703.0,want,2779.0,2783.0,703,want,2779,2783,equal,True,Equal,79,,False,False,DDNDNLWD_s079,
DDNDNLWD,704.0,to,2784.0,2786.0,704,to,2784,2786,equal,True,Equal,79,,False,False,DDNDNLWD_s079,
DDNDNLWD,705.0,know,2787.0,2791.0,705,know,2787,2791,equal,True,Equal,79,,False,False,DDNDNLWD_s079,
DDNDNLWD,706.0,what,2792.0,2796.0,706,what,2792,2796,equal,True,Equal,79,,False,False,DDNDNLWD_s079,
DDNDNLWD,707.0,happened,2797.0,2805.0,707,happened,2797,2805,equal,True,Equal,79,,False,False,DDNDNLWD_s079,
DDNDNLWD,708.0,to,2806.0,2808.0,708,to,2806,2808,equal,True,Equal,79,,False,False,DDNDNLWD_s079,
DDNDNLWD,709.0,them,2809.0,2813.0,709,them,2809,2813,equal,True,Equal,79,,False,False,DDNDNLWD_s079,
DDNDNLWD,710.0,.,2813.0,2814.0,710,.,2813,2814,equal,True,Equal,79,Sentence Ending,False,False,DDNDNLWD_s079,Correct Ending
DDNDNLWD,711.0,"""",2814.0,2815.0,711,"""",2814,2815,equal,True,Equal,80,,False,False,DDNDNLWD_s080,
DDNDNLWD,712.0,My,2816.0,2818.0,712,My,2816,2818,equal,True,Equal,80,Sentence Beginning,False,False,DDNDNLWD_s080,Correct Beginning
DDNDNLWD,713.0,voice,2819.0,2824.0,713,voice,2819,2824,equal,True,Equal,80,,False,False,DDNDNLWD_s080,
DDNDNLWD,714.0,is,2825.0,2827.0,714,is,2825,2827,equal,True,Equal,80,,False,False,DDNDNLWD_s080,
DDNDNLWD,715.0,steady,2828.0,2834.0,715,steady,2828,2834,equal,True,Equal,80,,False,False,DDNDNLWD_s080,
DDNDNLWD,716.0,",",2834.0,2835.0,716,",",2834,2835,equal,True,Equal,80,,False,False,DDNDNLWD_s080,
DDNDNLWD,717.0,but,2836.0,2839.0,717,but,2836,2839,equal,True,Equal,80,,False,False,DDNDNLWD_s080,
DDNDNLWD,718.0,my,2840.0,2842.0,718,my,2840,2842,equal,True,Equal,80,,False,False,DDNDNLWD_s080,
DDNDNLWD,719.0,fear,2843.0,2847.0,719,fear,2843,2847,equal,True,Equal,80,,False,False,DDNDNLWD_s080,
DDNDNLWD,720.0,underneath,2848.0,2858.0,720,underneath,2848,2858,equal,True,Equal,80,,False,False,DDNDNLWD_s080,
DDNDNLWD,721.0,it,2859.0,2861.0,721,it,2859,2861,equal,True,Equal,80,,False,False,DDNDNLWD_s080,
DDNDNLWD,722.0,all,2862.0,2865.0,722,all,2862,2865,equal,True,Equal,80,,False,False,DDNDNLWD_s080,
DDNDNLWD,723.0,is,2866.0,2868.0,723,is,2866,2868,equal,True,Equal,80,,False,False,DDNDNLWD_s080,
DDNDNLWD,724.0,unmistakable,2869.0,2881.0,724,unmistakable,2869,2881,equal,True,Equal,80,,False,False,DDNDNLWD_s080,
DDNDNLWD,725.0,.,2881.0,2882.0,725,.,2881,2882,equal,True,Equal,80,Sentence Ending,False,False,DDNDNLWD_s080,Correct Ending
DDNDNLWD,726.0,"""",2883.0,2884.0,726,"""",2883,2884,equal,True,Equal,81,,False,False,DDNDNLWD_s081,
DDNDNLWD,727.0,So,2884.0,2886.0,727,So,2884,2886,equal,True,Equal,81,Sentence Beginning,False,False,DDNDNLWD_s081,Correct Beginning
DDNDNLWD,728.0,you,2887.0,2890.0,728,you,2887,2890,equal,True,Equal,81,,False,False,DDNDNLWD_s081,
DDNDNLWD,729.0,finally,2891.0,2898.0,729,finally,2891,2898,equal,True,Equal,81,,False,False,DDNDNLWD_s081,
DDNDNLWD,730.0,figured,2899.0,2906.0,730,figured,2899,2906,equal,True,Equal,81,,False,False,DDNDNLWD_s081,
DDNDNLWD,731.0,it,2907.0,2909.0,731,it,2907,2909,equal,True,Equal,81,,False,False,DDNDNLWD_s081,
DDNDNLWD,732.0,out,2910.0,2913.0,732,out,2910,2913,equal,True,Equal,81,,False,False,DDNDNLWD_s081,
DDNDNLWD,733.0,",",2913.0,2914.0,733,",",2913,2914,equal,True,Equal,81,,False,False,DDNDNLWD_s081,
DDNDNLWD,734.0,"""",2914.0,2915.0,734,"""",2914,2915,equal,True,Equal,81,,False,False,DDNDNLWD_s081,
DDNDNLWD,735.0,my,2916.0,2918.0,735,my,2916,2918,equal,True,Equal,81,,False,False,DDNDNLWD_s081,
DDNDNLWD,736.0,mum,2919.0,2922.0,736,mum,2919,2922,equal,True,Equal,81,,False,False,DDNDNLWD_s081,
DDNDNLWD,737.0,sighs,2923.0,2928.0,737,sighs,2923,2928,equal,True,Equal,81,,False,False,DDNDNLWD_s081,
DDNDNLWD,738.0,.,2928.0,2929.0,738,.,2928,2929,equal,True,Equal,81,Sentence Ending,False,False,DDNDNLWD_s081,Correct Ending
DDNDNLWD,739.0,"""",2930.0,2931.0,739,"""",2930,2931,equal,True,Equal,82,,False,False,DDNDNLWD_s082,
DDNDNLWD,740.0,Yes,2931.0,2934.0,740,Yes,2931,2934,equal,True,Equal,82,Sentence Beginning,False,False,DDNDNLWD_s082,Correct Beginning
DDNDNLWD,741.0,.,2934.0,2935.0,741,.,2934,2935,equal,True,Equal,82,Sentence Ending,False,False,DDNDNLWD_s082,Correct Ending
DDNDNLWD,742.0,What,2936.0,2940.0,742,What,2936,2940,equal,True,Equal,83,Sentence Beginning,False,False,DDNDNLWD_s083,Correct Beginning
DDNDNLWD,743.0,happened,2941.0,2949.0,743,happened,2941,2949,equal,True,Equal,83,,False,False,DDNDNLWD_s083,
DDNDNLWD,744.0,to,2950.0,2952.0,744,to,2950,2952,equal,True,Equal,83,,False,False,DDNDNLWD_s083,
DDNDNLWD,745.0,them,2953.0,2957.0,745,them,2953,2957,equal,True,Equal,83,,False,False,DDNDNLWD_s083,
DDNDNLWD,746.0,?,2957.0,2958.0,746,?,2957,2958,equal,True,Equal,83,Sentence Ending,False,False,DDNDNLWD_s083,Correct Ending
DDNDNLWD,747.0,"""",2958.0,2959.0,747,"""",2958,2959,equal,True,Equal,84,,False,False,DDNDNLWD_s084,
DDNDNLWD,748.0,I,2960.0,2961.0,748,I,2960,2961,equal,True,Equal,84,Sentence Beginning,False,False,DDNDNLWD_s084,Correct Beginning
DDNDNLWD,749.0,ask,2962.0,2965.0,749,ask,2962,2965,equal,True,Equal,84,,False,False,DDNDNLWD_s084,
DDNDNLWD,750.0,again,2966.0,2971.0,750,again,2966,2971,equal,True,Equal,84,,False,False,DDNDNLWD_s084,
DDNDNLWD,751.0,.,2971.0,2972.0,751,.,2971,2972,equal,True,Equal,84,Sentence Ending,False,False,DDNDNLWD_s084,Correct Ending
DDNDNLWD,752.0,"""",2973.0,2974.0,752,"""",2973,2974,equal,True,Equal,85,,False,False,DDNDNLWD_s085,
DDNDNLWD,753.0,Oh,2974.0,2976.0,753,Oh,2974,2976,equal,True,Equal,85,Sentence Beginning,False,False,DDNDNLWD_s085,Correct Beginning
DDNDNLWD,754.0,",",2976.0,2977.0,754,",",2976,2977,equal,True,Equal,85,,False,False,DDNDNLWD_s085,
DDNDNLWD,755.0,don,2978.0,2981.0,755,don,2978,2981,equal,True,Equal,85,,False,False,DDNDNLWD_s085,
DDNDNLWD,756.0,',2981.0,2982.0,756,',2981,2982,equal,True,Equal,85,,False,False,DDNDNLWD_s085,
DDNDNLWD,757.0,t,2982.0,2983.0,757,t,2982,2983,equal,True,Equal,85,,False,False,DDNDNLWD_s085,
DDNDNLWD,758.0,worry,2984.0,2989.0,758,worry,2984,2989,equal,True,Equal,85,,False,False,DDNDNLWD_s085,
DDNDNLWD,759.0,.,2989.0,2990.0,759,.,2989,2990,equal,True,Equal,85,Sentence Ending,False,False,DDNDNLWD_s085,Correct Ending
DDNDNLWD,760.0,"""",2990.0,2991.0,760,"""",2990,2991,equal,True,Equal,86,,False,False,DDNDNLWD_s086,
DDNDNLWD,761.0,My,2992.0,2994.0,761,My,2992,2994,equal,True,Equal,86,Sentence Beginning,False,False,DDNDNLWD_s086,Correct Beginning
DDNDNLWD,762.0,dad,2995.0,2998.0,762,dad,2995,2998,equal,True,Equal,86,,False,False,DDNDNLWD_s086,
DDNDNLWD,763.0,smiles,2999.0,3005.0,763,smiles,2999,3005,equal,True,Equal,86,,False,False,DDNDNLWD_s086,
DDNDNLWD,764.0,.,3005.0,3006.0,764,.,3005,3006,equal,True,Equal,86,Sentence Ending,False,False,DDNDNLWD_s086,Correct Ending
DDNDNLWD,765.0,Then,3007.0,3011.0,765,Then,3007,3011,equal,True,Equal,87,Sentence Beginning,False,False,DDNDNLWD_s087,Correct Beginning
DDNDNLWD,766.0,",",3011.0,3012.0,766,",",3011,3012,equal,True,Equal,87,,False,False,DDNDNLWD_s087,
DDNDNLWD,767.0,as,3013.0,3015.0,767,as,3013,3015,equal,True,Equal,87,,False,False,DDNDNLWD_s087,
DDNDNLWD,768.0,if,3016.0,3018.0,768,if,3016,3018,equal,True,Equal,87,,False,False,DDNDNLWD_s087,
DDNDNLWD,769.0,a,3019.0,3020.0,769,a,3019,3020,equal,True,Equal,87,,False,False,DDNDNLWD_s087,
DDNDNLWD,770.0,light,3021.0,3026.0,770,light,3021,3026,equal,True,Equal,87,,False,False,DDNDNLWD_s087,
DDNDNLWD,771.0,had,3027.0,3030.0,771,had,3027,3030,equal,True,Equal,87,,False,False,DDNDNLWD_s087,
DDNDNLWD,772.0,been,3031.0,3035.0,772,been,3031,3035,equal,True,Equal,87,,False,False,DDNDNLWD_s087,
DDNDNLWD,773.0,shut,3036.0,3040.0,773,shut,3036,3040,equal,True,Equal,87,,False,False,DDNDNLWD_s087,
DDNDNLWD,774.0,off,3041.0,3044.0,774,off,3041,3044,equal,True,Equal,87,,False,False,DDNDNLWD_s087,
DDNDNLWD,775.0,",",3044.0,3045.0,775,",",3044,3045,equal,True,Equal,87,,False,False,DDNDNLWD_s087,
DDNDNLWD,776.0,their,3046.0,3051.0,776,their,3046,3051,equal,True,Equal,87,,False,False,DDNDNLWD_s087,
DDNDNLWD,777.0,faces,3052.0,3057.0,777,faces,3052,3057,equal,True,Equal,87,,False,False,DDNDNLWD_s087,
DDNDNLWD,778.0,contort,3058.0,3065.0,778,contort,3058,3065,equal,True,Equal,87,,False,False,DDNDNLWD_s087,
DDNDNLWD,779.0,into,3066.0,3070.0,779,into,3066,3070,equal,True,Equal,87,,False,False,DDNDNLWD_s087,
DDNDNLWD,780.0,creepy,3071.0,3077.0,780,creepy,3071,3077,equal,True,Equal,87,,False,False,DDNDNLWD_s087,
DDNDNLWD,781.0,and,3078.0,3081.0,781,and,3078,3081,equal,True,Equal,87,,False,False,DDNDNLWD_s087,
DDNDNLWD,782.0,slightly,3082.0,3090.0,782,slightly,3082,3090,equal,True,Equal,87,,False,False,DDNDNLWD_s087,
DDNDNLWD,783.0,mad,3091.0,3094.0,783,mad,3091,3094,equal,True,Equal,87,,False,False,DDNDNLWD_s087,
DDNDNLWD,784.0,features,3095.0,3103.0,784,features,3095,3103,equal,True,Equal,87,,False,False,DDNDNLWD_s087,
DDNDNLWD,785.0,.,3103.0,3104.0,785,.,3103,3104,equal,True,Equal,87,Sentence Ending,False,False,DDNDNLWD_s087,Correct Ending
DDNDNLWD,786.0,"""",3105.0,3106.0,786,"""",3105,3106,equal,True,Equal,88,,False,False,DDNDNLWD_s088,
DDNDNLWD,787.0,We,3106.0,3108.0,787,We,3106,3108,equal,True,Equal,88,Sentence Beginning,False,False,DDNDNLWD_s088,Correct Beginning
DDNDNLWD,788.0,took,3109.0,3113.0,788,took,3109,3113,equal,True,Equal,88,,False,False,DDNDNLWD_s088,
DDNDNLWD,789.0,care,3114.0,3118.0,789,care,3114,3118,equal,True,Equal,88,,False,False,DDNDNLWD_s088,
DDNDNLWD,790.0,of,3119.0,3121.0,790,of,3119,3121,equal,True,Equal,88,,False,False,DDNDNLWD_s088,
DDNDNLWD,791.0,them,3122.0,3126.0,791,them,3122,3126,equal,True,Equal,88,,False,False,DDNDNLWD_s088,
DDNDNLWD,792.0,.,3126.0,3127.0,792,.,3126,3127,equal,True,Equal,88,Sentence Ending,False,False,DDNDNLWD_s088,Correct Ending
DDNDNLWD,793.0,"""",3127.0,3128.0,793,"""",3127,3128,equal,True,Equal,89,,False,False,DDNDNLWD_s089,
DDNDNLWD,,,,,794,.,3128,3129,insert,False,PunctuationInsertion,89,Sentence Ending,False,False,DDNDNLWD_s089,Incorrect Ending
DFPYDMTT,0.0,Make,0.0,4.0,0,Make,0,4,equal,True,Equal,0,Sentence Beginning,False,False,DFPYDMTT_s000,Correct Beginning
DFPYDMTT,1.0,it,5.0,7.0,1,it,5,7,equal,True,Equal,0,,False,False,DFPYDMTT_s000,
DFPYDMTT,2.0,to,8.0,10.0,2,to,8,10,equal,True,Equal,0,,False,False,DFPYDMTT_s000,
DFPYDMTT,3.0,the,11.0,14.0,3,the,11,14,equal,True,Equal,0,,False,False,DFPYDMTT_s000,
DFPYDMTT,4.0,Moon,15.0,19.0,4,Moon,15,19,equal,True,Equal,0,,False,False,DFPYDMTT_s000,
DFPYDMTT,5.0,"""",20.0,21.0,5,"""",20,21,equal,True,Equal,0,,False,False,DFPYDMTT_s000,
DFPYDMTT,6.0,5,21.0,22.0,6,5,21,22,equal,True,Equal,0,,False,False,DFPYDMTT_s000,
DFPYDMTT,7.0,",",22.0,23.0,7,",",22,23,equal,True,Equal,0,,False,False,DFPYDMTT_s000,
DFPYDMTT,8.0,4,24.0,25.0,8,4,24,25,equal,True,Equal,0,,False,False,DFPYDMTT_s000,
DFPYDMTT,9.0,",",25.0,26.0,9,",",25,26,equal,True,Equal,0,,False,False,DFPYDMTT_s000,
DFPYDMTT,10.0,3,27.0,28.0,10,3,27,28,equal,True,Equal,0,,False,False,DFPYDMTT_s000,
DFPYDMTT,11.0,",",28.0,29.0,11,",",28,29,equal,True,Equal,0,,False,False,DFPYDMTT_s000,
DFPYDMTT,12.0,2,30.0,31.0,12,2,30,31,equal,True,Equal,0,,False,False,DFPYDMTT_s000,
DFPYDMTT,13.0,",",31.0,32.0,13,",",31,32,equal,True,Equal,0,,False,False,DFPYDMTT_s000,
DFPYDMTT,14.0,1,33.0,34.0,14,1,33,34,equal,True,Equal,0,,False,False,DFPYDMTT_s000,
DFPYDMTT,15.0,",",34.0,35.0,15,",",34,35,equal,True,Equal,0,,False,False,DFPYDMTT_s000,
DFPYDMTT,16.0,"""",35.0,36.0,16,"""",35,36,equal,True,Equal,0,,False,False,DFPYDMTT_s000,
DFPYDMTT,17.0,counted,37.0,44.0,17,counted,37,44,equal,True,Equal,0,,False,False,DFPYDMTT_s000,
DFPYDMTT,18.0,the,45.0,48.0,18,the,45,48,equal,True,Equal,0,,False,False,DFPYDMTT_s000,
DFPYDMTT,19.0,lady,49.0,53.0,19,lady,49,53,equal,True,Equal,0,,False,False,DFPYDMTT_s000,
DFPYDMTT,20.0,in,54.0,56.0,20,in,54,56,equal,True,Equal,0,,False,False,DFPYDMTT_s000,
DFPYDMTT,21.0,the,57.0,60.0,21,the,57,60,equal,True,Equal,0,,False,False,DFPYDMTT_s000,
DFPYDMTT,22.0,H,61.0,62.0,22,H,61,62,equal,True,Equal,0,,False,False,DFPYDMTT_s000,
DFPYDMTT,23.0,.,62.0,63.0,23,.,62,63,equal,True,Equal,0,,False,False,DFPYDMTT_s000,
DFPYDMTT,24.0,R,63.0,64.0,24,R,63,64,equal,True,Equal,0,,False,False,DFPYDMTT_s000,
DFPYDMTT,25.0,.,64.0,65.0,25,.,64,65,equal,True,Equal,0,,False,False,DFPYDMTT_s000,
DFPYDMTT,26.0,S,65.0,66.0,26,S,65,66,equal,True,Equal,0,,False,False,DFPYDMTT_s000,
DFPYDMTT,27.0,control,67.0,74.0,27,control,67,74,equal,True,Equal,0,,False,False,DFPYDMTT_s000,
DFPYDMTT,28.0,centre,75.0,81.0,28,centre,75,81,equal,True,Equal,0,,False,False,DFPYDMTT_s000,
DFPYDMTT,29.0,.,81.0,82.0,29,.,81,82,equal,True,Equal,0,Sentence Ending,False,False,DFPYDMTT_s000,Correct Ending
DFPYDMTT,30.0,"""",83.0,84.0,30,"""",83,84,equal,True,Equal,1,,False,False,DFPYDMTT_s001,
DFPYDMTT,31.0,H,84.0,85.0,31,H,84,85,equal,True,Equal,1,Sentence Beginning,False,False,DFPYDMTT_s001,Correct Beginning
DFPYDMTT,32.0,.,85.0,86.0,32,.,85,86,equal,True,Equal,1,,False,False,DFPYDMTT_s001,
DFPYDMTT,33.0,R,86.0,87.0,33,R,86,87,equal,True,Equal,1,,False,False,DFPYDMTT_s001,
DFPYDMTT,34.0,.,87.0,88.0,34,.,87,88,equal,True,Equal,1,,False,False,DFPYDMTT_s001,
DFPYDMTT,35.0,S,88.0,89.0,35,S,88,89,equal,True,Equal,1,,False,False,DFPYDMTT_s001,
DFPYDMTT,36.0,spaceship,90.0,99.0,36,spaceship,90,99,equal,True,Equal,1,,False,False,DFPYDMTT_s001,
DFPYDMTT,37.0,1,100.0,101.0,37,1,100,101,equal,True,Equal,1,,False,False,DFPYDMTT_s001,
DFPYDMTT,38.0,",",101.0,102.0,38,",",101,102,equal,True,Equal,1,,False,False,DFPYDMTT_s001,
DFPYDMTT,39.0,are,103.0,106.0,39,are,103,106,equal,True,Equal,1,,False,False,DFPYDMTT_s001,
DFPYDMTT,40.0,you,107.0,110.0,40,you,107,110,equal,True,Equal,1,,False,False,DFPYDMTT_s001,
DFPYDMTT,41.0,ready,111.0,116.0,41,ready,111,116,equal,True,Equal,1,,False,False,DFPYDMTT_s001,
DFPYDMTT,42.0,for,117.0,120.0,42,for,117,120,equal,True,Equal,1,,False,False,DFPYDMTT_s001,
DFPYDMTT,43.0,lift,121.0,125.0,43,lift,121,125,equal,True,Equal,1,,False,False,DFPYDMTT_s001,
DFPYDMTT,44.0,off,126.0,129.0,44,off,126,129,equal,True,Equal,1,,False,False,DFPYDMTT_s001,
DFPYDMTT,45.0,?,129.0,130.0,45,?,129,130,equal,True,Equal,1,Sentence Ending,False,False,DFPYDMTT_s001,Correct Ending
DFPYDMTT,46.0,"""",130.0,131.0,46,"""",130,131,equal,True,Equal,2,,False,False,DFPYDMTT_s002,
DFPYDMTT,47.0,Eliza,132.0,137.0,47,Eliza,132,137,equal,True,Equal,2,Sentence Beginning,False,False,DFPYDMTT_s002,Correct Beginning
DFPYDMTT,48.0,took,138.0,142.0,48,took,138,142,equal,True,Equal,2,,False,False,DFPYDMTT_s002,
DFPYDMTT,49.0,a,143.0,144.0,49,a,143,144,equal,True,Equal,2,,False,False,DFPYDMTT_s002,
DFPYDMTT,50.0,deep,145.0,149.0,50,deep,145,149,equal,True,Equal,2,,False,False,DFPYDMTT_s002,
DFPYDMTT,51.0,breath,150.0,156.0,51,breath,150,156,equal,True,Equal,2,,False,False,DFPYDMTT_s002,
DFPYDMTT,52.0,",",156.0,157.0,52,",",156,157,equal,True,Equal,2,,False,False,DFPYDMTT_s002,
DFPYDMTT,53.0,clutching,158.0,167.0,53,clutching,158,167,equal,True,Equal,2,,False,False,DFPYDMTT_s002,
DFPYDMTT,54.0,the,168.0,171.0,54,the,168,171,equal,True,Equal,2,,False,False,DFPYDMTT_s002,
DFPYDMTT,55.0,edge,172.0,176.0,55,edge,172,176,equal,True,Equal,2,,False,False,DFPYDMTT_s002,
DFPYDMTT,56.0,of,177.0,179.0,56,of,177,179,equal,True,Equal,2,,False,False,DFPYDMTT_s002,
DFPYDMTT,57.0,her,180.0,183.0,57,her,180,183,equal,True,Equal,2,,False,False,DFPYDMTT_s002,
DFPYDMTT,58.0,seat,184.0,188.0,58,seat,184,188,equal,True,Equal,2,,False,False,DFPYDMTT_s002,
DFPYDMTT,59.0,",",188.0,189.0,59,",",188,189,equal,True,Equal,2,,False,False,DFPYDMTT_s002,
DFPYDMTT,60.0,looking,190.0,197.0,60,looking,190,197,equal,True,Equal,2,,False,False,DFPYDMTT_s002,
DFPYDMTT,61.0,down,198.0,202.0,61,down,198,202,equal,True,Equal,2,,False,False,DFPYDMTT_s002,
DFPYDMTT,62.0,on,203.0,205.0,62,on,203,205,equal,True,Equal,2,,False,False,DFPYDMTT_s002,
DFPYDMTT,63.0,the,206.0,209.0,63,the,206,209,equal,True,Equal,2,,False,False,DFPYDMTT_s002,
DFPYDMTT,64.0,world,210.0,215.0,64,world,210,215,equal,True,Equal,2,,False,False,DFPYDMTT_s002,
DFPYDMTT,65.0,.,215.0,216.0,65,.,215,216,equal,True,Equal,2,Sentence Ending,False,False,DFPYDMTT_s002,Correct Ending
DFPYDMTT,66.0,"""",217.0,218.0,66,"""",217,218,equal,True,Equal,3,,False,False,DFPYDMTT_s003,
DFPYDMTT,67.0,Roger,218.0,223.0,67,Roger,218,223,equal,True,Equal,3,Sentence Beginning,False,False,DFPYDMTT_s003,Correct Beginning
DFPYDMTT,68.0,that,224.0,228.0,68,that,224,228,equal,True,Equal,3,,False,False,DFPYDMTT_s003,
DFPYDMTT,69.0,",",228.0,229.0,69,",",228,229,equal,True,Equal,3,,False,False,DFPYDMTT_s003,
DFPYDMTT,70.0,we,230.0,232.0,70,we,230,232,equal,True,Equal,3,,False,False,DFPYDMTT_s003,
DFPYDMTT,71.0,are,233.0,236.0,71,are,233,236,equal,True,Equal,3,,False,False,DFPYDMTT_s003,
DFPYDMTT,72.0,ready,237.0,242.0,72,ready,237,242,equal,True,Equal,3,,False,False,DFPYDMTT_s003,
DFPYDMTT,73.0,",",242.0,243.0,73,",",242,243,equal,True,Equal,3,,False,False,DFPYDMTT_s003,
DFPYDMTT,74.0,"""",243.0,244.0,74,"""",243,244,equal,True,Equal,3,,False,False,DFPYDMTT_s003,
DFPYDMTT,75.0,said,245.0,249.0,75,said,245,249,equal,True,Equal,3,,False,False,DFPYDMTT_s003,
DFPYDMTT,76.0,Jim,250.0,253.0,76,Jim,250,253,equal,True,Equal,3,,False,False,DFPYDMTT_s003,
DFPYDMTT,77.0,",",253.0,254.0,77,",",253,254,equal,True,Equal,3,,False,False,DFPYDMTT_s003,
DFPYDMTT,78.0,smiling,255.0,262.0,78,smiling,255,262,equal,True,Equal,3,,False,False,DFPYDMTT_s003,
DFPYDMTT,79.0,warmly,263.0,269.0,79,warmly,263,269,equal,True,Equal,3,,False,False,DFPYDMTT_s003,
DFPYDMTT,80.0,at,270.0,272.0,80,at,270,272,equal,True,Equal,3,,False,False,DFPYDMTT_s003,
DFPYDMTT,81.0,Eliza,273.0,278.0,81,Eliza,273,278,equal,True,Equal,3,,False,False,DFPYDMTT_s003,
DFPYDMTT,82.0,.,278.0,279.0,82,.,278,279,equal,True,Equal,3,Sentence Ending,False,False,DFPYDMTT_s003,Correct Ending
DFPYDMTT,83.0,"""",280.0,281.0,83,"""",280,281,equal,True,Equal,4,,False,False,DFPYDMTT_s004,
DFPYDMTT,84.0,Are,281.0,284.0,84,Are,281,284,equal,True,Equal,4,Sentence Beginning,False,False,DFPYDMTT_s004,Correct Beginning
DFPYDMTT,85.0,you,285.0,288.0,85,you,285,288,equal,True,Equal,4,,False,False,DFPYDMTT_s004,
DFPYDMTT,86.0,ready,289.0,294.0,86,ready,289,294,equal,True,Equal,4,,False,False,DFPYDMTT_s004,
DFPYDMTT,87.0,",",294.0,295.0,87,",",294,295,equal,True,Equal,4,,False,False,DFPYDMTT_s004,
DFPYDMTT,88.0,Moore,296.0,301.0,88,Moore,296,301,equal,True,Equal,4,,False,False,DFPYDMTT_s004,
DFPYDMTT,89.0,?,301.0,302.0,89,?,301,302,equal,True,Equal,4,Sentence Ending,False,False,DFPYDMTT_s004,Correct Ending
DFPYDMTT,90.0,"""",302.0,303.0,90,"""",302,303,equal,True,Equal,5,,False,False,DFPYDMTT_s005,
DFPYDMTT,91.0,Eliza,304.0,309.0,91,Eliza,304,309,equal,True,Equal,5,Sentence Beginning,False,False,DFPYDMTT_s005,Correct Beginning
DFPYDMTT,92.0,looked,310.0,316.0,92,looked,310,316,equal,True,Equal,5,,False,False,DFPYDMTT_s005,
DFPYDMTT,93.0,down,317.0,321.0,93,down,317,321,equal,True,Equal,5,,False,False,DFPYDMTT_s005,
DFPYDMTT,94.0,at,322.0,324.0,94,at,322,324,equal,True,Equal,5,,False,False,DFPYDMTT_s005,
DFPYDMTT,95.0,the,325.0,328.0,95,the,325,328,equal,True,Equal,5,,False,False,DFPYDMTT_s005,
DFPYDMTT,96.0,nametag,329.0,336.0,96,nametag,329,336,equal,True,Equal,5,,False,False,DFPYDMTT_s005,
DFPYDMTT,97.0,on,337.0,339.0,97,on,337,339,equal,True,Equal,5,,False,False,DFPYDMTT_s005,
DFPYDMTT,98.0,her,340.0,343.0,98,her,340,343,equal,True,Equal,5,,False,False,DFPYDMTT_s005,
DFPYDMTT,99.0,suit,344.0,348.0,99,suit,344,348,equal,True,Equal,5,,False,False,DFPYDMTT_s005,
DFPYDMTT,100.0,.,348.0,349.0,100,.,348,349,equal,True,Equal,5,Sentence Ending,False,False,DFPYDMTT_s005,Correct Ending
DFPYDMTT,101.0,Eliza,349.0,354.0,101,Eliza,349,354,equal,True,Equal,6,Sentence Beginning,False,False,DFPYDMTT_s006,Correct Beginning
DFPYDMTT,102.0,Moore,355.0,360.0,102,Moore,355,360,equal,True,Equal,6,,False,False,DFPYDMTT_s006,
DFPYDMTT,103.0,.,360.0,361.0,103,.,360,361,equal,True,Equal,6,Sentence Ending,False,False,DFPYDMTT_s006,Correct Ending
DFPYDMTT,104.0,"""",362.0,363.0,104,"""",362,363,equal,True,Equal,7,,False,False,DFPYDMTT_s007,
DFPYDMTT,105.0,I,363.0,364.0,105,I,363,364,equal,True,Equal,7,Sentence Beginning,False,False,DFPYDMTT_s007,Correct Beginning
DFPYDMTT,106.0,',364.0,365.0,106,',364,365,equal,True,Equal,7,,False,False,DFPYDMTT_s007,
DFPYDMTT,107.0,m,365.0,366.0,107,m,365,366,equal,True,Equal,7,,False,False,DFPYDMTT_s007,
DFPYDMTT,108.0,ready,367.0,372.0,108,ready,367,372,equal,True,Equal,7,,False,False,DFPYDMTT_s007,
DFPYDMTT,109.0,",",372.0,373.0,109,",",372,373,equal,True,Equal,7,,False,False,DFPYDMTT_s007,
DFPYDMTT,110.0,captain,374.0,381.0,110,captain,374,381,equal,True,Equal,7,,False,False,DFPYDMTT_s007,
DFPYDMTT,111.0,.,381.0,382.0,111,.,381,382,equal,True,Equal,7,Sentence Ending,False,False,DFPYDMTT_s007,Correct Ending
DFPYDMTT,112.0,"""",382.0,383.0,112,"""",382,383,equal,True,Equal,8,,False,False,DFPYDMTT_s008,
DFPYDMTT,113.0,As,384.0,386.0,113,As,384,386,equal,True,Equal,8,Sentence Beginning,False,False,DFPYDMTT_s008,Correct Beginning
DFPYDMTT,114.0,soon,387.0,391.0,114,soon,387,391,equal,True,Equal,8,,False,False,DFPYDMTT_s008,
DFPYDMTT,115.0,as,392.0,394.0,115,as,392,394,equal,True,Equal,8,,False,False,DFPYDMTT_s008,
DFPYDMTT,116.0,she,395.0,398.0,116,she,395,398,equal,True,Equal,8,,False,False,DFPYDMTT_s008,
DFPYDMTT,117.0,said,399.0,403.0,117,said,399,403,equal,True,Equal,8,,False,False,DFPYDMTT_s008,
DFPYDMTT,118.0,it,404.0,406.0,118,it,404,406,equal,True,Equal,8,,False,False,DFPYDMTT_s008,
DFPYDMTT,119.0,",",406.0,407.0,119,",",406,407,equal,True,Equal,8,,False,False,DFPYDMTT_s008,
DFPYDMTT,120.0,the,408.0,411.0,120,the,408,411,equal,True,Equal,8,,False,False,DFPYDMTT_s008,
DFPYDMTT,121.0,spaceship,412.0,421.0,121,spaceship,412,421,equal,True,Equal,8,,False,False,DFPYDMTT_s008,
DFPYDMTT,122.0,took,422.0,426.0,122,took,422,426,equal,True,Equal,8,,False,False,DFPYDMTT_s008,
DFPYDMTT,123.0,off,427.0,430.0,123,off,427,430,equal,True,Equal,8,,False,False,DFPYDMTT_s008,
DFPYDMTT,124.0,",",430.0,431.0,124,",",430,431,equal,True,Equal,8,,False,False,DFPYDMTT_s008,
DFPYDMTT,125.0,leaving,432.0,439.0,125,leaving,432,439,equal,True,Equal,8,,False,False,DFPYDMTT_s008,
DFPYDMTT,126.0,for,440.0,443.0,126,for,440,443,equal,True,Equal,8,,False,False,DFPYDMTT_s008,
DFPYDMTT,127.0,Mission,444.0,451.0,127,Mission,444,451,equal,True,Equal,8,,False,False,DFPYDMTT_s008,
DFPYDMTT,128.0,Moon,452.0,456.0,128,Moon,452,456,equal,True,Equal,8,,False,False,DFPYDMTT_s008,
DFPYDMTT,129.0,.,456.0,457.0,129,.,456,457,equal,True,Equal,8,Sentence Ending,False,False,DFPYDMTT_s008,Correct Ending
DFPYDMTT,130.0,Zoooooom,458.0,466.0,130,Zoooooom,458,466,equal,True,Equal,9,Sentence Beginning,False,False,DFPYDMTT_s009,Correct Beginning
DFPYDMTT,131.0,!,466.0,467.0,131,!,466,467,equal,True,Equal,9,Sentence Ending,False,False,DFPYDMTT_s009,Correct Ending
DFPYDMTT,132.0,*,468.0,469.0,132,*,468,469,equal,True,Equal,10,,False,False,DFPYDMTT_s010,
DFPYDMTT,133.0,*,469.0,470.0,133,*,469,470,equal,True,Equal,10,,False,False,DFPYDMTT_s010,
DFPYDMTT,134.0,*,470.0,471.0,134,*,470,471,equal,True,Equal,10,,False,False,DFPYDMTT_s010,
DFPYDMTT,135.0,"""",472.0,473.0,135,"""",472,473,equal,True,Equal,10,,False,False,DFPYDMTT_s010,
DFPYDMTT,136.0,We,473.0,475.0,136,We,473,475,equal,True,Equal,10,Sentence Beginning,False,False,DFPYDMTT_s010,Correct Beginning
DFPYDMTT,137.0,are,476.0,479.0,137,are,476,479,equal,True,Equal,10,,False,False,DFPYDMTT_s010,
DFPYDMTT,138.0,close,480.0,485.0,138,close,480,485,equal,True,Equal,10,,False,False,DFPYDMTT_s010,
DFPYDMTT,139.0,",",485.0,486.0,139,",",485,486,equal,True,Equal,10,,False,False,DFPYDMTT_s010,
DFPYDMTT,140.0,Moore,487.0,492.0,140,Moore,487,492,equal,True,Equal,10,,False,False,DFPYDMTT_s010,
DFPYDMTT,141.0,",",492.0,493.0,141,",",492,493,equal,True,Equal,10,,False,False,DFPYDMTT_s010,
DFPYDMTT,142.0,"""",493.0,494.0,142,"""",493,494,equal,True,Equal,10,,False,False,DFPYDMTT_s010,
DFPYDMTT,143.0,said,495.0,499.0,143,said,495,499,equal,True,Equal,10,,False,False,DFPYDMTT_s010,
DFPYDMTT,144.0,Jim,500.0,503.0,144,Jim,500,503,equal,True,Equal,10,,False,False,DFPYDMTT_s010,
DFPYDMTT,145.0,",",503.0,504.0,145,",",503,504,equal,True,Equal,10,,False,False,DFPYDMTT_s010,
DFPYDMTT,146.0,adjusting,505.0,514.0,146,adjusting,505,514,equal,True,Equal,10,,False,False,DFPYDMTT_s010,
DFPYDMTT,147.0,his,515.0,518.0,147,his,515,518,equal,True,Equal,10,,False,False,DFPYDMTT_s010,
DFPYDMTT,148.0,spacesuit,519.0,528.0,148,spacesuit,519,528,equal,True,Equal,10,,False,False,DFPYDMTT_s010,
DFPYDMTT,149.0,.,528.0,529.0,149,.,528,529,equal,True,Equal,10,Sentence Ending,False,False,DFPYDMTT_s010,Correct Ending
DFPYDMTT,150.0,"""",530.0,531.0,150,"""",530,531,equal,True,Equal,11,,False,False,DFPYDMTT_s011,
DFPYDMTT,151.0,We,531.0,533.0,151,We,531,533,equal,True,Equal,11,Sentence Beginning,False,False,DFPYDMTT_s011,Correct Beginning
DFPYDMTT,152.0,',533.0,534.0,152,',533,534,equal,True,Equal,11,,False,False,DFPYDMTT_s011,
DFPYDMTT,153.0,re,534.0,536.0,153,re,534,536,equal,True,Equal,11,,False,False,DFPYDMTT_s011,
DFPYDMTT,154.0,close,537.0,542.0,154,close,537,542,equal,True,Equal,11,,False,False,DFPYDMTT_s011,
DFPYDMTT,155.0,to,543.0,545.0,155,to,543,545,equal,True,Equal,11,,False,False,DFPYDMTT_s011,
DFPYDMTT,156.0,the,546.0,549.0,156,the,546,549,equal,True,Equal,11,,False,False,DFPYDMTT_s011,
DFPYDMTT,157.0,moon,550.0,554.0,157,moon,550,554,equal,True,Equal,11,,False,False,DFPYDMTT_s011,
DFPYDMTT,158.0,.,554.0,555.0,158,.,554,555,equal,True,Equal,11,Sentence Ending,False,False,DFPYDMTT_s011,Correct Ending
DFPYDMTT,159.0,"""",555.0,556.0,159,"""",555,556,equal,True,Equal,12,,False,False,DFPYDMTT_s012,
DFPYDMTT,160.0,Eliza,557.0,562.0,160,Eliza,557,562,equal,True,Equal,12,Sentence Beginning,False,False,DFPYDMTT_s012,Correct Beginning
DFPYDMTT,161.0,smiled,563.0,569.0,161,smiled,563,569,equal,True,Equal,12,,False,False,DFPYDMTT_s012,
DFPYDMTT,162.0,as,570.0,572.0,162,as,570,572,equal,True,Equal,12,,False,False,DFPYDMTT_s012,
DFPYDMTT,163.0,she,573.0,576.0,163,she,573,576,equal,True,Equal,12,,False,False,DFPYDMTT_s012,
DFPYDMTT,164.0,saw,577.0,580.0,164,saw,577,580,equal,True,Equal,12,,False,False,DFPYDMTT_s012,
DFPYDMTT,165.0,space,581.0,586.0,165,space,581,586,equal,True,Equal,12,,False,False,DFPYDMTT_s012,
DFPYDMTT,166.0,outside,587.0,594.0,166,outside,587,594,equal,True,Equal,12,,False,False,DFPYDMTT_s012,
DFPYDMTT,167.0,her,595.0,598.0,167,her,595,598,equal,True,Equal,12,,False,False,DFPYDMTT_s012,
DFPYDMTT,168.0,window,599.0,605.0,168,window,599,605,equal,True,Equal,12,,False,False,DFPYDMTT_s012,
DFPYDMTT,169.0,.,605.0,606.0,169,.,605,606,equal,True,Equal,12,Sentence Ending,False,False,DFPYDMTT_s012,Correct Ending
DFPYDMTT,170.0,Eliza,607.0,612.0,170,Eliza,607,612,equal,True,Equal,13,Sentence Beginning,False,False,DFPYDMTT_s013,Correct Beginning
DFPYDMTT,171.0,was,613.0,616.0,171,was,613,616,equal,True,Equal,13,,False,False,DFPYDMTT_s013,
DFPYDMTT,172.0,scared,617.0,623.0,172,scared,617,623,equal,True,Equal,13,,False,False,DFPYDMTT_s013,
DFPYDMTT,173.0,of,624.0,626.0,173,of,624,626,equal,True,Equal,13,,False,False,DFPYDMTT_s013,
DFPYDMTT,174.0,space,627.0,632.0,174,space,627,632,equal,True,Equal,13,,False,False,DFPYDMTT_s013,
DFPYDMTT,175.0,",",632.0,633.0,175,",",632,633,equal,True,Equal,13,,False,False,DFPYDMTT_s013,
DFPYDMTT,176.0,how,634.0,637.0,176,how,634,637,equal,True,Equal,13,,False,False,DFPYDMTT_s013,
DFPYDMTT,177.0,it,638.0,640.0,177,it,638,640,equal,True,Equal,13,,False,False,DFPYDMTT_s013,
DFPYDMTT,178.0,billowed,641.0,649.0,178,billowed,641,649,equal,True,Equal,13,,False,False,DFPYDMTT_s013,
DFPYDMTT,179.0,out,650.0,653.0,179,out,650,653,equal,True,Equal,13,,False,False,DFPYDMTT_s013,
DFPYDMTT,180.0,into,654.0,658.0,180,into,654,658,equal,True,Equal,13,,False,False,DFPYDMTT_s013,
DFPYDMTT,181.0,nothing,659.0,666.0,181,nothing,659,666,equal,True,Equal,13,,False,False,DFPYDMTT_s013,
DFPYDMTT,182.0,",",666.0,667.0,182,",",666,667,equal,True,Equal,13,,False,False,DFPYDMTT_s013,
DFPYDMTT,183.0,and,668.0,671.0,183,and,668,671,equal,True,Equal,13,,False,False,DFPYDMTT_s013,
DFPYDMTT,184.0,if,672.0,674.0,184,if,672,674,equal,True,Equal,13,,False,False,DFPYDMTT_s013,
DFPYDMTT,185.0,you,675.0,678.0,185,you,675,678,equal,True,Equal,13,,False,False,DFPYDMTT_s013,
DFPYDMTT,186.0,fell,679.0,683.0,186,fell,679,683,equal,True,Equal,13,,False,False,DFPYDMTT_s013,
DFPYDMTT,187.0,in,684.0,686.0,187,in,684,686,equal,True,Equal,13,,False,False,DFPYDMTT_s013,
DFPYDMTT,188.0,",",686.0,687.0,188,",",686,687,equal,True,Equal,13,,False,False,DFPYDMTT_s013,
DFPYDMTT,189.0,you,688.0,691.0,189,you,688,691,equal,True,Equal,13,,False,False,DFPYDMTT_s013,
DFPYDMTT,190.0,',691.0,692.0,190,',691,692,equal,True,Equal,13,,False,False,DFPYDMTT_s013,
DFPYDMTT,191.0,ll,692.0,694.0,191,ll,692,694,equal,True,Equal,13,,False,False,DFPYDMTT_s013,
DFPYDMTT,192.0,never,695.0,700.0,192,never,695,700,equal,True,Equal,13,,False,False,DFPYDMTT_s013,
DFPYDMTT,193.0,make,701.0,705.0,193,make,701,705,equal,True,Equal,13,,False,False,DFPYDMTT_s013,
DFPYDMTT,194.0,it,706.0,708.0,194,it,706,708,equal,True,Equal,13,,False,False,DFPYDMTT_s013,
DFPYDMTT,195.0,out,709.0,712.0,195,out,709,712,equal,True,Equal,13,,False,False,DFPYDMTT_s013,
DFPYDMTT,196.0,of,713.0,715.0,196,of,713,715,equal,True,Equal,13,,False,False,DFPYDMTT_s013,
DFPYDMTT,197.0,there,716.0,721.0,197,there,716,721,equal,True,Equal,13,,False,False,DFPYDMTT_s013,
DFPYDMTT,198.0,.,721.0,722.0,198,.,721,722,equal,True,Equal,13,Sentence Ending,False,False,DFPYDMTT_s013,Correct Ending
DFPYDMTT,199.0,Her,723.0,726.0,199,Her,723,726,equal,True,Equal,14,Sentence Beginning,False,False,DFPYDMTT_s014,Correct Beginning
DFPYDMTT,200.0,thoughts,727.0,735.0,200,thoughts,727,735,equal,True,Equal,14,,False,False,DFPYDMTT_s014,
DFPYDMTT,201.0,were,736.0,740.0,201,were,736,740,equal,True,Equal,14,,False,False,DFPYDMTT_s014,
DFPYDMTT,202.0,shattered,741.0,750.0,202,shattered,741,750,equal,True,Equal,14,,False,False,DFPYDMTT_s014,
DFPYDMTT,203.0,as,751.0,753.0,203,as,751,753,equal,True,Equal,14,,False,False,DFPYDMTT_s014,
DFPYDMTT,204.0,Jim,754.0,757.0,204,Jim,754,757,equal,True,Equal,14,,False,False,DFPYDMTT_s014,
DFPYDMTT,205.0,put,758.0,761.0,205,put,758,761,equal,True,Equal,14,,False,False,DFPYDMTT_s014,
DFPYDMTT,206.0,a,762.0,763.0,206,a,762,763,equal,True,Equal,14,,False,False,DFPYDMTT_s014,
DFPYDMTT,207.0,warm,764.0,768.0,207,warm,764,768,equal,True,Equal,14,,False,False,DFPYDMTT_s014,
DFPYDMTT,208.0,hand,769.0,773.0,208,hand,769,773,equal,True,Equal,14,,False,False,DFPYDMTT_s014,
DFPYDMTT,209.0,on,774.0,776.0,209,on,774,776,equal,True,Equal,14,,False,False,DFPYDMTT_s014,
DFPYDMTT,210.0,her,777.0,780.0,210,her,777,780,equal,True,Equal,14,,False,False,DFPYDMTT_s014,
DFPYDMTT,211.0,shoulder,781.0,789.0,211,shoulder,781,789,equal,True,Equal,14,,False,False,DFPYDMTT_s014,
DFPYDMTT,212.0,.,789.0,790.0,212,.,789,790,equal,True,Equal,14,Sentence Ending,False,False,DFPYDMTT_s014,Correct Ending
DFPYDMTT,213.0,"""",791.0,792.0,213,"""",791,792,equal,True,Equal,15,,False,False,DFPYDMTT_s015,
DFPYDMTT,214.0,No,792.0,794.0,214,No,792,794,equal,True,Equal,15,Sentence Beginning,False,False,DFPYDMTT_s015,Correct Beginning
DFPYDMTT,215.0,need,795.0,799.0,215,need,795,799,equal,True,Equal,15,,False,False,DFPYDMTT_s015,
DFPYDMTT,216.0,to,800.0,802.0,216,to,800,802,equal,True,Equal,15,,False,False,DFPYDMTT_s015,
DFPYDMTT,217.0,be,803.0,805.0,217,be,803,805,equal,True,Equal,15,,False,False,DFPYDMTT_s015,
DFPYDMTT,218.0,scared,806.0,812.0,218,scared,806,812,equal,True,Equal,15,,False,False,DFPYDMTT_s015,
DFPYDMTT,219.0,",",812.0,813.0,219,",",812,813,equal,True,Equal,15,,False,False,DFPYDMTT_s015,
DFPYDMTT,220.0,mate,814.0,818.0,220,mate,814,818,equal,True,Equal,15,,False,False,DFPYDMTT_s015,
DFPYDMTT,221.0,.,818.0,819.0,221,.,818,819,equal,True,Equal,15,Sentence Ending,False,False,DFPYDMTT_s015,Correct Ending
DFPYDMTT,222.0,"""",819.0,820.0,222,"""",819,820,equal,True,Equal,16,,False,False,DFPYDMTT_s016,
DFPYDMTT,223.0,Eliza,821.0,826.0,223,Eliza,821,826,equal,True,Equal,16,Sentence Beginning,False,False,DFPYDMTT_s016,Correct Beginning
DFPYDMTT,224.0,smiled,827.0,833.0,224,smiled,827,833,equal,True,Equal,16,,False,False,DFPYDMTT_s016,
DFPYDMTT,225.0,",",833.0,834.0,225,",",833,834,equal,True,Equal,16,,False,False,DFPYDMTT_s016,
DFPYDMTT,226.0,and,835.0,838.0,226,and,835,838,equal,True,Equal,16,,False,False,DFPYDMTT_s016,
DFPYDMTT,227.0,looked,839.0,845.0,227,looked,839,845,equal,True,Equal,16,,False,False,DFPYDMTT_s016,
DFPYDMTT,228.0,longingly,846.0,855.0,228,longingly,846,855,equal,True,Equal,16,,False,False,DFPYDMTT_s016,
DFPYDMTT,229.0,at,856.0,858.0,229,at,856,858,equal,True,Equal,16,,False,False,DFPYDMTT_s016,
DFPYDMTT,230.0,the,859.0,862.0,230,the,859,862,equal,True,Equal,16,,False,False,DFPYDMTT_s016,
DFPYDMTT,231.0,refrigerator,863.0,875.0,231,refrigerator,863,875,equal,True,Equal,16,,False,False,DFPYDMTT_s016,
DFPYDMTT,232.0,.,875.0,876.0,232,.,875,876,equal,True,Equal,16,Sentence Ending,False,False,DFPYDMTT_s016,Correct Ending
DFPYDMTT,233.0,She,877.0,880.0,233,She,877,880,equal,True,Equal,17,Sentence Beginning,False,False,DFPYDMTT_s017,Correct Beginning
DFPYDMTT,234.0,stood,881.0,886.0,234,stood,881,886,equal,True,Equal,17,,False,False,DFPYDMTT_s017,
DFPYDMTT,235.0,up,887.0,889.0,235,up,887,889,equal,True,Equal,17,,False,False,DFPYDMTT_s017,
DFPYDMTT,236.0,",",889.0,890.0,236,",",889,890,equal,True,Equal,17,,False,False,DFPYDMTT_s017,
DFPYDMTT,237.0,her,891.0,894.0,237,her,891,894,equal,True,Equal,17,,False,False,DFPYDMTT_s017,
DFPYDMTT,238.0,legs,895.0,899.0,238,legs,895,899,equal,True,Equal,17,,False,False,DFPYDMTT_s017,
DFPYDMTT,239.0,shaking,900.0,907.0,239,shaking,900,907,equal,True,Equal,17,,False,False,DFPYDMTT_s017,
DFPYDMTT,240.0,as,908.0,910.0,240,as,908,910,equal,True,Equal,17,,False,False,DFPYDMTT_s017,
DFPYDMTT,241.0,she,911.0,914.0,241,she,911,914,equal,True,Equal,17,,False,False,DFPYDMTT_s017,
DFPYDMTT,242.0,walked,915.0,921.0,242,walked,915,921,equal,True,Equal,17,,False,False,DFPYDMTT_s017,
DFPYDMTT,243.0,over,922.0,926.0,243,over,922,926,equal,True,Equal,17,,False,False,DFPYDMTT_s017,
DFPYDMTT,244.0,to,927.0,929.0,244,to,927,929,equal,True,Equal,17,,False,False,DFPYDMTT_s017,
DFPYDMTT,245.0,the,930.0,933.0,245,the,930,933,equal,True,Equal,17,,False,False,DFPYDMTT_s017,
DFPYDMTT,246.0,refrigerator,934.0,946.0,246,refrigerator,934,946,equal,True,Equal,17,,False,False,DFPYDMTT_s017,
DFPYDMTT,247.0,.,946.0,947.0,247,.,946,947,equal,True,Equal,17,Sentence Ending,False,False,DFPYDMTT_s017,Correct Ending
DFPYDMTT,248.0,She,948.0,951.0,248,She,948,951,equal,True,Equal,18,Sentence Beginning,False,False,DFPYDMTT_s018,Correct Beginning
DFPYDMTT,249.0,opened,952.0,958.0,249,opened,952,958,equal,True,Equal,18,,False,False,DFPYDMTT_s018,
DFPYDMTT,250.0,the,959.0,962.0,250,the,959,962,equal,True,Equal,18,,False,False,DFPYDMTT_s018,
DFPYDMTT,251.0,refrigerator,963.0,975.0,251,refrigerator,963,975,equal,True,Equal,18,,False,False,DFPYDMTT_s018,
DFPYDMTT,252.0,door,976.0,980.0,252,door,976,980,equal,True,Equal,18,,False,False,DFPYDMTT_s018,
DFPYDMTT,253.0,and,981.0,984.0,253,and,981,984,equal,True,Equal,18,,False,False,DFPYDMTT_s018,
DFPYDMTT,254.0,:,984.0,985.0,254,:,984,985,equal,True,Equal,18,,False,False,DFPYDMTT_s018,
DFPYDMTT,255.0,BOOM,986.0,990.0,255,BOOM,986,990,equal,True,Equal,18,,False,False,DFPYDMTT_s018,
DFPYDMTT,256.0,!,990.0,991.0,256,!,990,991,equal,True,Equal,18,Sentence Ending,False,False,DFPYDMTT_s018,Correct Ending
DFPYDMTT,257.0,"""",992.0,993.0,257,"""",992,993,equal,True,Equal,19,,False,False,DFPYDMTT_s019,
DFPYDMTT,258.0,Warning,993.0,1000.0,258,Warning,993,1000,equal,True,Equal,19,Sentence Beginning,False,False,DFPYDMTT_s019,Correct Beginning
DFPYDMTT,259.0,",",1000.0,1001.0,259,",",1000,1001,equal,True,Equal,19,,False,False,DFPYDMTT_s019,
DFPYDMTT,260.0,hull,1002.0,1006.0,260,hull,1002,1006,equal,True,Equal,19,,False,False,DFPYDMTT_s019,
DFPYDMTT,261.0,damaged,1007.0,1014.0,261,damaged,1007,1014,equal,True,Equal,19,,False,False,DFPYDMTT_s019,
DFPYDMTT,262.0,",",1014.0,1015.0,262,",",1014,1015,equal,True,Equal,19,,False,False,DFPYDMTT_s019,
DFPYDMTT,263.0,"""",1015.0,1016.0,263,"""",1015,1016,equal,True,Equal,19,,False,False,DFPYDMTT_s019,
DFPYDMTT,264.0,came,1017.0,1021.0,264,came,1017,1021,equal,True,Equal,19,,False,False,DFPYDMTT_s019,
DFPYDMTT,265.0,a,1022.0,1023.0,265,a,1022,1023,equal,True,Equal,19,,False,False,DFPYDMTT_s019,
DFPYDMTT,266.0,glitchy,1024.0,1031.0,266,glitchy,1024,1031,equal,True,Equal,19,,False,False,DFPYDMTT_s019,
DFPYDMTT,267.0,voice,1032.0,1037.0,267,voice,1032,1037,equal,True,Equal,19,,False,False,DFPYDMTT_s019,
DFPYDMTT,268.0,from,1038.0,1042.0,268,from,1038,1042,equal,True,Equal,19,,False,False,DFPYDMTT_s019,
DFPYDMTT,269.0,the,1043.0,1046.0,269,the,1043,1046,equal,True,Equal,19,,False,False,DFPYDMTT_s019,
DFPYDMTT,270.0,computer,1047.0,1055.0,270,computer,1047,1055,equal,True,Equal,19,,False,False,DFPYDMTT_s019,
DFPYDMTT,271.0,.,1055.0,1056.0,271,.,1055,1056,equal,True,Equal,19,Sentence Ending,False,False,DFPYDMTT_s019,Correct Ending
DFPYDMTT,272.0,Eliza,1057.0,1062.0,272,Eliza,1057,1062,equal,True,Equal,20,Sentence Beginning,False,False,DFPYDMTT_s020,Correct Beginning
DFPYDMTT,273.0,shut,1063.0,1067.0,273,shut,1063,1067,equal,True,Equal,20,,False,False,DFPYDMTT_s020,
DFPYDMTT,274.0,the,1068.0,1071.0,274,the,1068,1071,equal,True,Equal,20,,False,False,DFPYDMTT_s020,
DFPYDMTT,275.0,door,1072.0,1076.0,275,door,1072,1076,equal,True,Equal,20,,False,False,DFPYDMTT_s020,
DFPYDMTT,276.0,and,1077.0,1080.0,276,and,1077,1080,equal,True,Equal,20,,False,False,DFPYDMTT_s020,
DFPYDMTT,277.0,ran,1081.0,1084.0,277,ran,1081,1084,equal,True,Equal,20,,False,False,DFPYDMTT_s020,
DFPYDMTT,278.0,to,1085.0,1087.0,278,to,1085,1087,equal,True,Equal,20,,False,False,DFPYDMTT_s020,
DFPYDMTT,279.0,the,1088.0,1091.0,279,the,1088,1091,equal,True,Equal,20,,False,False,DFPYDMTT_s020,
DFPYDMTT,280.0,side,1092.0,1096.0,280,side,1092,1096,equal,True,Equal,20,,False,False,DFPYDMTT_s020,
DFPYDMTT,281.0,of,1097.0,1099.0,281,of,1097,1099,equal,True,Equal,20,,False,False,DFPYDMTT_s020,
DFPYDMTT,282.0,the,1100.0,1103.0,282,the,1100,1103,equal,True,Equal,20,,False,False,DFPYDMTT_s020,
DFPYDMTT,283.0,spaceship,1104.0,1113.0,283,spaceship,1104,1113,equal,True,Equal,20,,False,False,DFPYDMTT_s020,
DFPYDMTT,284.0,.,1113.0,1114.0,284,.,1113,1114,equal,True,Equal,20,Sentence Ending,False,False,DFPYDMTT_s020,Correct Ending
DFPYDMTT,285.0,"""",1115.0,1116.0,285,"""",1115,1116,equal,True,Equal,21,,False,False,DFPYDMTT_s021,
DFPYDMTT,286.0,We,1116.0,1118.0,286,We,1116,1118,equal,True,Equal,21,Sentence Beginning,False,False,DFPYDMTT_s021,Correct Beginning
DFPYDMTT,287.0,',1118.0,1119.0,287,',1118,1119,equal,True,Equal,21,,False,False,DFPYDMTT_s021,
DFPYDMTT,288.0,ve,1119.0,1121.0,288,ve,1119,1121,equal,True,Equal,21,,False,False,DFPYDMTT_s021,
DFPYDMTT,289.0,been,1122.0,1126.0,289,been,1122,1126,equal,True,Equal,21,,False,False,DFPYDMTT_s021,
DFPYDMTT,290.0,hit,1127.0,1130.0,290,hit,1127,1130,equal,True,Equal,21,,False,False,DFPYDMTT_s021,
DFPYDMTT,291.0,by,1131.0,1133.0,291,by,1131,1133,equal,True,Equal,21,,False,False,DFPYDMTT_s021,
DFPYDMTT,292.0,some,1134.0,1138.0,292,some,1134,1138,equal,True,Equal,21,,False,False,DFPYDMTT_s021,
DFPYDMTT,293.0,sort,1139.0,1143.0,293,sort,1139,1143,equal,True,Equal,21,,False,False,DFPYDMTT_s021,
DFPYDMTT,294.0,of,1144.0,1146.0,294,of,1144,1146,equal,True,Equal,21,,False,False,DFPYDMTT_s021,
DFPYDMTT,295.0,space,1147.0,1152.0,295,space,1147,1152,equal,True,Equal,21,,False,False,DFPYDMTT_s021,
DFPYDMTT,296.0,rock,1153.0,1157.0,296,rock,1153,1157,equal,True,Equal,21,,False,False,DFPYDMTT_s021,
DFPYDMTT,297.0,!,1157.0,1158.0,297,!,1157,1158,equal,True,Equal,21,Sentence Ending,False,False,DFPYDMTT_s021,Correct Ending
DFPYDMTT,298.0,"""",1158.0,1159.0,298,"""",1158,1159,equal,True,Equal,22,,False,False,DFPYDMTT_s022,
DFPYDMTT,299.0,shouted,1160.0,1167.0,299,shouted,1160,1167,equal,True,Equal,22,Sentence Beginning,False,False,DFPYDMTT_s022,Incorrect Beginning
DFPYDMTT,300.0,Eliza,1168.0,1173.0,300,Eliza,1168,1173,equal,True,Equal,22,,False,False,DFPYDMTT_s022,
DFPYDMTT,301.0,.,1173.0,1174.0,301,.,1173,1174,equal,True,Equal,22,Sentence Ending,False,False,DFPYDMTT_s022,Correct Ending
DFPYDMTT,302.0,"""",1175.0,1176.0,302,"""",1175,1176,equal,True,Equal,23,,False,False,DFPYDMTT_s023,
DFPYDMTT,303.0,What,1176.0,1180.0,303,What,1176,1180,equal,True,Equal,23,Sentence Beginning,False,False,DFPYDMTT_s023,Correct Beginning
DFPYDMTT,304.0,are,1181.0,1184.0,304,are,1181,1184,equal,True,Equal,23,,False,False,DFPYDMTT_s023,
DFPYDMTT,305.0,we,1185.0,1187.0,305,we,1185,1187,equal,True,Equal,23,,False,False,DFPYDMTT_s023,
DFPYDMTT,306.0,going,1188.0,1193.0,306,going,1188,1193,equal,True,Equal,23,,False,False,DFPYDMTT_s023,
DFPYDMTT,307.0,to,1194.0,1196.0,307,to,1194,1196,equal,True,Equal,23,,False,False,DFPYDMTT_s023,
DFPYDMTT,308.0,do,1197.0,1199.0,308,do,1197,1199,equal,True,Equal,23,,False,False,DFPYDMTT_s023,
DFPYDMTT,309.0,",",1199.0,1200.0,309,",",1199,1200,equal,True,Equal,23,,False,False,DFPYDMTT_s023,
DFPYDMTT,310.0,captain,1201.0,1208.0,310,captain,1201,1208,equal,True,Equal,23,,False,False,DFPYDMTT_s023,
DFPYDMTT,311.0,?,1208.0,1209.0,311,?,1208,1209,equal,True,Equal,23,Sentence Ending,False,False,DFPYDMTT_s023,Correct Ending
DFPYDMTT,312.0,"""",1209.0,1210.0,312,"""",1209,1210,equal,True,Equal,24,,False,False,DFPYDMTT_s024,
DFPYDMTT,313.0,The,1211.0,1214.0,313,The,1211,1214,equal,True,Equal,24,Sentence Beginning,False,False,DFPYDMTT_s024,Correct Beginning
DFPYDMTT,314.0,spaceship,1215.0,1224.0,314,spaceship,1215,1224,equal,True,Equal,24,,False,False,DFPYDMTT_s024,
DFPYDMTT,315.0,came,1225.0,1229.0,315,came,1225,1229,equal,True,Equal,24,,False,False,DFPYDMTT_s024,
DFPYDMTT,316.0,to,1230.0,1232.0,316,to,1230,1232,equal,True,Equal,24,,False,False,DFPYDMTT_s024,
DFPYDMTT,317.0,a,1233.0,1234.0,317,a,1233,1234,equal,True,Equal,24,,False,False,DFPYDMTT_s024,
DFPYDMTT,318.0,sudden,1235.0,1241.0,318,sudden,1235,1241,equal,True,Equal,24,,False,False,DFPYDMTT_s024,
DFPYDMTT,319.0,halt,1242.0,1246.0,319,halt,1242,1246,equal,True,Equal,24,,False,False,DFPYDMTT_s024,
DFPYDMTT,320.0,as,1247.0,1249.0,320,as,1247,1249,equal,True,Equal,24,,False,False,DFPYDMTT_s024,
DFPYDMTT,321.0,Jim,1250.0,1253.0,321,Jim,1250,1253,equal,True,Equal,24,,False,False,DFPYDMTT_s024,
DFPYDMTT,322.0,pulled,1254.0,1260.0,322,pulled,1254,1260,equal,True,Equal,24,,False,False,DFPYDMTT_s024,
DFPYDMTT,323.0,the,1261.0,1264.0,323,the,1261,1264,equal,True,Equal,24,,False,False,DFPYDMTT_s024,
DFPYDMTT,324.0,brakes,1265.0,1271.0,324,brakes,1265,1271,equal,True,Equal,24,,False,False,DFPYDMTT_s024,
DFPYDMTT,325.0,.,1271.0,1272.0,325,.,1271,1272,equal,True,Equal,24,Sentence Ending,False,False,DFPYDMTT_s024,Correct Ending
DFPYDMTT,326.0,"""",1273.0,1274.0,326,"""",1273,1274,equal,True,Equal,25,,False,False,DFPYDMTT_s025,
DFPYDMTT,327.0,We,1274.0,1276.0,327,We,1274,1276,equal,True,Equal,25,Sentence Beginning,False,False,DFPYDMTT_s025,Correct Beginning
DFPYDMTT,328.0,are,1277.0,1280.0,328,are,1277,1280,equal,True,Equal,25,,False,False,DFPYDMTT_s025,
DFPYDMTT,329.0,still,1281.0,1286.0,329,still,1281,1286,equal,True,Equal,25,,False,False,DFPYDMTT_s025,
DFPYDMTT,330.0,going,1287.0,1292.0,330,going,1287,1292,equal,True,Equal,25,,False,False,DFPYDMTT_s025,
DFPYDMTT,331.0,to,1293.0,1295.0,331,to,1293,1295,equal,True,Equal,25,,False,False,DFPYDMTT_s025,
DFPYDMTT,332.0,the,1296.0,1299.0,332,the,1296,1299,equal,True,Equal,25,,False,False,DFPYDMTT_s025,
DFPYDMTT,333.0,moon,1300.0,1304.0,333,moon,1300,1304,equal,True,Equal,25,,False,False,DFPYDMTT_s025,
DFPYDMTT,334.0,",",1304.0,1305.0,334,",",1304,1305,equal,True,Equal,25,,False,False,DFPYDMTT_s025,
DFPYDMTT,335.0,the,1306.0,1309.0,335,the,1306,1309,equal,True,Equal,25,,False,False,DFPYDMTT_s025,
DFPYDMTT,336.0,crew,1310.0,1314.0,336,crew,1310,1314,equal,True,Equal,25,,False,False,DFPYDMTT_s025,
DFPYDMTT,337.0,will,1315.0,1319.0,337,will,1315,1319,equal,True,Equal,25,,False,False,DFPYDMTT_s025,
DFPYDMTT,338.0,meet,1320.0,1324.0,338,meet,1320,1324,equal,True,Equal,25,,False,False,DFPYDMTT_s025,
DFPYDMTT,339.0,us,1325.0,1327.0,339,us,1325,1327,equal,True,Equal,25,,False,False,DFPYDMTT_s025,
DFPYDMTT,340.0,there,1328.0,1333.0,340,there,1328,1333,equal,True,Equal,25,,False,False,DFPYDMTT_s025,
DFPYDMTT,341.0,",",1333.0,1334.0,341,",",1333,1334,equal,True,Equal,25,,False,False,DFPYDMTT_s025,
DFPYDMTT,342.0,"""",1334.0,1335.0,342,"""",1334,1335,equal,True,Equal,25,,False,False,DFPYDMTT_s025,
DFPYDMTT,343.0,said,1336.0,1340.0,343,said,1336,1340,equal,True,Equal,25,,False,False,DFPYDMTT_s025,
DFPYDMTT,344.0,Jim,1341.0,1344.0,344,Jim,1341,1344,equal,True,Equal,25,,False,False,DFPYDMTT_s025,
DFPYDMTT,345.0,",",1344.0,1345.0,345,",",1344,1345,equal,True,Equal,25,,False,False,DFPYDMTT_s025,
DFPYDMTT,346.0,controlling,1346.0,1357.0,346,controlling,1346,1357,equal,True,Equal,25,,False,False,DFPYDMTT_s025,
DFPYDMTT,347.0,the,1358.0,1361.0,347,the,1358,1361,equal,True,Equal,25,,False,False,DFPYDMTT_s025,
DFPYDMTT,348.0,spaceship,1362.0,1371.0,348,spaceship,1362,1371,equal,True,Equal,25,,False,False,DFPYDMTT_s025,
DFPYDMTT,349.0,.,1371.0,1372.0,349,.,1371,1372,equal,True,Equal,25,Sentence Ending,False,False,DFPYDMTT_s025,Correct Ending
DFPYDMTT,350.0,"""",1373.0,1374.0,350,"""",1373,1374,equal,True,Equal,26,,False,False,DFPYDMTT_s026,
DFPYDMTT,351.0,Moore,1374.0,1379.0,351,Moore,1374,1379,equal,True,Equal,26,Sentence Beginning,False,False,DFPYDMTT_s026,Correct Beginning
DFPYDMTT,352.0,",",1379.0,1380.0,352,",",1379,1380,equal,True,Equal,26,,False,False,DFPYDMTT_s026,
DFPYDMTT,353.0,I,1381.0,1382.0,353,I,1381,1382,equal,True,Equal,26,,False,False,DFPYDMTT_s026,
DFPYDMTT,354.0,need,1383.0,1387.0,354,need,1383,1387,equal,True,Equal,26,,False,False,DFPYDMTT_s026,
DFPYDMTT,355.0,you,1388.0,1391.0,355,you,1388,1391,equal,True,Equal,26,,False,False,DFPYDMTT_s026,
DFPYDMTT,356.0,to,1392.0,1394.0,356,to,1392,1394,equal,True,Equal,26,,False,False,DFPYDMTT_s026,
DFPYDMTT,357.0,go,1395.0,1397.0,357,go,1395,1397,equal,True,Equal,26,,False,False,DFPYDMTT_s026,
DFPYDMTT,358.0,outside,1398.0,1405.0,358,outside,1398,1405,equal,True,Equal,26,,False,False,DFPYDMTT_s026,
DFPYDMTT,359.0,and,1406.0,1409.0,359,and,1406,1409,equal,True,Equal,26,,False,False,DFPYDMTT_s026,
DFPYDMTT,360.0,fix,1410.0,1413.0,360,fix,1410,1413,equal,True,Equal,26,,False,False,DFPYDMTT_s026,
DFPYDMTT,361.0,the,1414.0,1417.0,361,the,1414,1417,equal,True,Equal,26,,False,False,DFPYDMTT_s026,
DFPYDMTT,362.0,hull,1418.0,1422.0,362,hull,1418,1422,equal,True,Equal,26,,False,False,DFPYDMTT_s026,
DFPYDMTT,363.0,.,1422.0,1423.0,363,.,1422,1423,equal,True,Equal,26,Sentence Ending,False,False,DFPYDMTT_s026,Correct Ending
DFPYDMTT,364.0,"""",1423.0,1424.0,364,"""",1423,1424,equal,True,Equal,27,,False,False,DFPYDMTT_s027,
DFPYDMTT,365.0,Eliza,1425.0,1430.0,365,Eliza,1425,1430,equal,True,Equal,27,Sentence Beginning,False,False,DFPYDMTT_s027,Correct Beginning
DFPYDMTT,366.0,',1430.0,1431.0,366,',1430,1431,equal,True,Equal,27,,False,False,DFPYDMTT_s027,
DFPYDMTT,367.0,s,1431.0,1432.0,367,s,1431,1432,equal,True,Equal,27,,False,False,DFPYDMTT_s027,
DFPYDMTT,368.0,mouth,1433.0,1438.0,368,mouth,1433,1438,equal,True,Equal,27,,False,False,DFPYDMTT_s027,
DFPYDMTT,369.0,hung,1439.0,1443.0,369,hung,1439,1443,equal,True,Equal,27,,False,False,DFPYDMTT_s027,
DFPYDMTT,370.0,open,1444.0,1448.0,370,open,1444,1448,equal,True,Equal,27,,False,False,DFPYDMTT_s027,
DFPYDMTT,371.0,.,1448.0,1449.0,371,.,1448,1449,equal,True,Equal,27,Sentence Ending,False,False,DFPYDMTT_s027,Correct Ending
DFPYDMTT,372.0,"""",1450.0,1451.0,372,"""",1450,1451,equal,True,Equal,28,,False,False,DFPYDMTT_s028,
DFPYDMTT,373.0,Me,1451.0,1453.0,373,Me,1451,1453,equal,True,Equal,28,Sentence Beginning,False,False,DFPYDMTT_s028,Correct Beginning
DFPYDMTT,374.0,?,1453.0,1454.0,374,?,1453,1454,equal,True,Equal,28,Sentence Ending,False,False,DFPYDMTT_s028,Correct Ending
DFPYDMTT,375.0,Captain,1455.0,1462.0,375,Captain,1455,1462,equal,True,Equal,29,Sentence Beginning,False,False,DFPYDMTT_s029,Correct Beginning
DFPYDMTT,376.0,",",1462.0,1463.0,376,",",1462,1463,equal,True,Equal,29,,False,False,DFPYDMTT_s029,
DFPYDMTT,377.0,I,1464.0,1465.0,377,I,1464,1465,equal,True,Equal,29,,False,False,DFPYDMTT_s029,
DFPYDMTT,378.0,don,1466.0,1469.0,378,don,1466,1469,equal,True,Equal,29,,False,False,DFPYDMTT_s029,
DFPYDMTT,379.0,',1469.0,1470.0,379,',1469,1470,equal,True,Equal,29,,False,False,DFPYDMTT_s029,
DFPYDMTT,380.0,t,1470.0,1471.0,380,t,1470,1471,equal,True,Equal,29,,False,False,DFPYDMTT_s029,
DFPYDMTT,381.0,what,1472.0,1476.0,381,what,1472,1476,equal,True,Equal,29,,False,False,DFPYDMTT_s029,
DFPYDMTT,382.0,to,1477.0,1479.0,382,to,1477,1479,equal,True,Equal,29,,False,False,DFPYDMTT_s029,
DFPYDMTT,383.0,do,1480.0,1482.0,383,do,1480,1482,equal,True,Equal,29,,False,False,DFPYDMTT_s029,
DFPYDMTT,384.0,.,1482.0,1483.0,384,.,1482,1483,equal,True,Equal,29,Sentence Ending,False,False,DFPYDMTT_s029,Correct Ending
DFPYDMTT,385.0,"""",1483.0,1484.0,385,"""",1483,1484,equal,True,Equal,30,,False,False,DFPYDMTT_s030,
DFPYDMTT,386.0,"""",1485.0,1486.0,386,"""",1485,1486,equal,True,Equal,30,,False,False,DFPYDMTT_s030,
DFPYDMTT,387.0,Yes,1486.0,1489.0,387,Yes,1486,1489,equal,True,Equal,30,Sentence Beginning,False,False,DFPYDMTT_s030,Correct Beginning
DFPYDMTT,388.0,",",1489.0,1490.0,388,",",1489,1490,equal,True,Equal,30,,False,False,DFPYDMTT_s030,
DFPYDMTT,389.0,you,1491.0,1494.0,389,you,1491,1494,equal,True,Equal,30,,False,False,DFPYDMTT_s030,
DFPYDMTT,390.0,do,1495.0,1497.0,390,do,1495,1497,equal,True,Equal,30,,False,False,DFPYDMTT_s030,
DFPYDMTT,391.0,.,1497.0,1498.0,391,.,1497,1498,equal,True,Equal,30,Sentence Ending,False,False,DFPYDMTT_s030,Correct Ending
DFPYDMTT,392.0,You,1499.0,1502.0,392,You,1499,1502,equal,True,Equal,31,Sentence Beginning,False,False,DFPYDMTT_s031,Correct Beginning
DFPYDMTT,393.0,',1502.0,1503.0,393,',1502,1503,equal,True,Equal,31,,False,False,DFPYDMTT_s031,
DFPYDMTT,394.0,ve,1503.0,1505.0,394,ve,1503,1505,equal,True,Equal,31,,False,False,DFPYDMTT_s031,
DFPYDMTT,395.0,had,1506.0,1509.0,395,had,1506,1509,equal,True,Equal,31,,False,False,DFPYDMTT_s031,
DFPYDMTT,396.0,the,1510.0,1513.0,396,the,1510,1513,equal,True,Equal,31,,False,False,DFPYDMTT_s031,
DFPYDMTT,397.0,training,1514.0,1522.0,397,training,1514,1522,equal,True,Equal,31,,False,False,DFPYDMTT_s031,
DFPYDMTT,398.0,",",1522.0,1523.0,398,",",1522,1523,equal,True,Equal,31,,False,False,DFPYDMTT_s031,
DFPYDMTT,399.0,mate,1524.0,1528.0,399,mate,1524,1528,equal,True,Equal,31,,False,False,DFPYDMTT_s031,
DFPYDMTT,400.0,.,1528.0,1529.0,400,.,1528,1529,equal,True,Equal,31,Sentence Ending,False,False,DFPYDMTT_s031,Correct Ending
DFPYDMTT,401.0,Time,1530.0,1534.0,401,Time,1530,1534,equal,True,Equal,32,Sentence Beginning,False,False,DFPYDMTT_s032,Correct Beginning
DFPYDMTT,402.0,to,1535.0,1537.0,402,to,1535,1537,equal,True,Equal,32,,False,False,DFPYDMTT_s032,
DFPYDMTT,403.0,get,1538.0,1541.0,403,get,1538,1541,equal,True,Equal,32,,False,False,DFPYDMTT_s032,
DFPYDMTT,404.0,out,1542.0,1545.0,404,out,1542,1545,equal,True,Equal,32,,False,False,DFPYDMTT_s032,
DFPYDMTT,405.0,there,1546.0,1551.0,405,there,1546,1551,equal,True,Equal,32,,False,False,DFPYDMTT_s032,
DFPYDMTT,406.0,and,1552.0,1555.0,406,and,1552,1555,equal,True,Equal,32,,False,False,DFPYDMTT_s032,
DFPYDMTT,407.0,show,1556.0,1560.0,407,show,1556,1560,equal,True,Equal,32,,False,False,DFPYDMTT_s032,
DFPYDMTT,408.0,space,1561.0,1566.0,408,space,1561,1566,equal,True,Equal,32,,False,False,DFPYDMTT_s032,
DFPYDMTT,409.0,what,1567.0,1571.0,409,what,1567,1571,equal,True,Equal,32,,False,False,DFPYDMTT_s032,
DFPYDMTT,410.0,you,1572.0,1575.0,410,you,1572,1575,equal,True,Equal,32,,False,False,DFPYDMTT_s032,
DFPYDMTT,411.0,',1575.0,1576.0,411,',1575,1576,equal,True,Equal,32,,False,False,DFPYDMTT_s032,
DFPYDMTT,412.0,re,1576.0,1578.0,412,re,1576,1578,equal,True,Equal,32,,False,False,DFPYDMTT_s032,
DFPYDMTT,413.0,made,1579.0,1583.0,413,made,1579,1583,equal,True,Equal,32,,False,False,DFPYDMTT_s032,
DFPYDMTT,414.0,of,1584.0,1586.0,414,of,1584,1586,equal,True,Equal,32,,False,False,DFPYDMTT_s032,
DFPYDMTT,415.0,.,1586.0,1587.0,415,.,1586,1587,equal,True,Equal,32,Sentence Ending,False,False,DFPYDMTT_s032,Correct Ending
DFPYDMTT,416.0,Do,1588.0,1590.0,416,Do,1588,1590,equal,True,Equal,33,Sentence Beginning,False,False,DFPYDMTT_s033,Correct Beginning
DFPYDMTT,417.0,you,1591.0,1594.0,417,you,1591,1594,equal,True,Equal,33,,False,False,DFPYDMTT_s033,
DFPYDMTT,418.0,hear,1595.0,1599.0,418,hear,1595,1599,equal,True,Equal,33,,False,False,DFPYDMTT_s033,
DFPYDMTT,419.0,me,1600.0,1602.0,419,me,1600,1602,equal,True,Equal,33,,False,False,DFPYDMTT_s033,
DFPYDMTT,420.0,?,1602.0,1603.0,420,?,1602,1603,equal,True,Equal,33,Sentence Ending,False,False,DFPYDMTT_s033,Correct Ending
DFPYDMTT,421.0,"""",1603.0,1604.0,421,"""",1603,1604,equal,True,Equal,34,,False,False,DFPYDMTT_s034,
DFPYDMTT,422.0,Eliza,1605.0,1610.0,422,Eliza,1605,1610,equal,True,Equal,34,Sentence Beginning,False,False,DFPYDMTT_s034,Correct Beginning
DFPYDMTT,423.0,nodded,1611.0,1617.0,423,nodded,1611,1617,equal,True,Equal,34,,False,False,DFPYDMTT_s034,
DFPYDMTT,424.0,.,1617.0,1618.0,424,.,1617,1618,equal,True,Equal,34,Sentence Ending,False,False,DFPYDMTT_s034,Correct Ending
DFPYDMTT,425.0,She,1619.0,1622.0,425,She,1619,1622,equal,True,Equal,35,Sentence Beginning,False,False,DFPYDMTT_s035,Correct Beginning
DFPYDMTT,426.0,grabbed,1623.0,1630.0,426,grabbed,1623,1630,equal,True,Equal,35,,False,False,DFPYDMTT_s035,
DFPYDMTT,427.0,the,1631.0,1634.0,427,the,1631,1634,equal,True,Equal,35,,False,False,DFPYDMTT_s035,
DFPYDMTT,428.0,tool,1635.0,1639.0,428,tool,1635,1639,equal,True,Equal,35,,False,False,DFPYDMTT_s035,
DFPYDMTT,429.0,kit,1640.0,1643.0,429,kit,1640,1643,equal,True,Equal,35,,False,False,DFPYDMTT_s035,
DFPYDMTT,430.0,and,1644.0,1647.0,430,and,1644,1647,equal,True,Equal,35,,False,False,DFPYDMTT_s035,
DFPYDMTT,431.0,opened,1648.0,1654.0,431,opened,1648,1654,equal,True,Equal,35,,False,False,DFPYDMTT_s035,
DFPYDMTT,432.0,the,1655.0,1658.0,432,the,1655,1658,equal,True,Equal,35,,False,False,DFPYDMTT_s035,
DFPYDMTT,433.0,side,1659.0,1663.0,433,side,1659,1663,equal,True,Equal,35,,False,False,DFPYDMTT_s035,
DFPYDMTT,434.0,door,1664.0,1668.0,434,door,1664,1668,equal,True,Equal,35,,False,False,DFPYDMTT_s035,
DFPYDMTT,435.0,.,1668.0,1669.0,435,.,1668,1669,equal,True,Equal,35,Sentence Ending,False,False,DFPYDMTT_s035,Correct Ending
DFPYDMTT,436.0,Cold,1670.0,1674.0,436,Cold,1670,1674,equal,True,Equal,36,Sentence Beginning,False,False,DFPYDMTT_s036,Correct Beginning
DFPYDMTT,437.0,air,1675.0,1678.0,437,air,1675,1678,equal,True,Equal,36,,False,False,DFPYDMTT_s036,
DFPYDMTT,438.0,seeped,1679.0,1685.0,438,seeped,1679,1685,equal,True,Equal,36,,False,False,DFPYDMTT_s036,
DFPYDMTT,439.0,in,1686.0,1688.0,439,in,1686,1688,equal,True,Equal,36,,False,False,DFPYDMTT_s036,
DFPYDMTT,440.0,",",1688.0,1689.0,440,",",1688,1689,equal,True,Equal,36,,False,False,DFPYDMTT_s036,
DFPYDMTT,441.0,and,1690.0,1693.0,441,and,1690,1693,equal,True,Equal,36,,False,False,DFPYDMTT_s036,
DFPYDMTT,442.0,Eliza,1694.0,1699.0,442,Eliza,1694,1699,equal,True,Equal,36,,False,False,DFPYDMTT_s036,
DFPYDMTT,443.0,began,1700.0,1705.0,443,began,1700,1705,equal,True,Equal,36,,False,False,DFPYDMTT_s036,
DFPYDMTT,444.0,to,1706.0,1708.0,444,to,1706,1708,equal,True,Equal,36,,False,False,DFPYDMTT_s036,
DFPYDMTT,445.0,float,1709.0,1714.0,445,float,1709,1714,equal,True,Equal,36,,False,False,DFPYDMTT_s036,
DFPYDMTT,446.0,.,1714.0,1715.0,446,.,1714,1715,equal,True,Equal,36,Sentence Ending,False,False,DFPYDMTT_s036,Correct Ending
DFPYDMTT,447.0,She,1716.0,1719.0,447,She,1716,1719,equal,True,Equal,37,Sentence Beginning,False,False,DFPYDMTT_s037,Correct Beginning
DFPYDMTT,448.0,pulled,1720.0,1726.0,448,pulled,1720,1726,equal,True,Equal,37,,False,False,DFPYDMTT_s037,
DFPYDMTT,449.0,herself,1727.0,1734.0,449,herself,1727,1734,equal,True,Equal,37,,False,False,DFPYDMTT_s037,
DFPYDMTT,450.0,to,1735.0,1737.0,450,to,1735,1737,equal,True,Equal,37,,False,False,DFPYDMTT_s037,
DFPYDMTT,451.0,the,1738.0,1741.0,451,the,1738,1741,equal,True,Equal,37,,False,False,DFPYDMTT_s037,
DFPYDMTT,452.0,hull,1742.0,1746.0,452,hull,1742,1746,equal,True,Equal,37,,False,False,DFPYDMTT_s037,
DFPYDMTT,453.0,of,1747.0,1749.0,453,of,1747,1749,equal,True,Equal,37,,False,False,DFPYDMTT_s037,
DFPYDMTT,454.0,the,1750.0,1753.0,454,the,1750,1753,equal,True,Equal,37,,False,False,DFPYDMTT_s037,
DFPYDMTT,455.0,ship,1754.0,1758.0,455,ship,1754,1758,equal,True,Equal,37,,False,False,DFPYDMTT_s037,
DFPYDMTT,456.0,and,1759.0,1762.0,456,and,1759,1762,equal,True,Equal,37,,False,False,DFPYDMTT_s037,
DFPYDMTT,457.0,got,1763.0,1766.0,457,got,1763,1766,equal,True,Equal,37,,False,False,DFPYDMTT_s037,
DFPYDMTT,458.0,working,1767.0,1774.0,458,working,1767,1774,equal,True,Equal,37,,False,False,DFPYDMTT_s037,
DFPYDMTT,459.0,.,1774.0,1775.0,459,.,1774,1775,equal,True,Equal,37,Sentence Ending,False,False,DFPYDMTT_s037,Correct Ending
DFPYDMTT,460.0,After,1776.0,1781.0,460,After,1776,1781,equal,True,Equal,38,Sentence Beginning,False,False,DFPYDMTT_s038,Correct Beginning
DFPYDMTT,461.0,screwing,1782.0,1790.0,461,screwing,1782,1790,equal,True,Equal,38,,False,False,DFPYDMTT_s038,
DFPYDMTT,462.0,and,1791.0,1794.0,462,and,1791,1794,equal,True,Equal,38,,False,False,DFPYDMTT_s038,
DFPYDMTT,463.0,hammering,1795.0,1804.0,463,hammering,1795,1804,equal,True,Equal,38,,False,False,DFPYDMTT_s038,
DFPYDMTT,464.0,",",1804.0,1805.0,464,",",1804,1805,equal,True,Equal,38,,False,False,DFPYDMTT_s038,
DFPYDMTT,465.0,the,1806.0,1809.0,465,the,1806,1809,equal,True,Equal,38,,False,False,DFPYDMTT_s038,
DFPYDMTT,466.0,hull,1810.0,1814.0,466,hull,1810,1814,equal,True,Equal,38,,False,False,DFPYDMTT_s038,
DFPYDMTT,467.0,was,1815.0,1818.0,467,was,1815,1818,equal,True,Equal,38,,False,False,DFPYDMTT_s038,
DFPYDMTT,468.0,good,1819.0,1823.0,468,good,1819,1823,equal,True,Equal,38,,False,False,DFPYDMTT_s038,
DFPYDMTT,469.0,enough,1824.0,1830.0,469,enough,1824,1830,equal,True,Equal,38,,False,False,DFPYDMTT_s038,
DFPYDMTT,470.0,to,1831.0,1833.0,470,to,1831,1833,equal,True,Equal,38,,False,False,DFPYDMTT_s038,
DFPYDMTT,471.0,fly,1834.0,1837.0,471,fly,1834,1837,equal,True,Equal,38,,False,False,DFPYDMTT_s038,
DFPYDMTT,472.0,to,1838.0,1840.0,472,to,1838,1840,equal,True,Equal,38,,False,False,DFPYDMTT_s038,
DFPYDMTT,473.0,the,1841.0,1844.0,473,the,1841,1844,equal,True,Equal,38,,False,False,DFPYDMTT_s038,
DFPYDMTT,474.0,moon,1845.0,1849.0,474,moon,1845,1849,equal,True,Equal,38,,False,False,DFPYDMTT_s038,
DFPYDMTT,475.0,.,1849.0,1850.0,475,.,1849,1850,equal,True,Equal,38,Sentence Ending,False,False,DFPYDMTT_s038,Correct Ending
DFPYDMTT,476.0,It,1851.0,1853.0,476,It,1851,1853,equal,True,Equal,39,Sentence Beginning,False,False,DFPYDMTT_s039,Correct Beginning
DFPYDMTT,477.0,was,1854.0,1857.0,477,was,1854,1857,equal,True,Equal,39,,False,False,DFPYDMTT_s039,
DFPYDMTT,478.0,all,1858.0,1861.0,478,all,1858,1861,equal,True,Equal,39,,False,False,DFPYDMTT_s039,
DFPYDMTT,479.0,Eliza,1862.0,1867.0,479,Eliza,1862,1867,equal,True,Equal,39,,False,False,DFPYDMTT_s039,
DFPYDMTT,480.0,could,1868.0,1873.0,480,could,1868,1873,equal,True,Equal,39,,False,False,DFPYDMTT_s039,
DFPYDMTT,481.0,do,1874.0,1876.0,481,do,1874,1876,equal,True,Equal,39,,False,False,DFPYDMTT_s039,
DFPYDMTT,482.0,for,1877.0,1880.0,482,for,1877,1880,equal,True,Equal,39,,False,False,DFPYDMTT_s039,
DFPYDMTT,483.0,now,1881.0,1884.0,483,now,1881,1884,equal,True,Equal,39,,False,False,DFPYDMTT_s039,
DFPYDMTT,484.0,.,1884.0,1885.0,484,.,1884,1885,equal,True,Equal,39,Sentence Ending,False,False,DFPYDMTT_s039,Correct Ending
DFPYDMTT,485.0,She,1886.0,1889.0,485,She,1886,1889,equal,True,Equal,40,Sentence Beginning,False,False,DFPYDMTT_s040,Correct Beginning
DFPYDMTT,486.0,pulled,1890.0,1896.0,486,pulled,1890,1896,equal,True,Equal,40,,False,False,DFPYDMTT_s040,
DFPYDMTT,487.0,herself,1897.0,1904.0,487,herself,1897,1904,equal,True,Equal,40,,False,False,DFPYDMTT_s040,
DFPYDMTT,488.0,back,1905.0,1909.0,488,back,1905,1909,equal,True,Equal,40,,False,False,DFPYDMTT_s040,
DFPYDMTT,489.0,to,1910.0,1912.0,489,to,1910,1912,equal,True,Equal,40,,False,False,DFPYDMTT_s040,
DFPYDMTT,490.0,the,1913.0,1916.0,490,the,1913,1916,equal,True,Equal,40,,False,False,DFPYDMTT_s040,
DFPYDMTT,491.0,ship,1917.0,1921.0,491,ship,1917,1921,equal,True,Equal,40,,False,False,DFPYDMTT_s040,
DFPYDMTT,492.0,",",1921.0,1922.0,492,",",1921,1922,equal,True,Equal,40,,False,False,DFPYDMTT_s040,
DFPYDMTT,493.0,shut,1923.0,1927.0,493,shut,1923,1927,equal,True,Equal,40,,False,False,DFPYDMTT_s040,
DFPYDMTT,494.0,the,1928.0,1931.0,494,the,1928,1931,equal,True,Equal,40,,False,False,DFPYDMTT_s040,
DFPYDMTT,495.0,door,1932.0,1936.0,495,door,1932,1936,equal,True,Equal,40,,False,False,DFPYDMTT_s040,
DFPYDMTT,496.0,and,1937.0,1940.0,496,and,1937,1940,equal,True,Equal,40,,False,False,DFPYDMTT_s040,
DFPYDMTT,497.0,made,1941.0,1945.0,497,made,1941,1945,equal,True,Equal,40,,False,False,DFPYDMTT_s040,
DFPYDMTT,498.0,her,1946.0,1949.0,498,her,1946,1949,equal,True,Equal,40,,False,False,DFPYDMTT_s040,
DFPYDMTT,499.0,way,1950.0,1953.0,499,way,1950,1953,equal,True,Equal,40,,False,False,DFPYDMTT_s040,
DFPYDMTT,500.0,back,1954.0,1958.0,500,back,1954,1958,equal,True,Equal,40,,False,False,DFPYDMTT_s040,
DFPYDMTT,501.0,to,1959.0,1961.0,501,to,1959,1961,equal,True,Equal,40,,False,False,DFPYDMTT_s040,
DFPYDMTT,502.0,Jim,1962.0,1965.0,502,Jim,1962,1965,equal,True,Equal,40,,False,False,DFPYDMTT_s040,
DFPYDMTT,503.0,.,1965.0,1966.0,503,.,1965,1966,equal,True,Equal,40,Sentence Ending,False,False,DFPYDMTT_s040,Correct Ending
DFPYDMTT,504.0,"""",1967.0,1968.0,504,"""",1967,1968,equal,True,Equal,41,,False,False,DFPYDMTT_s041,
DFPYDMTT,505.0,I,1968.0,1969.0,505,I,1968,1969,equal,True,Equal,41,Sentence Beginning,False,False,DFPYDMTT_s041,Correct Beginning
DFPYDMTT,506.0,did,1970.0,1973.0,506,did,1970,1973,equal,True,Equal,41,,False,False,DFPYDMTT_s041,
DFPYDMTT,507.0,the,1974.0,1977.0,507,the,1974,1977,equal,True,Equal,41,,False,False,DFPYDMTT_s041,
DFPYDMTT,508.0,best,1978.0,1982.0,508,best,1978,1982,equal,True,Equal,41,,False,False,DFPYDMTT_s041,
DFPYDMTT,509.0,I,1983.0,1984.0,509,I,1983,1984,equal,True,Equal,41,,False,False,DFPYDMTT_s041,
DFPYDMTT,510.0,could,1985.0,1990.0,510,could,1985,1990,equal,True,Equal,41,,False,False,DFPYDMTT_s041,
DFPYDMTT,511.0,",",1990.0,1991.0,511,",",1990,1991,equal,True,Equal,41,,False,False,DFPYDMTT_s041,
DFPYDMTT,512.0,captain,1992.0,1999.0,512,captain,1992,1999,equal,True,Equal,41,,False,False,DFPYDMTT_s041,
DFPYDMTT,513.0,.,1999.0,2000.0,513,.,1999,2000,equal,True,Equal,41,Sentence Ending,False,False,DFPYDMTT_s041,Correct Ending
DFPYDMTT,514.0,The,2001.0,2004.0,514,The,2001,2004,equal,True,Equal,42,Sentence Beginning,False,False,DFPYDMTT_s042,Correct Beginning
DFPYDMTT,515.0,ship,2005.0,2009.0,515,ship,2005,2009,equal,True,Equal,42,,False,False,DFPYDMTT_s042,
DFPYDMTT,516.0,should,2010.0,2016.0,516,should,2010,2016,equal,True,Equal,42,,False,False,DFPYDMTT_s042,
DFPYDMTT,517.0,be,2017.0,2019.0,517,be,2017,2019,equal,True,Equal,42,,False,False,DFPYDMTT_s042,
DFPYDMTT,518.0,able,2020.0,2024.0,518,able,2020,2024,equal,True,Equal,42,,False,False,DFPYDMTT_s042,
DFPYDMTT,519.0,to,2025.0,2027.0,519,to,2025,2027,equal,True,Equal,42,,False,False,DFPYDMTT_s042,
DFPYDMTT,520.0,fly,2028.0,2031.0,520,fly,2028,2031,equal,True,Equal,42,,False,False,DFPYDMTT_s042,
DFPYDMTT,521.0,to,2032.0,2034.0,521,to,2032,2034,equal,True,Equal,42,,False,False,DFPYDMTT_s042,
DFPYDMTT,522.0,the,2035.0,2038.0,522,the,2035,2038,equal,True,Equal,42,,False,False,DFPYDMTT_s042,
DFPYDMTT,523.0,moon,2039.0,2043.0,523,moon,2039,2043,equal,True,Equal,42,,False,False,DFPYDMTT_s042,
DFPYDMTT,524.0,",",2043.0,2044.0,524,",",2043,2044,equal,True,Equal,42,,False,False,DFPYDMTT_s042,
DFPYDMTT,525.0,"""",2044.0,2045.0,525,"""",2044,2045,equal,True,Equal,42,,False,False,DFPYDMTT_s042,
DFPYDMTT,526.0,said,2046.0,2050.0,526,said,2046,2050,equal,True,Equal,42,,False,False,DFPYDMTT_s042,
DFPYDMTT,527.0,Eliza,2051.0,2056.0,527,Eliza,2051,2056,equal,True,Equal,42,,False,False,DFPYDMTT_s042,
DFPYDMTT,528.0,.,2056.0,2057.0,528,.,2056,2057,equal,True,Equal,42,Sentence Ending,False,False,DFPYDMTT_s042,Correct Ending
DFPYDMTT,529.0,Jim,2058.0,2061.0,529,Jim,2058,2061,equal,True,Equal,43,Sentence Beginning,False,False,DFPYDMTT_s043,Correct Beginning
DFPYDMTT,530.0,started,2062.0,2069.0,530,started,2062,2069,equal,True,Equal,43,,False,False,DFPYDMTT_s043,
DFPYDMTT,531.0,to,2070.0,2072.0,531,to,2070,2072,equal,True,Equal,43,,False,False,DFPYDMTT_s043,
DFPYDMTT,532.0,steer,2073.0,2078.0,532,steer,2073,2078,equal,True,Equal,43,,False,False,DFPYDMTT_s043,
DFPYDMTT,533.0,the,2079.0,2082.0,533,the,2079,2082,equal,True,Equal,43,,False,False,DFPYDMTT_s043,
DFPYDMTT,534.0,ship,2083.0,2087.0,534,ship,2083,2087,equal,True,Equal,43,,False,False,DFPYDMTT_s043,
DFPYDMTT,535.0,back,2088.0,2092.0,535,back,2088,2092,equal,True,Equal,43,,False,False,DFPYDMTT_s043,
DFPYDMTT,536.0,to,2093.0,2095.0,536,to,2093,2095,equal,True,Equal,43,,False,False,DFPYDMTT_s043,
DFPYDMTT,537.0,it,2096.0,2098.0,537,it,2096,2098,equal,True,Equal,43,,False,False,DFPYDMTT_s043,
DFPYDMTT,538.0,',2098.0,2099.0,538,',2098,2099,equal,True,Equal,43,,False,False,DFPYDMTT_s043,
DFPYDMTT,539.0,s,2099.0,2100.0,539,s,2099,2100,equal,True,Equal,43,,False,False,DFPYDMTT_s043,
DFPYDMTT,540.0,original,2101.0,2109.0,540,original,2101,2109,equal,True,Equal,43,,False,False,DFPYDMTT_s043,
DFPYDMTT,541.0,course,2110.0,2116.0,541,course,2110,2116,equal,True,Equal,43,,False,False,DFPYDMTT_s043,
DFPYDMTT,542.0,.,2116.0,2117.0,542,.,2116,2117,equal,True,Equal,43,Sentence Ending,False,False,DFPYDMTT_s043,Correct Ending
DFPYDMTT,543.0,"""",2118.0,2119.0,543,"""",2118,2119,equal,True,Equal,44,,False,False,DFPYDMTT_s044,
DFPYDMTT,544.0,Good,2119.0,2123.0,544,Good,2119,2123,equal,True,Equal,44,Sentence Beginning,False,False,DFPYDMTT_s044,Correct Beginning
DFPYDMTT,545.0,job,2124.0,2127.0,545,job,2124,2127,equal,True,Equal,44,,False,False,DFPYDMTT_s044,
DFPYDMTT,546.0,",",2127.0,2128.0,546,",",2127,2128,equal,True,Equal,44,,False,False,DFPYDMTT_s044,
DFPYDMTT,547.0,Moore,2129.0,2134.0,547,Moore,2129,2134,equal,True,Equal,44,,False,False,DFPYDMTT_s044,
DFPYDMTT,548.0,.,2134.0,2135.0,548,.,2134,2135,equal,True,Equal,44,Sentence Ending,False,False,DFPYDMTT_s044,Correct Ending
DFPYDMTT,549.0,You,2136.0,2139.0,549,You,2136,2139,equal,True,Equal,45,Sentence Beginning,False,False,DFPYDMTT_s045,Correct Beginning
DFPYDMTT,550.0,have,2140.0,2144.0,550,have,2140,2144,equal,True,Equal,45,,False,False,DFPYDMTT_s045,
DFPYDMTT,551.0,proven,2145.0,2151.0,551,proven,2145,2151,equal,True,Equal,45,,False,False,DFPYDMTT_s045,
DFPYDMTT,552.0,that,2152.0,2156.0,552,that,2152,2156,equal,True,Equal,45,,False,False,DFPYDMTT_s045,
DFPYDMTT,553.0,you,2157.0,2160.0,553,you,2157,2160,equal,True,Equal,45,,False,False,DFPYDMTT_s045,
DFPYDMTT,554.0,are,2161.0,2164.0,554,are,2161,2164,equal,True,Equal,45,,False,False,DFPYDMTT_s045,
DFPYDMTT,555.0,worthy,2165.0,2171.0,555,worthy,2165,2171,equal,True,Equal,45,,False,False,DFPYDMTT_s045,
DFPYDMTT,556.0,to,2172.0,2174.0,556,to,2172,2174,equal,True,Equal,45,,False,False,DFPYDMTT_s045,
DFPYDMTT,557.0,be,2175.0,2177.0,557,be,2175,2177,equal,True,Equal,45,,False,False,DFPYDMTT_s045,
DFPYDMTT,558.0,captain,2178.0,2185.0,558,captain,2178,2185,equal,True,Equal,45,,False,False,DFPYDMTT_s045,
DFPYDMTT,559.0,for,2186.0,2189.0,559,for,2186,2189,equal,True,Equal,45,,False,False,DFPYDMTT_s045,
DFPYDMTT,560.0,when,2190.0,2194.0,560,when,2190,2194,equal,True,Equal,45,,False,False,DFPYDMTT_s045,
DFPYDMTT,561.0,I,2195.0,2196.0,561,I,2195,2196,equal,True,Equal,45,,False,False,DFPYDMTT_s045,
DFPYDMTT,562.0,retire,2197.0,2203.0,562,retire,2197,2203,equal,True,Equal,45,,False,False,DFPYDMTT_s045,
DFPYDMTT,563.0,.,2203.0,2204.0,563,.,2203,2204,equal,True,Equal,45,Sentence Ending,False,False,DFPYDMTT_s045,Correct Ending
DFPYDMTT,564.0,"""",2204.0,2205.0,564,"""",2204,2205,equal,True,Equal,46,,False,False,DFPYDMTT_s046,
DFPYDMTT,565.0,"""",2206.0,2207.0,565,"""",2206,2207,equal,True,Equal,46,,False,False,DFPYDMTT_s046,
DFPYDMTT,566.0,You,2207.0,2210.0,566,You,2207,2210,equal,True,Equal,46,Sentence Beginning,False,False,DFPYDMTT_s046,Correct Beginning
DFPYDMTT,567.0,',2210.0,2211.0,567,',2210,2211,equal,True,Equal,46,,False,False,DFPYDMTT_s046,
DFPYDMTT,568.0,re,2211.0,2213.0,568,re,2211,2213,equal,True,Equal,46,,False,False,DFPYDMTT_s046,
DFPYDMTT,569.0,retiring,2214.0,2222.0,569,retiring,2214,2222,equal,True,Equal,46,,False,False,DFPYDMTT_s046,
DFPYDMTT,570.0,?,2222.0,2223.0,570,?,2222,2223,equal,True,Equal,46,Sentence Ending,False,False,DFPYDMTT_s046,Correct Ending
DFPYDMTT,571.0,"""",2223.0,2224.0,571,"""",2223,2224,equal,True,Equal,47,,False,False,DFPYDMTT_s047,
DFPYDMTT,572.0,asked,2225.0,2230.0,572,asked,2225,2230,equal,True,Equal,47,Sentence Beginning,False,False,DFPYDMTT_s047,Incorrect Beginning
DFPYDMTT,573.0,Eliza,2231.0,2236.0,573,Eliza,2231,2236,equal,True,Equal,47,,False,False,DFPYDMTT_s047,
DFPYDMTT,574.0,sadly,2237.0,2242.0,574,sadly,2237,2242,equal,True,Equal,47,,False,False,DFPYDMTT_s047,
DFPYDMTT,575.0,.,2242.0,2243.0,575,.,2242,2243,equal,True,Equal,47,Sentence Ending,False,False,DFPYDMTT_s047,Correct Ending
DFPYDMTT,576.0,"""",2244.0,2245.0,576,"""",2244,2245,equal,True,Equal,48,,False,False,DFPYDMTT_s048,
DFPYDMTT,577.0,Not,2245.0,2248.0,577,Not,2245,2248,equal,True,Equal,48,Sentence Beginning,False,False,DFPYDMTT_s048,Correct Beginning
DFPYDMTT,578.0,now,2249.0,2252.0,578,now,2249,2252,equal,True,Equal,48,,False,False,DFPYDMTT_s048,
DFPYDMTT,579.0,",",2252.0,2253.0,579,",",2252,2253,equal,True,Equal,48,,False,False,DFPYDMTT_s048,
DFPYDMTT,580.0,but,2254.0,2257.0,580,but,2254,2257,equal,True,Equal,48,,False,False,DFPYDMTT_s048,
DFPYDMTT,581.0,in,2258.0,2260.0,581,in,2258,2260,equal,True,Equal,48,,False,False,DFPYDMTT_s048,
DFPYDMTT,582.0,about,2261.0,2266.0,582,about,2261,2266,equal,True,Equal,48,,False,False,DFPYDMTT_s048,
DFPYDMTT,583.0,5,2267.0,2268.0,583,5,2267,2268,equal,True,Equal,48,,False,False,DFPYDMTT_s048,
DFPYDMTT,584.0,years,2269.0,2274.0,584,years,2269,2274,equal,True,Equal,48,,False,False,DFPYDMTT_s048,
DFPYDMTT,585.0,.,2274.0,2275.0,585,.,2274,2275,equal,True,Equal,48,Sentence Ending,False,False,DFPYDMTT_s048,Correct Ending
DFPYDMTT,586.0,"""",2275.0,2276.0,586,"""",2275,2276,equal,True,Equal,49,,False,False,DFPYDMTT_s049,
DFPYDMTT,587.0,Eliza,2277.0,2282.0,587,Eliza,2277,2282,equal,True,Equal,49,Sentence Beginning,False,False,DFPYDMTT_s049,Correct Beginning
DFPYDMTT,588.0,smiled,2283.0,2289.0,588,smiled,2283,2289,equal,True,Equal,49,,False,False,DFPYDMTT_s049,
DFPYDMTT,589.0,.,2289.0,2290.0,589,.,2289,2290,equal,True,Equal,49,Sentence Ending,False,False,DFPYDMTT_s049,Correct Ending
DFPYDMTT,590.0,The,2291.0,2294.0,590,The,2291,2294,equal,True,Equal,50,Sentence Beginning,False,False,DFPYDMTT_s050,Correct Beginning
DFPYDMTT,591.0,spaceship,2295.0,2304.0,591,spaceship,2295,2304,equal,True,Equal,50,,False,False,DFPYDMTT_s050,
DFPYDMTT,592.0,stopped,2305.0,2312.0,592,stopped,2305,2312,equal,True,Equal,50,,False,False,DFPYDMTT_s050,
DFPYDMTT,593.0,and,2313.0,2316.0,593,and,2313,2316,equal,True,Equal,50,,False,False,DFPYDMTT_s050,
DFPYDMTT,594.0,everything,2317.0,2327.0,594,everything,2317,2327,equal,True,Equal,50,,False,False,DFPYDMTT_s050,
DFPYDMTT,595.0,shook,2328.0,2333.0,595,shook,2328,2333,equal,True,Equal,50,,False,False,DFPYDMTT_s050,
DFPYDMTT,596.0,.,2333.0,2334.0,596,.,2333,2334,equal,True,Equal,50,Sentence Ending,False,False,DFPYDMTT_s050,Correct Ending
DFPYDMTT,597.0,"""",2335.0,2336.0,597,"""",2335,2336,equal,True,Equal,51,,False,False,DFPYDMTT_s051,
DFPYDMTT,598.0,We,2336.0,2338.0,598,We,2336,2338,equal,True,Equal,51,Sentence Beginning,False,False,DFPYDMTT_s051,Correct Beginning
DFPYDMTT,599.0,have,2339.0,2343.0,599,have,2339,2343,equal,True,Equal,51,,False,False,DFPYDMTT_s051,
DFPYDMTT,600.0,landed,2344.0,2350.0,600,landed,2344,2350,equal,True,Equal,51,,False,False,DFPYDMTT_s051,
DFPYDMTT,601.0,",",2350.0,2351.0,601,",",2350,2351,equal,True,Equal,51,,False,False,DFPYDMTT_s051,
DFPYDMTT,602.0,"""",2351.0,2352.0,602,"""",2351,2352,equal,True,Equal,51,,False,False,DFPYDMTT_s051,
DFPYDMTT,603.0,Jim,2353.0,2356.0,603,Jim,2353,2356,equal,True,Equal,51,,False,False,DFPYDMTT_s051,
DFPYDMTT,604.0,spoke,2357.0,2362.0,604,spoke,2357,2362,equal,True,Equal,51,,False,False,DFPYDMTT_s051,
DFPYDMTT,605.0,into,2363.0,2367.0,605,into,2363,2367,equal,True,Equal,51,,False,False,DFPYDMTT_s051,
DFPYDMTT,606.0,his,2368.0,2371.0,606,his,2368,2371,equal,True,Equal,51,,False,False,DFPYDMTT_s051,
DFPYDMTT,607.0,intercomm,2372.0,2381.0,607,intercomm,2372,2381,equal,True,Equal,51,,False,False,DFPYDMTT_s051,
DFPYDMTT,608.0,on,2382.0,2384.0,608,on,2382,2384,equal,True,Equal,51,,False,False,DFPYDMTT_s051,
DFPYDMTT,609.0,his,2385.0,2388.0,609,his,2385,2388,equal,True,Equal,51,,False,False,DFPYDMTT_s051,
DFPYDMTT,610.0,suit,2389.0,2393.0,610,suit,2389,2393,equal,True,Equal,51,,False,False,DFPYDMTT_s051,
DFPYDMTT,611.0,.,2393.0,2394.0,611,.,2393,2394,equal,True,Equal,51,Sentence Ending,False,False,DFPYDMTT_s051,Correct Ending
DFPYDMTT,612.0,"""",2395.0,2396.0,612,"""",2395,2396,equal,True,Equal,52,,False,False,DFPYDMTT_s052,
DFPYDMTT,613.0,We,2396.0,2398.0,613,We,2396,2398,equal,True,Equal,52,Sentence Beginning,False,False,DFPYDMTT_s052,Correct Beginning
DFPYDMTT,614.0,have,2399.0,2403.0,614,have,2399,2403,equal,True,Equal,52,,False,False,DFPYDMTT_s052,
DFPYDMTT,615.0,landed,2404.0,2410.0,615,landed,2404,2410,equal,True,Equal,52,,False,False,DFPYDMTT_s052,
DFPYDMTT,616.0,on,2411.0,2413.0,616,on,2411,2413,equal,True,Equal,52,,False,False,DFPYDMTT_s052,
DFPYDMTT,617.0,the,2414.0,2417.0,617,the,2414,2417,equal,True,Equal,52,,False,False,DFPYDMTT_s052,
DFPYDMTT,618.0,moon,2418.0,2422.0,618,moon,2418,2422,equal,True,Equal,52,,False,False,DFPYDMTT_s052,
DFPYDMTT,619.0,.,2422.0,2423.0,619,.,2422,2423,equal,True,Equal,52,Sentence Ending,False,False,DFPYDMTT_s052,Correct Ending
DFPYDMTT,620.0,Do,2424.0,2426.0,620,Do,2424,2426,equal,True,Equal,53,Sentence Beginning,False,False,DFPYDMTT_s053,Correct Beginning
DFPYDMTT,621.0,you,2427.0,2430.0,621,you,2427,2430,equal,True,Equal,53,,False,False,DFPYDMTT_s053,
DFPYDMTT,622.0,copy,2431.0,2435.0,622,copy,2431,2435,equal,True,Equal,53,,False,False,DFPYDMTT_s053,
DFPYDMTT,623.0,that,2436.0,2440.0,623,that,2436,2440,equal,True,Equal,53,,False,False,DFPYDMTT_s053,
DFPYDMTT,624.0,H,2441.0,2442.0,624,H,2441,2442,equal,True,Equal,53,,False,False,DFPYDMTT_s053,
DFPYDMTT,625.0,.,2442.0,2443.0,625,.,2442,2443,equal,True,Equal,53,,False,False,DFPYDMTT_s053,
DFPYDMTT,626.0,R,2443.0,2444.0,626,R,2443,2444,equal,True,Equal,53,,False,False,DFPYDMTT_s053,
DFPYDMTT,627.0,.,2444.0,2445.0,627,.,2444,2445,equal,True,Equal,53,,False,False,DFPYDMTT_s053,
DFPYDMTT,628.0,S,2445.0,2446.0,628,S,2445,2446,equal,True,Equal,53,,False,False,DFPYDMTT_s053,
DFPYDMTT,629.0,control,2447.0,2454.0,629,control,2447,2454,equal,True,Equal,53,,False,False,DFPYDMTT_s053,
DFPYDMTT,630.0,centre,2455.0,2461.0,630,centre,2455,2461,equal,True,Equal,53,,False,False,DFPYDMTT_s053,
DFPYDMTT,631.0,?,2461.0,2462.0,631,?,2461,2462,equal,True,Equal,53,Sentence Ending,False,False,DFPYDMTT_s053,Correct Ending
DFPYDMTT,632.0,"""",2462.0,2463.0,632,"""",2462,2463,equal,True,Equal,54,,False,False,DFPYDMTT_s054,
DFPYDMTT,633.0,A,2464.0,2465.0,633,A,2464,2465,equal,True,Equal,54,Sentence Beginning,False,False,DFPYDMTT_s054,Correct Beginning
DFPYDMTT,634.0,glitchy,2466.0,2473.0,634,glitchy,2466,2473,equal,True,Equal,54,,False,False,DFPYDMTT_s054,
DFPYDMTT,635.0,voice,2474.0,2479.0,635,voice,2474,2479,equal,True,Equal,54,,False,False,DFPYDMTT_s054,
DFPYDMTT,636.0,came,2480.0,2484.0,636,came,2480,2484,equal,True,Equal,54,,False,False,DFPYDMTT_s054,
DFPYDMTT,637.0,back,2485.0,2489.0,637,back,2485,2489,equal,True,Equal,54,,False,False,DFPYDMTT_s054,
DFPYDMTT,638.0,from,2490.0,2494.0,638,from,2490,2494,equal,True,Equal,54,,False,False,DFPYDMTT_s054,
DFPYDMTT,639.0,the,2495.0,2498.0,639,the,2495,2498,equal,True,Equal,54,,False,False,DFPYDMTT_s054,
DFPYDMTT,640.0,comm,2499.0,2503.0,640,comm,2499,2503,equal,True,Equal,54,,False,False,DFPYDMTT_s054,
DFPYDMTT,641.0,.,2503.0,2504.0,641,.,2503,2504,equal,True,Equal,54,Sentence Ending,False,False,DFPYDMTT_s054,Correct Ending
DFPYDMTT,642.0,"""",2505.0,2506.0,642,"""",2505,2506,equal,True,Equal,55,,False,False,DFPYDMTT_s055,
DFPYDMTT,643.0,Copy,2506.0,2510.0,643,Copy,2506,2510,equal,True,Equal,55,Sentence Beginning,False,False,DFPYDMTT_s055,Correct Beginning
DFPYDMTT,644.0,.,2510.0,2511.0,644,.,2510,2511,equal,True,Equal,55,Sentence Ending,False,False,DFPYDMTT_s055,Correct Ending
DFPYDMTT,645.0,Congratulations,2512.0,2527.0,645,Congratulations,2512,2527,equal,True,Equal,56,Sentence Beginning,False,False,DFPYDMTT_s056,Correct Beginning
DFPYDMTT,646.0,",",2527.0,2528.0,646,",",2527,2528,equal,True,Equal,56,,False,False,DFPYDMTT_s056,
DFPYDMTT,647.0,the,2529.0,2532.0,647,the,2529,2532,equal,True,Equal,56,,False,False,DFPYDMTT_s056,
DFPYDMTT,648.0,Moon,2533.0,2537.0,648,Moon,2533,2537,equal,True,Equal,56,,False,False,DFPYDMTT_s056,
DFPYDMTT,649.0,Crew,2538.0,2542.0,649,Crew,2538,2542,equal,True,Equal,56,,False,False,DFPYDMTT_s056,
DFPYDMTT,650.0,are,2543.0,2546.0,650,are,2543,2546,equal,True,Equal,56,,False,False,DFPYDMTT_s056,
DFPYDMTT,651.0,waiting,2547.0,2554.0,651,waiting,2547,2554,equal,True,Equal,56,,False,False,DFPYDMTT_s056,
DFPYDMTT,652.0,for,2555.0,2558.0,652,for,2555,2558,equal,True,Equal,56,,False,False,DFPYDMTT_s056,
DFPYDMTT,653.0,you,2559.0,2562.0,653,you,2559,2562,equal,True,Equal,56,,False,False,DFPYDMTT_s056,
DFPYDMTT,654.0,.,2562.0,2563.0,654,.,2562,2563,equal,True,Equal,56,Sentence Ending,False,False,DFPYDMTT_s056,Correct Ending
DFPYDMTT,655.0,"""",2563.0,2564.0,655,"""",2563,2564,equal,True,Equal,57,,False,False,DFPYDMTT_s057,
DFPYDMTT,656.0,Eliza,2565.0,2570.0,656,Eliza,2565,2570,equal,True,Equal,57,Sentence Beginning,False,False,DFPYDMTT_s057,Correct Beginning
DFPYDMTT,657.0,pulled,2571.0,2577.0,657,pulled,2571,2577,equal,True,Equal,57,,False,False,DFPYDMTT_s057,
DFPYDMTT,658.0,the,2578.0,2581.0,658,the,2578,2581,equal,True,Equal,57,,False,False,DFPYDMTT_s057,
DFPYDMTT,659.0,door,2582.0,2586.0,659,door,2582,2586,equal,True,Equal,57,,False,False,DFPYDMTT_s057,
DFPYDMTT,660.0,open,2587.0,2591.0,660,open,2587,2591,equal,True,Equal,57,,False,False,DFPYDMTT_s057,
DFPYDMTT,661.0,.,2591.0,2592.0,661,.,2591,2592,equal,True,Equal,57,Sentence Ending,False,False,DFPYDMTT_s057,Correct Ending
DFPYDMTT,662.0,She,2593.0,2596.0,662,She,2593,2596,equal,True,Equal,58,Sentence Beginning,False,False,DFPYDMTT_s058,Correct Beginning
DFPYDMTT,663.0,lept,2597.0,2601.0,663,lept,2597,2601,equal,True,Equal,58,,False,False,DFPYDMTT_s058,
DFPYDMTT,664.0,out,2602.0,2605.0,664,out,2602,2605,equal,True,Equal,58,,False,False,DFPYDMTT_s058,
DFPYDMTT,665.0,and,2606.0,2609.0,665,and,2606,2609,equal,True,Equal,58,,False,False,DFPYDMTT_s058,
DFPYDMTT,666.0,landed,2610.0,2616.0,666,landed,2610,2616,equal,True,Equal,58,,False,False,DFPYDMTT_s058,
DFPYDMTT,667.0,on,2617.0,2619.0,667,on,2617,2619,equal,True,Equal,58,,False,False,DFPYDMTT_s058,
DFPYDMTT,668.0,the,2620.0,2623.0,668,the,2620,2623,equal,True,Equal,58,,False,False,DFPYDMTT_s058,
DFPYDMTT,669.0,moon,2624.0,2628.0,669,moon,2624,2628,equal,True,Equal,58,,False,False,DFPYDMTT_s058,
DFPYDMTT,670.0,.,2628.0,2629.0,670,.,2628,2629,equal,True,Equal,58,Sentence Ending,False,False,DFPYDMTT_s058,Correct Ending
DFPYDMTT,671.0,Dust,2630.0,2634.0,671,Dust,2630,2634,equal,True,Equal,59,Sentence Beginning,False,False,DFPYDMTT_s059,Correct Beginning
DFPYDMTT,672.0,swirled,2635.0,2642.0,672,swirled,2635,2642,equal,True,Equal,59,,False,False,DFPYDMTT_s059,
DFPYDMTT,673.0,everywhere,2643.0,2653.0,673,everywhere,2643,2653,equal,True,Equal,59,,False,False,DFPYDMTT_s059,
DFPYDMTT,674.0,.,2653.0,2654.0,674,.,2653,2654,equal,True,Equal,59,Sentence Ending,False,False,DFPYDMTT_s059,Correct Ending
DFPYDMTT,675.0,Moondust,2655.0,2663.0,675,Moondust,2655,2663,equal,True,Equal,60,Sentence Beginning,False,False,DFPYDMTT_s060,Correct Beginning
DFPYDMTT,676.0,.,2663.0,2664.0,676,.,2663,2664,equal,True,Equal,60,Sentence Ending,False,False,DFPYDMTT_s060,Correct Ending
DFPYDMTT,677.0,Eliza,2665.0,2670.0,677,Eliza,2665,2670,equal,True,Equal,61,Sentence Beginning,False,False,DFPYDMTT_s061,Correct Beginning
DFPYDMTT,678.0,was,2671.0,2674.0,678,was,2671,2674,equal,True,Equal,61,,False,False,DFPYDMTT_s061,
DFPYDMTT,679.0,on,2675.0,2677.0,679,on,2675,2677,equal,True,Equal,61,,False,False,DFPYDMTT_s061,
DFPYDMTT,680.0,the,2678.0,2681.0,680,the,2678,2681,equal,True,Equal,61,,False,False,DFPYDMTT_s061,
DFPYDMTT,681.0,moon,2682.0,2686.0,681,moon,2682,2686,equal,True,Equal,61,,False,False,DFPYDMTT_s061,
DFPYDMTT,682.0,.,2686.0,2687.0,682,.,2686,2687,equal,True,Equal,61,Sentence Ending,False,False,DFPYDMTT_s061,Correct Ending
DFPYDMTT,683.0,What,2688.0,2692.0,683,What,2688,2692,equal,True,Equal,62,Sentence Beginning,False,False,DFPYDMTT_s062,Correct Beginning
DFPYDMTT,684.0,an,2693.0,2695.0,684,an,2693,2695,equal,True,Equal,62,,False,False,DFPYDMTT_s062,
DFPYDMTT,685.0,amazing,2696.0,2703.0,685,amazing,2696,2703,equal,True,Equal,62,,False,False,DFPYDMTT_s062,
DFPYDMTT,686.0,ride,2704.0,2708.0,686,ride,2704,2708,equal,True,Equal,62,,False,False,DFPYDMTT_s062,
DFPYDMTT,687.0,.,2708.0,2709.0,687,.,2708,2709,equal,True,Equal,62,Sentence Ending,False,False,DFPYDMTT_s062,Correct Ending
DNGNFXGW,0.0,Joel,0.0,4.0,0,Joel,0,4,equal,True,Equal,0,Sentence Beginning,False,False,DNGNFXGW_s000,Correct Beginning
DNGNFXGW,1.0,',4.0,5.0,1,',4,5,equal,True,Equal,0,,False,False,DNGNFXGW_s000,
DNGNFXGW,2.0,s,5.0,6.0,2,s,5,6,equal,True,Equal,0,,False,False,DNGNFXGW_s000,
DNGNFXGW,3.0,breath,7.0,13.0,3,breath,7,13,equal,True,Equal,0,,False,False,DNGNFXGW_s000,
DNGNFXGW,4.0,was,14.0,17.0,4,was,14,17,equal,True,Equal,0,,False,False,DNGNFXGW_s000,
DNGNFXGW,5.0,short,18.0,23.0,5,short,18,23,equal,True,Equal,0,,False,False,DNGNFXGW_s000,
DNGNFXGW,6.0,.,23.0,24.0,6,.,23,24,equal,True,Equal,0,Sentence Ending,False,False,DNGNFXGW_s000,Correct Ending
DNGNFXGW,7.0,She,25.0,28.0,7,She,25,28,equal,True,Equal,1,Sentence Beginning,False,False,DNGNFXGW_s001,Correct Beginning
DNGNFXGW,8.0,staggered,29.0,38.0,8,staggered,29,38,equal,True,Equal,1,,False,False,DNGNFXGW_s001,
DNGNFXGW,9.0,forward,39.0,46.0,9,forward,39,46,equal,True,Equal,1,,False,False,DNGNFXGW_s001,
DNGNFXGW,10.0,.,46.0,47.0,10,.,46,47,equal,True,Equal,1,Sentence Ending,False,False,DNGNFXGW_s001,Correct Ending
DNGNFXGW,11.0,All,48.0,51.0,11,All,48,51,equal,True,Equal,2,Sentence Beginning,False,False,DNGNFXGW_s002,Correct Beginning
DNGNFXGW,12.0,she,52.0,55.0,12,she,52,55,equal,True,Equal,2,,False,False,DNGNFXGW_s002,
DNGNFXGW,13.0,could,56.0,61.0,13,could,56,61,equal,True,Equal,2,,False,False,DNGNFXGW_s002,
DNGNFXGW,14.0,think,62.0,67.0,14,think,62,67,equal,True,Equal,2,,False,False,DNGNFXGW_s002,
DNGNFXGW,15.0,of,68.0,70.0,15,of,68,70,equal,True,Equal,2,,False,False,DNGNFXGW_s002,
DNGNFXGW,16.0,was,71.0,74.0,16,was,71,74,equal,True,Equal,2,,False,False,DNGNFXGW_s002,
DNGNFXGW,17.0,her,75.0,78.0,17,her,75,78,equal,True,Equal,2,,False,False,DNGNFXGW_s002,
DNGNFXGW,18.0,village,79.0,86.0,18,village,79,86,equal,True,Equal,2,,False,False,DNGNFXGW_s002,
DNGNFXGW,19.0,",",86.0,87.0,19,",",86,87,equal,True,Equal,2,,False,False,DNGNFXGW_s002,
DNGNFXGW,20.0,back,88.0,92.0,20,back,88,92,equal,True,Equal,2,,False,False,DNGNFXGW_s002,
DNGNFXGW,21.0,down,93.0,97.0,21,down,93,97,equal,True,Equal,2,,False,False,DNGNFXGW_s002,
DNGNFXGW,22.0,the,98.0,101.0,22,the,98,101,equal,True,Equal,2,,False,False,DNGNFXGW_s002,
DNGNFXGW,23.0,mountain,102.0,110.0,23,mountain,102,110,equal,True,Equal,2,,False,False,DNGNFXGW_s002,
DNGNFXGW,24.0,.,110.0,111.0,24,.,110,111,equal,True,Equal,2,Sentence Ending,False,False,DNGNFXGW_s002,Correct Ending
DNGNFXGW,25.0,Her,112.0,115.0,25,Her,112,115,equal,True,Equal,3,Sentence Beginning,False,False,DNGNFXGW_s003,Correct Beginning
DNGNFXGW,26.0,eyes,116.0,120.0,26,eyes,116,120,equal,True,Equal,3,,False,False,DNGNFXGW_s003,
DNGNFXGW,27.0,teared,121.0,127.0,27,teared,121,127,equal,True,Equal,3,,False,False,DNGNFXGW_s003,
DNGNFXGW,28.0,up,128.0,130.0,28,up,128,130,equal,True,Equal,3,,False,False,DNGNFXGW_s003,
DNGNFXGW,29.0,.,130.0,131.0,29,.,130,131,equal,True,Equal,3,Sentence Ending,False,False,DNGNFXGW_s003,Correct Ending
DNGNFXGW,30.0,No,132.0,134.0,30,No,132,134,equal,True,Equal,4,Sentence Beginning,False,False,DNGNFXGW_s004,Correct Beginning
DNGNFXGW,31.0,",",134.0,135.0,31,",",134,135,equal,True,Equal,4,,False,False,DNGNFXGW_s004,
DNGNFXGW,32.0,she,136.0,139.0,32,she,136,139,equal,True,Equal,4,,False,False,DNGNFXGW_s004,
DNGNFXGW,33.0,thought,140.0,147.0,33,thought,140,147,equal,True,Equal,4,,False,False,DNGNFXGW_s004,
DNGNFXGW,34.0,.,147.0,148.0,34,.,147,148,equal,True,Equal,4,Sentence Ending,False,False,DNGNFXGW_s004,Correct Ending
DNGNFXGW,35.0,I,148.0,149.0,35,I,148,149,equal,True,Equal,5,Sentence Beginning,False,False,DNGNFXGW_s005,Correct Beginning
DNGNFXGW,36.0,won,150.0,153.0,36,won,150,153,equal,True,Equal,5,,False,False,DNGNFXGW_s005,
DNGNFXGW,37.0,',153.0,154.0,37,',153,154,equal,True,Equal,5,,False,False,DNGNFXGW_s005,
DNGNFXGW,38.0,t,154.0,155.0,38,t,154,155,equal,True,Equal,5,,False,False,DNGNFXGW_s005,
DNGNFXGW,39.0,let,156.0,159.0,39,let,156,159,equal,True,Equal,5,,False,False,DNGNFXGW_s005,
DNGNFXGW,40.0,it,160.0,162.0,40,it,160,162,equal,True,Equal,5,,False,False,DNGNFXGW_s005,
DNGNFXGW,41.0,burn,163.0,167.0,41,burn,163,167,equal,True,Equal,5,,False,False,DNGNFXGW_s005,
DNGNFXGW,42.0,.,167.0,168.0,42,.,167,168,equal,True,Equal,5,Sentence Ending,False,False,DNGNFXGW_s005,Correct Ending
DNGNFXGW,43.0,She,169.0,172.0,43,She,169,172,equal,True,Equal,6,Sentence Beginning,False,False,DNGNFXGW_s006,Correct Beginning
DNGNFXGW,44.0,stood,173.0,178.0,44,stood,173,178,equal,True,Equal,6,,False,False,DNGNFXGW_s006,
DNGNFXGW,45.0,taller,179.0,185.0,45,taller,179,185,equal,True,Equal,6,,False,False,DNGNFXGW_s006,
DNGNFXGW,46.0,and,186.0,189.0,46,and,186,189,equal,True,Equal,6,,False,False,DNGNFXGW_s006,
DNGNFXGW,47.0,clasped,190.0,197.0,47,clasped,190,197,equal,True,Equal,6,,False,False,DNGNFXGW_s006,
DNGNFXGW,48.0,the,198.0,201.0,48,the,198,201,equal,True,Equal,6,,False,False,DNGNFXGW_s006,
DNGNFXGW,49.0,sword,202.0,207.0,49,sword,202,207,equal,True,Equal,6,,False,False,DNGNFXGW_s006,
DNGNFXGW,50.0,at,208.0,210.0,50,at,208,210,equal,True,Equal,6,,False,False,DNGNFXGW_s006,
DNGNFXGW,51.0,her,211.0,214.0,51,her,211,214,equal,True,Equal,6,,False,False,DNGNFXGW_s006,
DNGNFXGW,52.0,waist,215.0,220.0,52,waist,215,220,equal,True,Equal,6,,False,False,DNGNFXGW_s006,
DNGNFXGW,53.0,.,220.0,221.0,53,.,220,221,equal,True,Equal,6,Sentence Ending,False,False,DNGNFXGW_s006,Correct Ending
DNGNFXGW,54.0,As,222.0,224.0,54,As,222,224,equal,True,Equal,7,Sentence Beginning,False,False,DNGNFXGW_s007,Correct Beginning
DNGNFXGW,55.0,she,225.0,228.0,55,she,225,228,equal,True,Equal,7,,False,False,DNGNFXGW_s007,
DNGNFXGW,56.0,continued,229.0,238.0,56,continued,229,238,equal,True,Equal,7,,False,False,DNGNFXGW_s007,
DNGNFXGW,57.0,up,239.0,241.0,57,up,239,241,equal,True,Equal,7,,False,False,DNGNFXGW_s007,
DNGNFXGW,58.0,the,242.0,245.0,58,the,242,245,equal,True,Equal,7,,False,False,DNGNFXGW_s007,
DNGNFXGW,59.0,rocky,246.0,251.0,59,rocky,246,251,equal,True,Equal,7,,False,False,DNGNFXGW_s007,
DNGNFXGW,60.0,landscape,252.0,261.0,60,landscape,252,261,equal,True,Equal,7,,False,False,DNGNFXGW_s007,
DNGNFXGW,61.0,",",261.0,262.0,61,",",261,262,equal,True,Equal,7,,False,False,DNGNFXGW_s007,
DNGNFXGW,62.0,it,263.0,265.0,62,it,263,265,equal,True,Equal,7,,False,False,DNGNFXGW_s007,
DNGNFXGW,63.0,got,266.0,269.0,63,got,266,269,equal,True,Equal,7,,False,False,DNGNFXGW_s007,
DNGNFXGW,64.0,hotter,270.0,276.0,64,hotter,270,276,equal,True,Equal,7,,False,False,DNGNFXGW_s007,
DNGNFXGW,65.0,and,277.0,280.0,65,and,277,280,equal,True,Equal,7,,False,False,DNGNFXGW_s007,
DNGNFXGW,66.0,hotter,281.0,287.0,66,hotter,281,287,equal,True,Equal,7,,False,False,DNGNFXGW_s007,
DNGNFXGW,67.0,",",287.0,288.0,67,",",287,288,equal,True,Equal,7,,False,False,DNGNFXGW_s007,
DNGNFXGW,68.0,like,289.0,293.0,68,like,289,293,equal,True,Equal,7,,False,False,DNGNFXGW_s007,
DNGNFXGW,69.0,she,294.0,297.0,69,she,294,297,equal,True,Equal,7,,False,False,DNGNFXGW_s007,
DNGNFXGW,70.0,was,298.0,301.0,70,was,298,301,equal,True,Equal,7,,False,False,DNGNFXGW_s007,
DNGNFXGW,71.0,getting,302.0,309.0,71,getting,302,309,equal,True,Equal,7,,False,False,DNGNFXGW_s007,
DNGNFXGW,72.0,closer,310.0,316.0,72,closer,310,316,equal,True,Equal,7,,False,False,DNGNFXGW_s007,
DNGNFXGW,73.0,to,317.0,319.0,73,to,317,319,equal,True,Equal,7,,False,False,DNGNFXGW_s007,
DNGNFXGW,74.0,the,320.0,323.0,74,the,320,323,equal,True,Equal,7,,False,False,DNGNFXGW_s007,
DNGNFXGW,75.0,sun,324.0,327.0,75,sun,324,327,equal,True,Equal,7,,False,False,DNGNFXGW_s007,
DNGNFXGW,76.0,itself,328.0,334.0,76,itself,328,334,equal,True,Equal,7,,False,False,DNGNFXGW_s007,
DNGNFXGW,77.0,.,334.0,335.0,77,.,334,335,equal,True,Equal,7,Sentence Ending,False,False,DNGNFXGW_s007,Correct Ending
DNGNFXGW,78.0,But,335.0,338.0,78,But,335,338,equal,True,Equal,8,Sentence Beginning,False,False,DNGNFXGW_s008,Correct Beginning
DNGNFXGW,79.0,that,339.0,343.0,79,that,339,343,equal,True,Equal,8,,False,False,DNGNFXGW_s008,
DNGNFXGW,80.0,',343.0,344.0,80,',343,344,equal,True,Equal,8,,False,False,DNGNFXGW_s008,
DNGNFXGW,81.0,s,344.0,345.0,81,s,344,345,equal,True,Equal,8,,False,False,DNGNFXGW_s008,
DNGNFXGW,82.0,not,346.0,349.0,82,not,346,349,equal,True,Equal,8,,False,False,DNGNFXGW_s008,
DNGNFXGW,83.0,what,350.0,354.0,83,what,350,354,equal,True,Equal,8,,False,False,DNGNFXGW_s008,
DNGNFXGW,84.0,is,355.0,357.0,84,is,355,357,equal,True,Equal,8,,False,False,DNGNFXGW_s008,
DNGNFXGW,85.0,happening,358.0,367.0,85,happening,358,367,equal,True,Equal,8,,False,False,DNGNFXGW_s008,
DNGNFXGW,86.0,here,368.0,372.0,86,here,368,372,equal,True,Equal,8,,False,False,DNGNFXGW_s008,
DNGNFXGW,87.0,",",372.0,373.0,87,",",372,373,equal,True,Equal,8,,False,False,DNGNFXGW_s008,
DNGNFXGW,88.0,is,374.0,376.0,88,is,374,376,equal,True,Equal,8,,False,False,DNGNFXGW_s008,
DNGNFXGW,89.0,it,377.0,379.0,89,it,377,379,equal,True,Equal,8,,False,False,DNGNFXGW_s008,
DNGNFXGW,90.0,?,379.0,380.0,90,?,379,380,equal,True,Equal,8,Sentence Ending,False,False,DNGNFXGW_s008,Correct Ending
DNGNFXGW,91.0,.,380.0,381.0,91,.,380,381,equal,True,Equal,9,Sentence Ending,False,False,DNGNFXGW_s009,Correct Ending
DNGNFXGW,92.0,Gritting,382.0,390.0,92,Gritting,382,390,equal,True,Equal,10,Sentence Beginning,False,False,DNGNFXGW_s010,Correct Beginning
DNGNFXGW,93.0,her,391.0,394.0,93,her,391,394,equal,True,Equal,10,,False,False,DNGNFXGW_s010,
DNGNFXGW,94.0,teeth,395.0,400.0,94,teeth,395,400,equal,True,Equal,10,,False,False,DNGNFXGW_s010,
DNGNFXGW,95.0,",",400.0,401.0,95,",",400,401,equal,True,Equal,10,,False,False,DNGNFXGW_s010,
DNGNFXGW,96.0,she,402.0,405.0,96,she,402,405,equal,True,Equal,10,,False,False,DNGNFXGW_s010,
DNGNFXGW,97.0,stood,406.0,411.0,97,stood,406,411,equal,True,Equal,10,,False,False,DNGNFXGW_s010,
DNGNFXGW,98.0,on,412.0,414.0,98,on,412,414,equal,True,Equal,10,,False,False,DNGNFXGW_s010,
DNGNFXGW,99.0,a,415.0,416.0,99,a,415,416,equal,True,Equal,10,,False,False,DNGNFXGW_s010,
DNGNFXGW,100.0,rock,417.0,421.0,100,rock,417,421,equal,True,Equal,10,,False,False,DNGNFXGW_s010,
DNGNFXGW,101.0,and,422.0,425.0,101,and,422,425,equal,True,Equal,10,,False,False,DNGNFXGW_s010,
DNGNFXGW,102.0,surveyed,426.0,434.0,102,surveyed,426,434,equal,True,Equal,10,,False,False,DNGNFXGW_s010,
DNGNFXGW,103.0,the,435.0,438.0,103,the,435,438,equal,True,Equal,10,,False,False,DNGNFXGW_s010,
DNGNFXGW,104.0,land,439.0,443.0,104,land,439,443,equal,True,Equal,10,,False,False,DNGNFXGW_s010,
DNGNFXGW,105.0,.,443.0,444.0,105,.,443,444,equal,True,Equal,10,Sentence Ending,False,False,DNGNFXGW_s010,Correct Ending
DNGNFXGW,106.0,There,445.0,450.0,106,There,445,450,equal,True,Equal,11,Sentence Beginning,False,False,DNGNFXGW_s011,Correct Beginning
DNGNFXGW,107.0,.,450.0,451.0,107,.,450,451,equal,True,Equal,11,Sentence Ending,False,False,DNGNFXGW_s011,Correct Ending
DNGNFXGW,108.0,The,452.0,455.0,108,The,452,455,equal,True,Equal,12,Sentence Beginning,False,False,DNGNFXGW_s012,Correct Beginning
DNGNFXGW,109.0,door,456.0,460.0,109,door,456,460,equal,True,Equal,12,,False,False,DNGNFXGW_s012,
DNGNFXGW,110.0,couldn,461.0,467.0,110,couldn,461,467,equal,True,Equal,12,,False,False,DNGNFXGW_s012,
DNGNFXGW,111.0,',467.0,468.0,111,',467,468,equal,True,Equal,12,,False,False,DNGNFXGW_s012,
DNGNFXGW,112.0,t,468.0,469.0,112,t,468,469,equal,True,Equal,12,,False,False,DNGNFXGW_s012,
DNGNFXGW,113.0,have,470.0,474.0,113,have,470,474,equal,True,Equal,12,,False,False,DNGNFXGW_s012,
DNGNFXGW,114.0,been,475.0,479.0,114,been,475,479,equal,True,Equal,12,,False,False,DNGNFXGW_s012,
DNGNFXGW,115.0,bigger,480.0,486.0,115,bigger,480,486,equal,True,Equal,12,,False,False,DNGNFXGW_s012,
DNGNFXGW,116.0,than,487.0,491.0,116,than,487,491,equal,True,Equal,12,,False,False,DNGNFXGW_s012,
DNGNFXGW,117.0,the,492.0,495.0,117,the,492,495,equal,True,Equal,12,,False,False,DNGNFXGW_s012,
DNGNFXGW,118.0,shortest,496.0,504.0,118,shortest,496,504,equal,True,Equal,12,,False,False,DNGNFXGW_s012,
DNGNFXGW,119.0,of,505.0,507.0,119,of,505,507,equal,True,Equal,12,,False,False,DNGNFXGW_s012,
DNGNFXGW,120.0,the,508.0,511.0,120,the,508,511,equal,True,Equal,12,,False,False,DNGNFXGW_s012,
DNGNFXGW,121.0,village,512.0,519.0,121,village,512,519,equal,True,Equal,12,,False,False,DNGNFXGW_s012,
DNGNFXGW,122.0,children,520.0,528.0,122,children,520,528,equal,True,Equal,12,,False,False,DNGNFXGW_s012,
DNGNFXGW,123.0,.,528.0,529.0,123,.,528,529,equal,True,Equal,12,Sentence Ending,False,False,DNGNFXGW_s012,Correct Ending
DNGNFXGW,124.0,It,530.0,532.0,124,It,530,532,equal,True,Equal,13,Sentence Beginning,False,False,DNGNFXGW_s013,Correct Beginning
DNGNFXGW,125.0,was,533.0,536.0,125,was,533,536,equal,True,Equal,13,,False,False,DNGNFXGW_s013,
DNGNFXGW,126.0,short,537.0,542.0,126,short,537,542,equal,True,Equal,13,,False,False,DNGNFXGW_s013,
DNGNFXGW,127.0,and,543.0,546.0,127,and,543,546,equal,True,Equal,13,,False,False,DNGNFXGW_s013,
DNGNFXGW,128.0,thin,547.0,551.0,128,thin,547,551,equal,True,Equal,13,,False,False,DNGNFXGW_s013,
DNGNFXGW,129.0,",",551.0,552.0,129,",",551,552,equal,True,Equal,13,,False,False,DNGNFXGW_s013,
DNGNFXGW,130.0,and,553.0,556.0,130,and,553,556,equal,True,Equal,13,,False,False,DNGNFXGW_s013,
DNGNFXGW,131.0,Joel,557.0,561.0,131,Joel,557,561,equal,True,Equal,13,,False,False,DNGNFXGW_s013,
DNGNFXGW,132.0,had,562.0,565.0,132,had,562,565,equal,True,Equal,13,,False,False,DNGNFXGW_s013,
DNGNFXGW,133.0,to,566.0,568.0,133,to,566,568,equal,True,Equal,13,,False,False,DNGNFXGW_s013,
DNGNFXGW,134.0,duck,569.0,573.0,134,duck,569,573,equal,True,Equal,13,,False,False,DNGNFXGW_s013,
DNGNFXGW,135.0,through,574.0,581.0,135,through,574,581,equal,True,Equal,13,,False,False,DNGNFXGW_s013,
DNGNFXGW,136.0,.,581.0,582.0,136,.,581,582,equal,True,Equal,13,Sentence Ending,False,False,DNGNFXGW_s013,Correct Ending
DNGNFXGW,137.0,Lucky,582.0,587.0,137,Lucky,582,587,equal,True,Equal,14,Sentence Beginning,False,False,DNGNFXGW_s014,Correct Beginning
DNGNFXGW,138.0,I,588.0,589.0,138,I,588,589,equal,True,Equal,14,,False,False,DNGNFXGW_s014,
DNGNFXGW,139.0,',589.0,590.0,139,',589,590,equal,True,Equal,14,,False,False,DNGNFXGW_s014,
DNGNFXGW,140.0,m,590.0,591.0,140,m,590,591,equal,True,Equal,14,,False,False,DNGNFXGW_s014,
DNGNFXGW,141.0,so,592.0,594.0,141,so,592,594,equal,True,Equal,14,,False,False,DNGNFXGW_s014,
DNGNFXGW,142.0,thin,595.0,599.0,142,thin,595,599,equal,True,Equal,14,,False,False,DNGNFXGW_s014,
DNGNFXGW,143.0,",",599.0,600.0,143,",",599,600,equal,True,Equal,14,,False,False,DNGNFXGW_s014,
DNGNFXGW,144.0,Berte,601.0,606.0,144,Berte,601,606,equal,True,Equal,14,,False,False,DNGNFXGW_s014,
DNGNFXGW,145.0,couldn,607.0,613.0,145,couldn,607,613,equal,True,Equal,14,,False,False,DNGNFXGW_s014,
DNGNFXGW,146.0,',613.0,614.0,146,',613,614,equal,True,Equal,14,,False,False,DNGNFXGW_s014,
DNGNFXGW,147.0,t,614.0,615.0,147,t,614,615,equal,True,Equal,14,,False,False,DNGNFXGW_s014,
DNGNFXGW,148.0,have,616.0,620.0,148,have,616,620,equal,True,Equal,14,,False,False,DNGNFXGW_s014,
DNGNFXGW,149.0,done,621.0,625.0,149,done,621,625,equal,True,Equal,14,,False,False,DNGNFXGW_s014,
DNGNFXGW,150.0,this,626.0,630.0,150,this,626,630,equal,True,Equal,14,,False,False,DNGNFXGW_s014,
DNGNFXGW,151.0,mission,631.0,638.0,151,mission,631,638,equal,True,Equal,14,,False,False,DNGNFXGW_s014,
DNGNFXGW,152.0,.,638.0,639.0,152,.,638,639,equal,True,Equal,14,Sentence Ending,False,False,DNGNFXGW_s014,Correct Ending
DNGNFXGW,153.0,Joel,640.0,644.0,153,Joel,640,644,equal,True,Equal,15,Sentence Beginning,False,False,DNGNFXGW_s015,Correct Beginning
DNGNFXGW,154.0,smiled,645.0,651.0,154,smiled,645,651,equal,True,Equal,15,,False,False,DNGNFXGW_s015,
DNGNFXGW,155.0,.,651.0,652.0,155,.,651,652,equal,True,Equal,15,Sentence Ending,False,False,DNGNFXGW_s015,Correct Ending
DNGNFXGW,156.0,The,653.0,656.0,156,The,653,656,equal,True,Equal,16,Sentence Beginning,False,False,DNGNFXGW_s016,Correct Beginning
DNGNFXGW,157.0,thought,657.0,664.0,157,thought,657,664,equal,True,Equal,16,,False,False,DNGNFXGW_s016,
DNGNFXGW,158.0,of,665.0,667.0,158,of,665,667,equal,True,Equal,16,,False,False,DNGNFXGW_s016,
DNGNFXGW,159.0,her,668.0,671.0,159,her,668,671,equal,True,Equal,16,,False,False,DNGNFXGW_s016,
DNGNFXGW,160.0,wide,672.0,676.0,160,wide,672,676,equal,True,Equal,16,,False,False,DNGNFXGW_s016,
DNGNFXGW,161.0,friend,677.0,683.0,161,friend,677,683,equal,True,Equal,16,,False,False,DNGNFXGW_s016,
DNGNFXGW,162.0,soothed,684.0,691.0,162,soothed,684,691,equal,True,Equal,16,,False,False,DNGNFXGW_s016,
DNGNFXGW,163.0,her,692.0,695.0,163,her,692,695,equal,True,Equal,16,,False,False,DNGNFXGW_s016,
DNGNFXGW,164.0,a,696.0,697.0,164,a,696,697,equal,True,Equal,16,,False,False,DNGNFXGW_s016,
DNGNFXGW,165.0,little,698.0,704.0,165,little,698,704,equal,True,Equal,16,,False,False,DNGNFXGW_s016,
DNGNFXGW,166.0,",",704.0,705.0,166,",",704,705,equal,True,Equal,16,,False,False,DNGNFXGW_s016,
DNGNFXGW,167.0,and,706.0,709.0,167,and,706,709,equal,True,Equal,16,,False,False,DNGNFXGW_s016,
DNGNFXGW,168.0,steeled,710.0,717.0,168,steeled,710,717,equal,True,Equal,16,,False,False,DNGNFXGW_s016,
DNGNFXGW,169.0,her,718.0,721.0,169,her,718,721,equal,True,Equal,16,,False,False,DNGNFXGW_s016,
DNGNFXGW,170.0,resolve,722.0,729.0,170,resolve,722,729,equal,True,Equal,16,,False,False,DNGNFXGW_s016,
DNGNFXGW,171.0,.,729.0,730.0,171,.,729,730,equal,True,Equal,16,Sentence Ending,False,False,DNGNFXGW_s016,Correct Ending
DNGNFXGW,172.0,I,730.0,731.0,172,I,730,731,equal,True,Equal,17,Sentence Beginning,False,False,DNGNFXGW_s017,Correct Beginning
DNGNFXGW,173.0,must,732.0,736.0,173,must,732,736,equal,True,Equal,17,,False,False,DNGNFXGW_s017,
DNGNFXGW,174.0,do,737.0,739.0,174,do,737,739,equal,True,Equal,17,,False,False,DNGNFXGW_s017,
DNGNFXGW,175.0,this,740.0,744.0,175,this,740,744,equal,True,Equal,17,,False,False,DNGNFXGW_s017,
DNGNFXGW,176.0,.,744.0,745.0,176,.,744,745,equal,True,Equal,17,Sentence Ending,False,False,DNGNFXGW_s017,Correct Ending
DNGNFXGW,177.0,For,746.0,749.0,177,For,746,749,equal,True,Equal,18,Sentence Beginning,False,False,DNGNFXGW_s018,Correct Beginning
DNGNFXGW,178.0,the,750.0,753.0,178,the,750,753,equal,True,Equal,18,,False,False,DNGNFXGW_s018,
DNGNFXGW,179.0,village,754.0,761.0,179,village,754,761,equal,True,Equal,18,,False,False,DNGNFXGW_s018,
DNGNFXGW,180.0,!,761.0,762.0,180,!,761,762,equal,True,Equal,18,Sentence Ending,False,False,DNGNFXGW_s018,Correct Ending
DNGNFXGW,181.0,Taking,762.0,768.0,181,Taking,762,768,equal,True,Equal,19,Sentence Beginning,False,False,DNGNFXGW_s019,Correct Beginning
DNGNFXGW,182.0,a,769.0,770.0,182,a,769,770,equal,True,Equal,19,,False,False,DNGNFXGW_s019,
DNGNFXGW,183.0,deep,771.0,775.0,183,deep,771,775,equal,True,Equal,19,,False,False,DNGNFXGW_s019,
DNGNFXGW,184.0,breath,776.0,782.0,184,breath,776,782,equal,True,Equal,19,,False,False,DNGNFXGW_s019,
DNGNFXGW,185.0,",",782.0,783.0,185,",",782,783,equal,True,Equal,19,,False,False,DNGNFXGW_s019,
DNGNFXGW,186.0,Joel,784.0,788.0,186,Joel,784,788,equal,True,Equal,19,,False,False,DNGNFXGW_s019,
DNGNFXGW,187.0,crawled,789.0,796.0,187,crawled,789,796,equal,True,Equal,19,,False,False,DNGNFXGW_s019,
DNGNFXGW,188.0,out,797.0,800.0,188,out,797,800,equal,True,Equal,19,,False,False,DNGNFXGW_s019,
DNGNFXGW,189.0,of,801.0,803.0,189,of,801,803,equal,True,Equal,19,,False,False,DNGNFXGW_s019,
DNGNFXGW,190.0,the,804.0,807.0,190,the,804,807,equal,True,Equal,19,,False,False,DNGNFXGW_s019,
DNGNFXGW,191.0,small,808.0,813.0,191,small,808,813,equal,True,Equal,19,,False,False,DNGNFXGW_s019,
DNGNFXGW,192.0,doorway,814.0,821.0,192,doorway,814,821,equal,True,Equal,19,,False,False,DNGNFXGW_s019,
DNGNFXGW,193.0,into,822.0,826.0,193,into,822,826,equal,True,Equal,19,,False,False,DNGNFXGW_s019,
DNGNFXGW,194.0,the,827.0,830.0,194,the,827,830,equal,True,Equal,19,,False,False,DNGNFXGW_s019,
DNGNFXGW,195.0,opening,831.0,838.0,195,opening,831,838,equal,True,Equal,19,,False,False,DNGNFXGW_s019,
DNGNFXGW,196.0,room,839.0,843.0,196,room,839,843,equal,True,Equal,19,,False,False,DNGNFXGW_s019,
DNGNFXGW,197.0,.,843.0,844.0,197,.,843,844,equal,True,Equal,19,Sentence Ending,False,False,DNGNFXGW_s019,Correct Ending
DNGNFXGW,198.0,She,845.0,848.0,198,She,845,848,equal,True,Equal,20,Sentence Beginning,False,False,DNGNFXGW_s020,Correct Beginning
DNGNFXGW,199.0,creeped,849.0,856.0,199,creeped,849,856,equal,True,Equal,20,,False,False,DNGNFXGW_s020,
DNGNFXGW,200.0,through,857.0,864.0,200,through,857,864,equal,True,Equal,20,,False,False,DNGNFXGW_s020,
DNGNFXGW,201.0,the,865.0,868.0,201,the,865,868,equal,True,Equal,20,,False,False,DNGNFXGW_s020,
DNGNFXGW,202.0,hallways,869.0,877.0,202,hallways,869,877,equal,True,Equal,20,,False,False,DNGNFXGW_s020,
DNGNFXGW,203.0,",",877.0,878.0,203,",",877,878,equal,True,Equal,20,,False,False,DNGNFXGW_s020,
DNGNFXGW,204.0,alert,879.0,884.0,204,alert,879,884,equal,True,Equal,20,,False,False,DNGNFXGW_s020,
DNGNFXGW,205.0,to,885.0,887.0,205,to,885,887,equal,True,Equal,20,,False,False,DNGNFXGW_s020,
DNGNFXGW,206.0,every,888.0,893.0,206,every,888,893,equal,True,Equal,20,,False,False,DNGNFXGW_s020,
DNGNFXGW,207.0,sound,894.0,899.0,207,sound,894,899,equal,True,Equal,20,,False,False,DNGNFXGW_s020,
DNGNFXGW,208.0,.,899.0,900.0,208,.,899,900,equal,True,Equal,20,Sentence Ending,False,False,DNGNFXGW_s020,Correct Ending
DNGNFXGW,209.0,The,901.0,904.0,209,The,901,904,equal,True,Equal,21,Sentence Beginning,False,False,DNGNFXGW_s021,Correct Beginning
DNGNFXGW,210.0,rocks,905.0,910.0,210,rocks,905,910,equal,True,Equal,21,,False,False,DNGNFXGW_s021,
DNGNFXGW,211.0,were,911.0,915.0,211,were,911,915,equal,True,Equal,21,,False,False,DNGNFXGW_s021,
DNGNFXGW,212.0,warm,916.0,920.0,212,warm,916,920,equal,True,Equal,21,,False,False,DNGNFXGW_s021,
DNGNFXGW,213.0,",",920.0,921.0,213,",",920,921,equal,True,Equal,21,,False,False,DNGNFXGW_s021,
DNGNFXGW,214.0,and,922.0,925.0,214,and,922,925,equal,True,Equal,21,,False,False,DNGNFXGW_s021,
DNGNFXGW,215.0,as,926.0,928.0,215,as,926,928,equal,True,Equal,21,,False,False,DNGNFXGW_s021,
DNGNFXGW,216.0,Joel,929.0,933.0,216,Joel,929,933,equal,True,Equal,21,,False,False,DNGNFXGW_s021,
DNGNFXGW,217.0,progressed,934.0,944.0,217,progressed,934,944,equal,True,Equal,21,,False,False,DNGNFXGW_s021,
DNGNFXGW,218.0,",",944.0,945.0,218,",",944,945,equal,True,Equal,21,,False,False,DNGNFXGW_s021,
DNGNFXGW,219.0,she,946.0,949.0,219,she,946,949,equal,True,Equal,21,,False,False,DNGNFXGW_s021,
DNGNFXGW,220.0,was,950.0,953.0,220,was,950,953,equal,True,Equal,21,,False,False,DNGNFXGW_s021,
DNGNFXGW,221.0,thankful,954.0,962.0,221,thankful,954,962,equal,True,Equal,21,,False,False,DNGNFXGW_s021,
DNGNFXGW,222.0,she,963.0,966.0,222,she,963,966,equal,True,Equal,21,,False,False,DNGNFXGW_s021,
DNGNFXGW,223.0,was,967.0,970.0,223,was,967,970,equal,True,Equal,21,,False,False,DNGNFXGW_s021,
DNGNFXGW,224.0,wearing,971.0,978.0,224,wearing,971,978,equal,True,Equal,21,,False,False,DNGNFXGW_s021,
DNGNFXGW,225.0,thick,979.0,984.0,225,thick,979,984,equal,True,Equal,21,,False,False,DNGNFXGW_s021,
DNGNFXGW,226.0,shoes,985.0,990.0,226,shoes,985,990,equal,True,Equal,21,,False,False,DNGNFXGW_s021,
DNGNFXGW,227.0,.,990.0,991.0,227,.,990,991,equal,True,Equal,21,Sentence Ending,False,False,DNGNFXGW_s021,Correct Ending
DNGNFXGW,228.0,The,992.0,995.0,228,The,992,995,equal,True,Equal,22,Sentence Beginning,False,False,DNGNFXGW_s022,Correct Beginning
DNGNFXGW,229.0,floor,996.0,1001.0,229,floor,996,1001,equal,True,Equal,22,,False,False,DNGNFXGW_s022,
DNGNFXGW,230.0,could,1002.0,1007.0,230,could,1002,1007,equal,True,Equal,22,,False,False,DNGNFXGW_s022,
DNGNFXGW,231.0,have,1008.0,1012.0,231,have,1008,1012,equal,True,Equal,22,,False,False,DNGNFXGW_s022,
DNGNFXGW,232.0,burned,1013.0,1019.0,232,burned,1013,1019,equal,True,Equal,22,,False,False,DNGNFXGW_s022,
DNGNFXGW,233.0,her,1020.0,1023.0,233,her,1020,1023,equal,True,Equal,22,,False,False,DNGNFXGW_s022,
DNGNFXGW,234.0,feet,1024.0,1028.0,234,feet,1024,1028,equal,True,Equal,22,,False,False,DNGNFXGW_s022,
DNGNFXGW,235.0,off,1029.0,1032.0,235,off,1029,1032,equal,True,Equal,22,,False,False,DNGNFXGW_s022,
DNGNFXGW,236.0,.,1032.0,1033.0,236,.,1032,1033,equal,True,Equal,22,Sentence Ending,False,False,DNGNFXGW_s022,Correct Ending
DNGNFXGW,237.0,Finally,1034.0,1041.0,237,Finally,1034,1041,equal,True,Equal,23,Sentence Beginning,False,False,DNGNFXGW_s023,Correct Beginning
DNGNFXGW,238.0,",",1041.0,1042.0,238,",",1041,1042,equal,True,Equal,23,,False,False,DNGNFXGW_s023,
DNGNFXGW,239.0,she,1043.0,1046.0,239,she,1043,1046,equal,True,Equal,23,,False,False,DNGNFXGW_s023,
DNGNFXGW,240.0,reached,1047.0,1054.0,240,reached,1047,1054,equal,True,Equal,23,,False,False,DNGNFXGW_s023,
DNGNFXGW,241.0,the,1055.0,1058.0,241,the,1055,1058,equal,True,Equal,23,,False,False,DNGNFXGW_s023,
DNGNFXGW,242.0,treasury,1059.0,1067.0,242,treasury,1059,1067,equal,True,Equal,23,,False,False,DNGNFXGW_s023,
DNGNFXGW,243.0,.,1067.0,1068.0,243,.,1067,1068,equal,True,Equal,23,Sentence Ending,False,False,DNGNFXGW_s023,Correct Ending
DNGNFXGW,244.0,Her,1069.0,1072.0,244,Her,1069,1072,equal,True,Equal,24,Sentence Beginning,False,False,DNGNFXGW_s024,Correct Beginning
DNGNFXGW,245.0,hands,1073.0,1078.0,245,hands,1073,1078,equal,True,Equal,24,,False,False,DNGNFXGW_s024,
DNGNFXGW,246.0,gripped,1079.0,1086.0,246,gripped,1079,1086,equal,True,Equal,24,,False,False,DNGNFXGW_s024,
DNGNFXGW,247.0,the,1087.0,1090.0,247,the,1087,1090,equal,True,Equal,24,,False,False,DNGNFXGW_s024,
DNGNFXGW,248.0,hilt,1091.0,1095.0,248,hilt,1091,1095,equal,True,Equal,24,,False,False,DNGNFXGW_s024,
DNGNFXGW,249.0,of,1096.0,1098.0,249,of,1096,1098,equal,True,Equal,24,,False,False,DNGNFXGW_s024,
DNGNFXGW,250.0,her,1099.0,1102.0,250,her,1099,1102,equal,True,Equal,24,,False,False,DNGNFXGW_s024,
DNGNFXGW,251.0,sword,1103.0,1108.0,251,sword,1103,1108,equal,True,Equal,24,,False,False,DNGNFXGW_s024,
DNGNFXGW,252.0,as,1109.0,1111.0,252,as,1109,1111,equal,True,Equal,24,,False,False,DNGNFXGW_s024,
DNGNFXGW,253.0,she,1112.0,1115.0,253,she,1112,1115,equal,True,Equal,24,,False,False,DNGNFXGW_s024,
DNGNFXGW,254.0,unsheathed,1116.0,1126.0,254,unsheathed,1116,1126,equal,True,Equal,24,,False,False,DNGNFXGW_s024,
DNGNFXGW,255.0,it,1127.0,1129.0,255,it,1127,1129,equal,True,Equal,24,,False,False,DNGNFXGW_s024,
DNGNFXGW,256.0,steadily,1130.0,1138.0,256,steadily,1130,1138,equal,True,Equal,24,,False,False,DNGNFXGW_s024,
DNGNFXGW,257.0,",",1138.0,1139.0,257,",",1138,1139,equal,True,Equal,24,,False,False,DNGNFXGW_s024,
DNGNFXGW,258.0,slowly,1140.0,1146.0,258,slowly,1140,1146,equal,True,Equal,24,,False,False,DNGNFXGW_s024,
DNGNFXGW,259.0,.,1146.0,1147.0,259,.,1146,1147,equal,True,Equal,24,Sentence Ending,False,False,DNGNFXGW_s024,Correct Ending
DNGNFXGW,260.0,She,1148.0,1151.0,260,She,1148,1151,equal,True,Equal,25,Sentence Beginning,False,False,DNGNFXGW_s025,Correct Beginning
DNGNFXGW,261.0,didn,1152.0,1156.0,261,didn,1152,1156,equal,True,Equal,25,,False,False,DNGNFXGW_s025,
DNGNFXGW,262.0,',1156.0,1157.0,262,',1156,1157,equal,True,Equal,25,,False,False,DNGNFXGW_s025,
DNGNFXGW,263.0,t,1157.0,1158.0,263,t,1157,1158,equal,True,Equal,25,,False,False,DNGNFXGW_s025,
DNGNFXGW,264.0,want,1159.0,1163.0,264,want,1159,1163,equal,True,Equal,25,,False,False,DNGNFXGW_s025,
DNGNFXGW,265.0,to,1164.0,1166.0,265,to,1164,1166,equal,True,Equal,25,,False,False,DNGNFXGW_s025,
DNGNFXGW,266.0,wake,1167.0,1171.0,266,wake,1167,1171,equal,True,Equal,25,,False,False,DNGNFXGW_s025,
DNGNFXGW,267.0,the,1172.0,1175.0,267,the,1172,1175,equal,True,Equal,25,,False,False,DNGNFXGW_s025,
DNGNFXGW,268.0,beast,1176.0,1181.0,268,beast,1176,1181,equal,True,Equal,25,,False,False,DNGNFXGW_s025,
DNGNFXGW,269.0,.,1181.0,1182.0,269,.,1181,1182,equal,True,Equal,25,Sentence Ending,False,False,DNGNFXGW_s025,Correct Ending
DNGNFXGW,270.0,She,1183.0,1186.0,270,She,1183,1186,equal,True,Equal,26,Sentence Beginning,False,False,DNGNFXGW_s026,Correct Beginning
DNGNFXGW,271.0,crept,1187.0,1192.0,271,crept,1187,1192,equal,True,Equal,26,,False,False,DNGNFXGW_s026,
DNGNFXGW,272.0,carefully,1193.0,1202.0,272,carefully,1193,1202,equal,True,Equal,26,,False,False,DNGNFXGW_s026,
DNGNFXGW,273.0,across,1203.0,1209.0,273,across,1203,1209,equal,True,Equal,26,,False,False,DNGNFXGW_s026,
DNGNFXGW,274.0,mountains,1210.0,1219.0,274,mountains,1210,1219,equal,True,Equal,26,,False,False,DNGNFXGW_s026,
DNGNFXGW,275.0,of,1220.0,1222.0,275,of,1220,1222,equal,True,Equal,26,,False,False,DNGNFXGW_s026,
DNGNFXGW,276.0,gold,1223.0,1227.0,276,gold,1223,1227,equal,True,Equal,26,,False,False,DNGNFXGW_s026,
DNGNFXGW,277.0,",",1227.0,1228.0,277,",",1227,1228,equal,True,Equal,26,,False,False,DNGNFXGW_s026,
DNGNFXGW,278.0,and,1229.0,1232.0,278,and,1229,1232,equal,True,Equal,26,,False,False,DNGNFXGW_s026,
DNGNFXGW,279.0,rivers,1233.0,1239.0,279,rivers,1233,1239,equal,True,Equal,26,,False,False,DNGNFXGW_s026,
DNGNFXGW,280.0,of,1240.0,1242.0,280,of,1240,1242,equal,True,Equal,26,,False,False,DNGNFXGW_s026,
DNGNFXGW,281.0,silver,1243.0,1249.0,281,silver,1243,1249,equal,True,Equal,26,,False,False,DNGNFXGW_s026,
DNGNFXGW,282.0,.,1249.0,1250.0,282,.,1249,1250,equal,True,Equal,26,Sentence Ending,False,False,DNGNFXGW_s026,Correct Ending
DNGNFXGW,283.0,Joel,1251.0,1255.0,283,Joel,1251,1255,equal,True,Equal,27,Sentence Beginning,False,False,DNGNFXGW_s027,Correct Beginning
DNGNFXGW,284.0,did,1256.0,1259.0,284,did,1256,1259,equal,True,Equal,27,,False,False,DNGNFXGW_s027,
DNGNFXGW,285.0,not,1260.0,1263.0,285,not,1260,1263,equal,True,Equal,27,,False,False,DNGNFXGW_s027,
DNGNFXGW,286.0,notice,1264.0,1270.0,286,notice,1264,1270,equal,True,Equal,27,,False,False,DNGNFXGW_s027,
DNGNFXGW,287.0,anything,1271.0,1279.0,287,anything,1271,1279,equal,True,Equal,27,,False,False,DNGNFXGW_s027,
DNGNFXGW,288.0,monsterous,1280.0,1290.0,288,monsterous,1280,1290,equal,True,Equal,27,,False,False,DNGNFXGW_s027,
DNGNFXGW,289.0,",",1290.0,1291.0,289,",",1290,1291,equal,True,Equal,27,,False,False,DNGNFXGW_s027,
DNGNFXGW,290.0,when,1292.0,1296.0,290,when,1292,1296,equal,True,Equal,27,,False,False,DNGNFXGW_s027,
DNGNFXGW,291.0,a,1297.0,1298.0,291,a,1297,1298,equal,True,Equal,27,,False,False,DNGNFXGW_s027,
DNGNFXGW,292.0,particularly,1299.0,1311.0,292,particularly,1299,1311,equal,True,Equal,27,,False,False,DNGNFXGW_s027,
DNGNFXGW,293.0,hot,1312.0,1315.0,293,hot,1312,1315,equal,True,Equal,27,,False,False,DNGNFXGW_s027,
DNGNFXGW,294.0,breeze,1316.0,1322.0,294,breeze,1316,1322,equal,True,Equal,27,,False,False,DNGNFXGW_s027,
DNGNFXGW,295.0,caught,1323.0,1329.0,295,caught,1323,1329,equal,True,Equal,27,,False,False,DNGNFXGW_s027,
DNGNFXGW,296.0,her,1330.0,1333.0,296,her,1330,1333,equal,True,Equal,27,,False,False,DNGNFXGW_s027,
DNGNFXGW,297.0,.,1333.0,1334.0,297,.,1333,1334,equal,True,Equal,27,Sentence Ending,False,False,DNGNFXGW_s027,Correct Ending
DNGNFXGW,298.0,She,1335.0,1338.0,298,She,1335,1338,equal,True,Equal,28,Sentence Beginning,False,False,DNGNFXGW_s028,Correct Beginning
DNGNFXGW,299.0,hissed,1339.0,1345.0,299,hissed,1339,1345,equal,True,Equal,28,,False,False,DNGNFXGW_s028,
DNGNFXGW,300.0,in,1346.0,1348.0,300,in,1346,1348,equal,True,Equal,28,,False,False,DNGNFXGW_s028,
DNGNFXGW,301.0,annoyance,1349.0,1358.0,301,annoyance,1349,1358,equal,True,Equal,28,,False,False,DNGNFXGW_s028,
DNGNFXGW,302.0,",",1358.0,1359.0,302,",",1358,1359,equal,True,Equal,28,,False,False,DNGNFXGW_s028,
DNGNFXGW,303.0,before,1360.0,1366.0,303,before,1360,1366,equal,True,Equal,28,,False,False,DNGNFXGW_s028,
DNGNFXGW,304.0,her,1367.0,1370.0,304,her,1367,1370,equal,True,Equal,28,,False,False,DNGNFXGW_s028,
DNGNFXGW,305.0,heart,1371.0,1376.0,305,heart,1371,1376,equal,True,Equal,28,,False,False,DNGNFXGW_s028,
DNGNFXGW,306.0,skipped,1377.0,1384.0,306,skipped,1377,1384,equal,True,Equal,28,,False,False,DNGNFXGW_s028,
DNGNFXGW,307.0,a,1385.0,1386.0,307,a,1385,1386,equal,True,Equal,28,,False,False,DNGNFXGW_s028,
DNGNFXGW,308.0,beat,1387.0,1391.0,308,beat,1387,1391,equal,True,Equal,28,,False,False,DNGNFXGW_s028,
DNGNFXGW,309.0,.,1391.0,1392.0,309,.,1391,1392,equal,True,Equal,28,Sentence Ending,False,False,DNGNFXGW_s028,Correct Ending
DNGNFXGW,310.0,There,1393.0,1398.0,310,There,1393,1398,equal,True,Equal,29,Sentence Beginning,False,False,DNGNFXGW_s029,Correct Beginning
DNGNFXGW,311.0,were,1399.0,1403.0,311,were,1399,1403,equal,True,Equal,29,,False,False,DNGNFXGW_s029,
DNGNFXGW,312.0,no,1404.0,1406.0,312,no,1404,1406,equal,True,Equal,29,,False,False,DNGNFXGW_s029,
DNGNFXGW,313.0,windows,1407.0,1414.0,313,windows,1407,1414,equal,True,Equal,29,,False,False,DNGNFXGW_s029,
DNGNFXGW,314.0,.,1414.0,1415.0,314,.,1414,1415,equal,True,Equal,29,Sentence Ending,False,False,DNGNFXGW_s029,Correct Ending
DNGNFXGW,315.0,And,1416.0,1419.0,315,And,1416,1419,equal,True,Equal,30,Sentence Beginning,False,False,DNGNFXGW_s030,Correct Beginning
DNGNFXGW,316.0,then,1420.0,1424.0,316,then,1420,1424,equal,True,Equal,30,,False,False,DNGNFXGW_s030,
DNGNFXGW,317.0,",",1424.0,1425.0,317,",",1424,1425,equal,True,Equal,30,,False,False,DNGNFXGW_s030,
DNGNFXGW,318.0,all,1426.0,1429.0,318,all,1426,1429,equal,True,Equal,30,,False,False,DNGNFXGW_s030,
DNGNFXGW,319.0,she,1430.0,1433.0,319,she,1430,1433,equal,True,Equal,30,,False,False,DNGNFXGW_s030,
DNGNFXGW,320.0,heard,1434.0,1439.0,320,heard,1434,1439,equal,True,Equal,30,,False,False,DNGNFXGW_s030,
DNGNFXGW,321.0,was,1440.0,1443.0,321,was,1440,1443,equal,True,Equal,30,,False,False,DNGNFXGW_s030,
DNGNFXGW,322.0,the,1444.0,1447.0,322,the,1444,1447,equal,True,Equal,30,,False,False,DNGNFXGW_s030,
DNGNFXGW,323.0,clanging,1448.0,1456.0,323,clanging,1448,1456,equal,True,Equal,30,,False,False,DNGNFXGW_s030,
DNGNFXGW,324.0,of,1457.0,1459.0,324,of,1457,1459,equal,True,Equal,30,,False,False,DNGNFXGW_s030,
DNGNFXGW,325.0,goblets,1460.0,1467.0,325,goblets,1460,1467,equal,True,Equal,30,,False,False,DNGNFXGW_s030,
DNGNFXGW,326.0,",",1467.0,1468.0,326,",",1467,1468,equal,True,Equal,30,,False,False,DNGNFXGW_s030,
DNGNFXGW,327.0,the,1469.0,1472.0,327,the,1469,1472,equal,True,Equal,30,,False,False,DNGNFXGW_s030,
DNGNFXGW,328.0,hiss,1473.0,1477.0,328,hiss,1473,1477,equal,True,Equal,30,,False,False,DNGNFXGW_s030,
DNGNFXGW,329.0,of,1478.0,1480.0,329,of,1478,1480,equal,True,Equal,30,,False,False,DNGNFXGW_s030,
DNGNFXGW,330.0,coins,1481.0,1486.0,330,coins,1481,1486,equal,True,Equal,30,,False,False,DNGNFXGW_s030,
DNGNFXGW,331.0,as,1487.0,1489.0,331,as,1487,1489,equal,True,Equal,30,,False,False,DNGNFXGW_s030,
DNGNFXGW,332.0,they,1490.0,1494.0,332,they,1490,1494,equal,True,Equal,30,,False,False,DNGNFXGW_s030,
DNGNFXGW,333.0,slid,1495.0,1499.0,333,slid,1495,1499,equal,True,Equal,30,,False,False,DNGNFXGW_s030,
DNGNFXGW,334.0,off,1500.0,1503.0,334,off,1500,1503,equal,True,Equal,30,,False,False,DNGNFXGW_s030,
DNGNFXGW,335.0,the,1504.0,1507.0,335,the,1504,1507,equal,True,Equal,30,,False,False,DNGNFXGW_s030,
DNGNFXGW,336.0,giant,1508.0,1513.0,336,giant,1508,1513,equal,True,Equal,30,,False,False,DNGNFXGW_s030,
DNGNFXGW,337.0,dragon,1514.0,1520.0,337,dragon,1514,1520,equal,True,Equal,30,,False,False,DNGNFXGW_s030,
DNGNFXGW,338.0,.,1520.0,1521.0,338,.,1520,1521,equal,True,Equal,30,Sentence Ending,False,False,DNGNFXGW_s030,Correct Ending
DNGNFXGW,339.0,Joel,1522.0,1526.0,339,Joel,1522,1526,equal,True,Equal,31,Sentence Beginning,False,False,DNGNFXGW_s031,Correct Beginning
DNGNFXGW,340.0,turned,1527.0,1533.0,340,turned,1527,1533,equal,True,Equal,31,,False,False,DNGNFXGW_s031,
DNGNFXGW,341.0,and,1534.0,1537.0,341,and,1534,1537,equal,True,Equal,31,,False,False,DNGNFXGW_s031,
DNGNFXGW,342.0,came,1538.0,1542.0,342,came,1538,1542,equal,True,Equal,31,,False,False,DNGNFXGW_s031,
DNGNFXGW,343.0,face,1543.0,1547.0,343,face,1543,1547,equal,True,Equal,31,,False,False,DNGNFXGW_s031,
DNGNFXGW,344.0,to,1548.0,1550.0,344,to,1548,1550,equal,True,Equal,31,,False,False,DNGNFXGW_s031,
DNGNFXGW,345.0,face,1551.0,1555.0,345,face,1551,1555,equal,True,Equal,31,,False,False,DNGNFXGW_s031,
DNGNFXGW,346.0,with,1556.0,1560.0,346,with,1556,1560,equal,True,Equal,31,,False,False,DNGNFXGW_s031,
DNGNFXGW,347.0,the,1561.0,1564.0,347,the,1561,1564,equal,True,Equal,31,,False,False,DNGNFXGW_s031,
DNGNFXGW,348.0,mighty,1565.0,1571.0,348,mighty,1565,1571,equal,True,Equal,31,,False,False,DNGNFXGW_s031,
DNGNFXGW,349.0,red,1572.0,1575.0,349,red,1572,1575,equal,True,Equal,31,,False,False,DNGNFXGW_s031,
DNGNFXGW,350.0,lizard,1576.0,1582.0,350,lizard,1576,1582,equal,True,Equal,31,,False,False,DNGNFXGW_s031,
DNGNFXGW,351.0,",",1582.0,1583.0,351,",",1582,1583,equal,True,Equal,31,,False,False,DNGNFXGW_s031,
DNGNFXGW,352.0,wings,1584.0,1589.0,352,wings,1584,1589,equal,True,Equal,31,,False,False,DNGNFXGW_s031,
DNGNFXGW,353.0,spread,1590.0,1596.0,353,spread,1590,1596,equal,True,Equal,31,,False,False,DNGNFXGW_s031,
DNGNFXGW,354.0,wide,1597.0,1601.0,354,wide,1597,1601,equal,True,Equal,31,,False,False,DNGNFXGW_s031,
DNGNFXGW,355.0,",",1601.0,1602.0,355,",",1601,1602,equal,True,Equal,31,,False,False,DNGNFXGW_s031,
DNGNFXGW,356.0,eyes,1603.0,1607.0,356,eyes,1603,1607,equal,True,Equal,31,,False,False,DNGNFXGW_s031,
DNGNFXGW,357.0,as,1608.0,1610.0,357,as,1608,1610,equal,True,Equal,31,,False,False,DNGNFXGW_s031,
DNGNFXGW,358.0,fiery,1611.0,1616.0,358,fiery,1611,1616,equal,True,Equal,31,,False,False,DNGNFXGW_s031,
DNGNFXGW,359.0,as,1617.0,1619.0,359,as,1617,1619,equal,True,Equal,31,,False,False,DNGNFXGW_s031,
DNGNFXGW,360.0,its,1620.0,1623.0,360,its,1620,1623,equal,True,Equal,31,,False,False,DNGNFXGW_s031,
DNGNFXGW,361.0,insides,1624.0,1631.0,361,insides,1624,1631,equal,True,Equal,31,,False,False,DNGNFXGW_s031,
DNGNFXGW,362.0,.,1631.0,1632.0,362,.,1631,1632,equal,True,Equal,31,Sentence Ending,False,False,DNGNFXGW_s031,Correct Ending
DNGNFXGW,363.0,They,1633.0,1637.0,363,They,1633,1637,equal,True,Equal,32,Sentence Beginning,False,False,DNGNFXGW_s032,Correct Beginning
DNGNFXGW,364.0,locked,1638.0,1644.0,364,locked,1638,1644,equal,True,Equal,32,,False,False,DNGNFXGW_s032,
DNGNFXGW,365.0,gaze,1645.0,1649.0,365,gaze,1645,1649,equal,True,Equal,32,,False,False,DNGNFXGW_s032,
DNGNFXGW,366.0,.,1649.0,1650.0,366,.,1649,1650,equal,True,Equal,32,Sentence Ending,False,False,DNGNFXGW_s032,Correct Ending
DNGNFXGW,367.0,And,1651.0,1654.0,367,And,1651,1654,equal,True,Equal,33,Sentence Beginning,False,False,DNGNFXGW_s033,Correct Beginning
DNGNFXGW,368.0,Joel,1655.0,1659.0,368,Joel,1655,1659,equal,True,Equal,33,,False,False,DNGNFXGW_s033,
DNGNFXGW,369.0,',1659.0,1660.0,369,',1659,1660,equal,True,Equal,33,,False,False,DNGNFXGW_s033,
DNGNFXGW,370.0,s,1660.0,1661.0,370,s,1660,1661,equal,True,Equal,33,,False,False,DNGNFXGW_s033,
DNGNFXGW,371.0,heart,1662.0,1667.0,371,heart,1662,1667,equal,True,Equal,33,,False,False,DNGNFXGW_s033,
DNGNFXGW,372.0,exploded,1668.0,1676.0,372,exploded,1668,1676,equal,True,Equal,33,,False,False,DNGNFXGW_s033,
DNGNFXGW,373.0,.,1676.0,1677.0,373,.,1676,1677,equal,True,Equal,33,Sentence Ending,False,False,DNGNFXGW_s033,Correct Ending
DNGNFXGW,374.0,She,1678.0,1681.0,374,She,1678,1681,equal,True,Equal,34,Sentence Beginning,False,False,DNGNFXGW_s034,Correct Beginning
DNGNFXGW,375.0,dashed,1682.0,1688.0,375,dashed,1682,1688,equal,True,Equal,34,,False,False,DNGNFXGW_s034,
DNGNFXGW,376.0,across,1689.0,1695.0,376,across,1689,1695,equal,True,Equal,34,,False,False,DNGNFXGW_s034,
DNGNFXGW,377.0,the,1696.0,1699.0,377,the,1696,1699,equal,True,Equal,34,,False,False,DNGNFXGW_s034,
DNGNFXGW,378.0,now,1700.0,1703.0,378,now,1700,1703,equal,True,Equal,34,,False,False,DNGNFXGW_s034,
DNGNFXGW,379.0,moving,1704.0,1710.0,379,moving,1704,1710,equal,True,Equal,34,,False,False,DNGNFXGW_s034,
DNGNFXGW,380.0,treasure,1711.0,1719.0,380,treasure,1711,1719,equal,True,Equal,34,,False,False,DNGNFXGW_s034,
DNGNFXGW,381.0,as,1720.0,1722.0,381,as,1720,1722,equal,True,Equal,34,,False,False,DNGNFXGW_s034,
DNGNFXGW,382.0,the,1723.0,1726.0,382,the,1723,1726,equal,True,Equal,34,,False,False,DNGNFXGW_s034,
DNGNFXGW,383.0,dragon,1727.0,1733.0,383,dragon,1727,1733,equal,True,Equal,34,,False,False,DNGNFXGW_s034,
DNGNFXGW,384.0,shook,1734.0,1739.0,384,shook,1734,1739,equal,True,Equal,34,,False,False,DNGNFXGW_s034,
DNGNFXGW,385.0,itself,1740.0,1746.0,385,itself,1740,1746,equal,True,Equal,34,,False,False,DNGNFXGW_s034,
DNGNFXGW,386.0,free,1747.0,1751.0,386,free,1747,1751,equal,True,Equal,34,,False,False,DNGNFXGW_s034,
DNGNFXGW,387.0,and,1752.0,1755.0,387,and,1752,1755,equal,True,Equal,34,,False,False,DNGNFXGW_s034,
DNGNFXGW,388.0,took,1756.0,1760.0,388,took,1756,1760,equal,True,Equal,34,,False,False,DNGNFXGW_s034,
DNGNFXGW,389.0,a,1761.0,1762.0,389,a,1761,1762,equal,True,Equal,34,,False,False,DNGNFXGW_s034,
DNGNFXGW,390.0,deep,1763.0,1767.0,390,deep,1763,1767,equal,True,Equal,34,,False,False,DNGNFXGW_s034,
DNGNFXGW,391.0,breath,1768.0,1774.0,391,breath,1768,1774,equal,True,Equal,34,,False,False,DNGNFXGW_s034,
DNGNFXGW,392.0,.,1774.0,1775.0,392,.,1774,1775,equal,True,Equal,34,Sentence Ending,False,False,DNGNFXGW_s034,Correct Ending
DNGNFXGW,393.0,She,1776.0,1779.0,393,She,1776,1779,equal,True,Equal,35,Sentence Beginning,False,False,DNGNFXGW_s035,Correct Beginning
DNGNFXGW,394.0,ran,1780.0,1783.0,394,ran,1780,1783,equal,True,Equal,35,,False,False,DNGNFXGW_s035,
DNGNFXGW,395.0,and,1784.0,1787.0,395,and,1784,1787,equal,True,Equal,35,,False,False,DNGNFXGW_s035,
DNGNFXGW,396.0,ran,1788.0,1791.0,396,ran,1788,1791,equal,True,Equal,35,,False,False,DNGNFXGW_s035,
DNGNFXGW,397.0,",",1791.0,1792.0,397,",",1791,1792,equal,True,Equal,35,,False,False,DNGNFXGW_s035,
DNGNFXGW,398.0,until,1793.0,1798.0,398,until,1793,1798,equal,True,Equal,35,,False,False,DNGNFXGW_s035,
DNGNFXGW,399.0,she,1799.0,1802.0,399,she,1799,1802,equal,True,Equal,35,,False,False,DNGNFXGW_s035,
DNGNFXGW,400.0,could,1803.0,1808.0,400,could,1803,1808,equal,True,Equal,35,,False,False,DNGNFXGW_s035,
DNGNFXGW,401.0,see,1809.0,1812.0,401,see,1809,1812,equal,True,Equal,35,,False,False,DNGNFXGW_s035,
DNGNFXGW,402.0,cover,1813.0,1818.0,402,cover,1813,1818,equal,True,Equal,35,,False,False,DNGNFXGW_s035,
DNGNFXGW,403.0,.,1818.0,1819.0,403,.,1818,1819,equal,True,Equal,35,Sentence Ending,False,False,DNGNFXGW_s035,Correct Ending
DNGNFXGW,404.0,THERE,1819.0,1824.0,404,THERE,1819,1824,equal,True,Equal,36,Sentence Beginning,False,False,DNGNFXGW_s036,Correct Beginning
DNGNFXGW,405.0,!,1824.0,1825.0,405,!,1824,1825,equal,True,Equal,36,Sentence Ending,False,False,DNGNFXGW_s036,Correct Ending
DNGNFXGW,406.0,.,1825.0,1826.0,406,.,1825,1826,equal,True,Equal,37,Sentence Ending,False,False,DNGNFXGW_s037,Correct Ending
DNGNFXGW,407.0,A,1827.0,1828.0,407,A,1827,1828,equal,True,Equal,38,Sentence Beginning,False,False,DNGNFXGW_s038,Correct Beginning
DNGNFXGW,408.0,pillar,1829.0,1835.0,408,pillar,1829,1835,equal,True,Equal,38,,False,False,DNGNFXGW_s038,
DNGNFXGW,409.0,stood,1836.0,1841.0,409,stood,1836,1841,equal,True,Equal,38,,False,False,DNGNFXGW_s038,
DNGNFXGW,410.0,in,1842.0,1844.0,410,in,1842,1844,equal,True,Equal,38,,False,False,DNGNFXGW_s038,
DNGNFXGW,411.0,the,1845.0,1848.0,411,the,1845,1848,equal,True,Equal,38,,False,False,DNGNFXGW_s038,
DNGNFXGW,412.0,middle,1849.0,1855.0,412,middle,1849,1855,equal,True,Equal,38,,False,False,DNGNFXGW_s038,
DNGNFXGW,413.0,of,1856.0,1858.0,413,of,1856,1858,equal,True,Equal,38,,False,False,DNGNFXGW_s038,
DNGNFXGW,414.0,her,1859.0,1862.0,414,her,1859,1862,equal,True,Equal,38,,False,False,DNGNFXGW_s038,
DNGNFXGW,415.0,room,1863.0,1867.0,415,room,1863,1867,equal,True,Equal,38,,False,False,DNGNFXGW_s038,
DNGNFXGW,416.0,.,1867.0,1868.0,416,.,1867,1868,equal,True,Equal,38,Sentence Ending,False,False,DNGNFXGW_s038,Correct Ending
DNGNFXGW,417.0,She,1869.0,1872.0,417,She,1869,1872,equal,True,Equal,39,Sentence Beginning,False,False,DNGNFXGW_s039,Correct Beginning
DNGNFXGW,418.0,leaped,1873.0,1879.0,418,leaped,1873,1879,equal,True,Equal,39,,False,False,DNGNFXGW_s039,
DNGNFXGW,419.0,behind,1880.0,1886.0,419,behind,1880,1886,equal,True,Equal,39,,False,False,DNGNFXGW_s039,
DNGNFXGW,420.0,it,1887.0,1889.0,420,it,1887,1889,equal,True,Equal,39,,False,False,DNGNFXGW_s039,
DNGNFXGW,421.0,as,1890.0,1892.0,421,as,1890,1892,equal,True,Equal,39,,False,False,DNGNFXGW_s039,
DNGNFXGW,422.0,soon,1893.0,1897.0,422,soon,1893,1897,equal,True,Equal,39,,False,False,DNGNFXGW_s039,
DNGNFXGW,423.0,an,1898.0,1900.0,423,an,1898,1900,equal,True,Equal,39,,False,False,DNGNFXGW_s039,
DNGNFXGW,424.0,the,1901.0,1904.0,424,the,1901,1904,equal,True,Equal,39,,False,False,DNGNFXGW_s039,
DNGNFXGW,425.0,dragon,1905.0,1911.0,425,dragon,1905,1911,equal,True,Equal,39,,False,False,DNGNFXGW_s039,
DNGNFXGW,426.0,',1911.0,1912.0,426,',1911,1912,equal,True,Equal,39,,False,False,DNGNFXGW_s039,
DNGNFXGW,427.0,s,1912.0,1913.0,427,s,1912,1913,equal,True,Equal,39,,False,False,DNGNFXGW_s039,
DNGNFXGW,428.0,breath,1914.0,1920.0,428,breath,1914,1920,equal,True,Equal,39,,False,False,DNGNFXGW_s039,
DNGNFXGW,429.0,ignited,1921.0,1928.0,429,ignited,1921,1928,equal,True,Equal,39,,False,False,DNGNFXGW_s039,
DNGNFXGW,430.0,",",1928.0,1929.0,430,",",1928,1929,equal,True,Equal,39,,False,False,DNGNFXGW_s039,
DNGNFXGW,431.0,flame,1930.0,1935.0,431,flame,1930,1935,equal,True,Equal,39,,False,False,DNGNFXGW_s039,
DNGNFXGW,432.0,licking,1936.0,1943.0,432,licking,1936,1943,equal,True,Equal,39,,False,False,DNGNFXGW_s039,
DNGNFXGW,433.0,her,1944.0,1947.0,433,her,1944,1947,equal,True,Equal,39,,False,False,DNGNFXGW_s039,
DNGNFXGW,434.0,back,1948.0,1952.0,434,back,1948,1952,equal,True,Equal,39,,False,False,DNGNFXGW_s039,
DNGNFXGW,435.0,.,1952.0,1953.0,435,.,1952,1953,equal,True,Equal,39,Sentence Ending,False,False,DNGNFXGW_s039,Correct Ending
DNGNFXGW,436.0,Joel,1954.0,1958.0,436,Joel,1954,1958,equal,True,Equal,40,Sentence Beginning,False,False,DNGNFXGW_s040,Correct Beginning
DNGNFXGW,437.0,took,1959.0,1963.0,437,took,1959,1963,equal,True,Equal,40,,False,False,DNGNFXGW_s040,
DNGNFXGW,438.0,a,1964.0,1965.0,438,a,1964,1965,equal,True,Equal,40,,False,False,DNGNFXGW_s040,
DNGNFXGW,439.0,deep,1966.0,1970.0,439,deep,1966,1970,equal,True,Equal,40,,False,False,DNGNFXGW_s040,
DNGNFXGW,440.0,and,1971.0,1974.0,440,and,1971,1974,equal,True,Equal,40,,False,False,DNGNFXGW_s040,
DNGNFXGW,441.0,steady,1975.0,1981.0,441,steady,1975,1981,equal,True,Equal,40,,False,False,DNGNFXGW_s040,
DNGNFXGW,442.0,breath,1982.0,1988.0,442,breath,1982,1988,equal,True,Equal,40,,False,False,DNGNFXGW_s040,
DNGNFXGW,443.0,.,1988.0,1989.0,443,.,1988,1989,equal,True,Equal,40,Sentence Ending,False,False,DNGNFXGW_s040,Correct Ending
DNGNFXGW,444.0,She,1990.0,1993.0,444,She,1990,1993,equal,True,Equal,41,Sentence Beginning,False,False,DNGNFXGW_s041,Correct Beginning
DNGNFXGW,445.0,thought,1994.0,2001.0,445,thought,1994,2001,equal,True,Equal,41,,False,False,DNGNFXGW_s041,
DNGNFXGW,446.0,of,2002.0,2004.0,446,of,2002,2004,equal,True,Equal,41,,False,False,DNGNFXGW_s041,
DNGNFXGW,447.0,her,2005.0,2008.0,447,her,2005,2008,equal,True,Equal,41,,False,False,DNGNFXGW_s041,
DNGNFXGW,448.0,village,2009.0,2016.0,448,village,2009,2016,equal,True,Equal,41,,False,False,DNGNFXGW_s041,
DNGNFXGW,449.0,",",2016.0,2017.0,449,",",2016,2017,equal,True,Equal,41,,False,False,DNGNFXGW_s041,
DNGNFXGW,450.0,and,2018.0,2021.0,450,and,2018,2021,equal,True,Equal,41,,False,False,DNGNFXGW_s041,
DNGNFXGW,451.0,Berte,2022.0,2027.0,451,Berte,2022,2027,equal,True,Equal,41,,False,False,DNGNFXGW_s041,
DNGNFXGW,452.0,",",2027.0,2028.0,452,",",2027,2028,equal,True,Equal,41,,False,False,DNGNFXGW_s041,
DNGNFXGW,453.0,and,2029.0,2032.0,453,and,2029,2032,equal,True,Equal,41,,False,False,DNGNFXGW_s041,
DNGNFXGW,454.0,her,2033.0,2036.0,454,her,2033,2036,equal,True,Equal,41,,False,False,DNGNFXGW_s041,
DNGNFXGW,455.0,parents,2037.0,2044.0,455,parents,2037,2044,equal,True,Equal,41,,False,False,DNGNFXGW_s041,
DNGNFXGW,456.0,.,2044.0,2045.0,456,.,2044,2045,equal,True,Equal,41,Sentence Ending,False,False,DNGNFXGW_s041,Correct Ending
DNGNFXGW,457.0,And,2046.0,2049.0,457,And,2046,2049,equal,True,Equal,42,Sentence Beginning,False,False,DNGNFXGW_s042,Correct Beginning
DNGNFXGW,458.0,she,2050.0,2053.0,458,she,2050,2053,equal,True,Equal,42,,False,False,DNGNFXGW_s042,
DNGNFXGW,459.0,decided,2054.0,2061.0,459,decided,2054,2061,equal,True,Equal,42,,False,False,DNGNFXGW_s042,
DNGNFXGW,460.0,to,2062.0,2064.0,460,to,2062,2064,equal,True,Equal,42,,False,False,DNGNFXGW_s042,
DNGNFXGW,461.0,face,2065.0,2069.0,461,face,2065,2069,equal,True,Equal,42,,False,False,DNGNFXGW_s042,
DNGNFXGW,462.0,this,2070.0,2074.0,462,this,2070,2074,equal,True,Equal,42,,False,False,DNGNFXGW_s042,
DNGNFXGW,463.0,beast,2075.0,2080.0,463,beast,2075,2080,equal,True,Equal,42,,False,False,DNGNFXGW_s042,
DNGNFXGW,464.0,.,2080.0,2081.0,464,.,2080,2081,equal,True,Equal,42,Sentence Ending,False,False,DNGNFXGW_s042,Correct Ending
DNGNFXGW,465.0,For,2082.0,2085.0,465,For,2082,2085,equal,True,Equal,43,Sentence Beginning,False,False,DNGNFXGW_s043,Correct Beginning
DNGNFXGW,466.0,them,2086.0,2090.0,466,them,2086,2090,equal,True,Equal,43,,False,False,DNGNFXGW_s043,
DNGNFXGW,467.0,.,2090.0,2091.0,467,.,2090,2091,equal,True,Equal,43,Sentence Ending,False,False,DNGNFXGW_s043,Correct Ending
DNGNFXGW,468.0,Gasping,2092.0,2099.0,468,Gasping,2092,2099,equal,True,Equal,44,Sentence Beginning,False,False,DNGNFXGW_s044,Correct Beginning
DNGNFXGW,469.0,for,2100.0,2103.0,469,for,2100,2103,equal,True,Equal,44,,False,False,DNGNFXGW_s044,
DNGNFXGW,470.0,air,2104.0,2107.0,470,air,2104,2107,equal,True,Equal,44,,False,False,DNGNFXGW_s044,
DNGNFXGW,471.0,",",2107.0,2108.0,471,",",2107,2108,equal,True,Equal,44,,False,False,DNGNFXGW_s044,
DNGNFXGW,472.0,she,2109.0,2112.0,472,she,2109,2112,equal,True,Equal,44,,False,False,DNGNFXGW_s044,
DNGNFXGW,473.0,waited,2113.0,2119.0,473,waited,2113,2119,equal,True,Equal,44,,False,False,DNGNFXGW_s044,
DNGNFXGW,474.0,until,2120.0,2125.0,474,until,2120,2125,equal,True,Equal,44,,False,False,DNGNFXGW_s044,
DNGNFXGW,475.0,the,2126.0,2129.0,475,the,2126,2129,equal,True,Equal,44,,False,False,DNGNFXGW_s044,
DNGNFXGW,476.0,constant,2130.0,2138.0,476,constant,2130,2138,equal,True,Equal,44,,False,False,DNGNFXGW_s044,
DNGNFXGW,477.0,stream,2139.0,2145.0,477,stream,2139,2145,equal,True,Equal,44,,False,False,DNGNFXGW_s044,
DNGNFXGW,478.0,of,2146.0,2148.0,478,of,2146,2148,equal,True,Equal,44,,False,False,DNGNFXGW_s044,
DNGNFXGW,479.0,flame,2149.0,2154.0,479,flame,2149,2154,equal,True,Equal,44,,False,False,DNGNFXGW_s044,
DNGNFXGW,480.0,stopped,2155.0,2162.0,480,stopped,2155,2162,equal,True,Equal,44,,False,False,DNGNFXGW_s044,
DNGNFXGW,481.0,",",2162.0,2163.0,481,",",2162,2163,equal,True,Equal,44,,False,False,DNGNFXGW_s044,
DNGNFXGW,482.0,and,2164.0,2167.0,482,and,2164,2167,equal,True,Equal,44,,False,False,DNGNFXGW_s044,
DNGNFXGW,483.0,bolted,2168.0,2174.0,483,bolted,2168,2174,equal,True,Equal,44,,False,False,DNGNFXGW_s044,
DNGNFXGW,484.0,out,2175.0,2178.0,484,out,2175,2178,equal,True,Equal,44,,False,False,DNGNFXGW_s044,
DNGNFXGW,485.0,from,2179.0,2183.0,485,from,2179,2183,equal,True,Equal,44,,False,False,DNGNFXGW_s044,
DNGNFXGW,486.0,behind,2184.0,2190.0,486,behind,2184,2190,equal,True,Equal,44,,False,False,DNGNFXGW_s044,
DNGNFXGW,487.0,the,2191.0,2194.0,487,the,2191,2194,equal,True,Equal,44,,False,False,DNGNFXGW_s044,
DNGNFXGW,488.0,pillar,2195.0,2201.0,488,pillar,2195,2201,equal,True,Equal,44,,False,False,DNGNFXGW_s044,
DNGNFXGW,489.0,.,2201.0,2202.0,489,.,2201,2202,equal,True,Equal,44,Sentence Ending,False,False,DNGNFXGW_s044,Correct Ending
DNGNFXGW,490.0,The,2203.0,2206.0,490,The,2203,2206,equal,True,Equal,45,Sentence Beginning,False,False,DNGNFXGW_s045,Correct Beginning
DNGNFXGW,491.0,dragon,2207.0,2213.0,491,dragon,2207,2213,equal,True,Equal,45,,False,False,DNGNFXGW_s045,
DNGNFXGW,492.0,",",2213.0,2214.0,492,",",2213,2214,equal,True,Equal,45,,False,False,DNGNFXGW_s045,
DNGNFXGW,493.0,surprised,2215.0,2224.0,493,surprised,2215,2224,equal,True,Equal,45,,False,False,DNGNFXGW_s045,
DNGNFXGW,494.0,",",2224.0,2225.0,494,",",2224,2225,equal,True,Equal,45,,False,False,DNGNFXGW_s045,
DNGNFXGW,495.0,took,2226.0,2230.0,495,took,2226,2230,equal,True,Equal,45,,False,False,DNGNFXGW_s045,
DNGNFXGW,496.0,a,2231.0,2232.0,496,a,2231,2232,equal,True,Equal,45,,False,False,DNGNFXGW_s045,
DNGNFXGW,497.0,step,2233.0,2237.0,497,step,2233,2237,equal,True,Equal,45,,False,False,DNGNFXGW_s045,
DNGNFXGW,498.0,back,2238.0,2242.0,498,back,2238,2242,equal,True,Equal,45,,False,False,DNGNFXGW_s045,
DNGNFXGW,499.0,before,2243.0,2249.0,499,before,2243,2249,equal,True,Equal,45,,False,False,DNGNFXGW_s045,
DNGNFXGW,500.0,righting,2250.0,2258.0,500,righting,2250,2258,equal,True,Equal,45,,False,False,DNGNFXGW_s045,
DNGNFXGW,501.0,itself,2259.0,2265.0,501,itself,2259,2265,equal,True,Equal,45,,False,False,DNGNFXGW_s045,
DNGNFXGW,502.0,and,2266.0,2269.0,502,and,2266,2269,equal,True,Equal,45,,False,False,DNGNFXGW_s045,
DNGNFXGW,503.0,taking,2270.0,2276.0,503,taking,2270,2276,equal,True,Equal,45,,False,False,DNGNFXGW_s045,
DNGNFXGW,504.0,a,2277.0,2278.0,504,a,2277,2278,equal,True,Equal,45,,False,False,DNGNFXGW_s045,
DNGNFXGW,505.0,swing,2279.0,2284.0,505,swing,2279,2284,equal,True,Equal,45,,False,False,DNGNFXGW_s045,
DNGNFXGW,506.0,with,2285.0,2289.0,506,with,2285,2289,equal,True,Equal,45,,False,False,DNGNFXGW_s045,
DNGNFXGW,507.0,it,2290.0,2292.0,507,it,2290,2292,equal,True,Equal,45,,False,False,DNGNFXGW_s045,
DNGNFXGW,508.0,',2292.0,2293.0,508,',2292,2293,equal,True,Equal,45,,False,False,DNGNFXGW_s045,
DNGNFXGW,509.0,s,2293.0,2294.0,509,s,2293,2294,equal,True,Equal,45,,False,False,DNGNFXGW_s045,
DNGNFXGW,510.0,mighty,2295.0,2301.0,510,mighty,2295,2301,equal,True,Equal,45,,False,False,DNGNFXGW_s045,
DNGNFXGW,511.0,claws,2302.0,2307.0,511,claws,2302,2307,equal,True,Equal,45,,False,False,DNGNFXGW_s045,
DNGNFXGW,512.0,.,2307.0,2308.0,512,.,2307,2308,equal,True,Equal,45,Sentence Ending,False,False,DNGNFXGW_s045,Correct Ending
DNGNFXGW,513.0,Joel,2309.0,2313.0,513,Joel,2309,2313,equal,True,Equal,46,Sentence Beginning,False,False,DNGNFXGW_s046,Correct Beginning
DNGNFXGW,514.0,expertly,2314.0,2322.0,514,expertly,2314,2322,equal,True,Equal,46,,False,False,DNGNFXGW_s046,
DNGNFXGW,515.0,dodged,2323.0,2329.0,515,dodged,2323,2329,equal,True,Equal,46,,False,False,DNGNFXGW_s046,
DNGNFXGW,516.0,and,2330.0,2333.0,516,and,2330,2333,equal,True,Equal,46,,False,False,DNGNFXGW_s046,
DNGNFXGW,517.0,rolled,2334.0,2340.0,517,rolled,2334,2340,equal,True,Equal,46,,False,False,DNGNFXGW_s046,
DNGNFXGW,518.0,away,2341.0,2345.0,518,away,2341,2345,equal,True,Equal,46,,False,False,DNGNFXGW_s046,
DNGNFXGW,519.0,from,2346.0,2350.0,519,from,2346,2350,equal,True,Equal,46,,False,False,DNGNFXGW_s046,
DNGNFXGW,520.0,the,2351.0,2354.0,520,the,2351,2354,equal,True,Equal,46,,False,False,DNGNFXGW_s046,
DNGNFXGW,521.0,attacks,2355.0,2362.0,521,attacks,2355,2362,equal,True,Equal,46,,False,False,DNGNFXGW_s046,
DNGNFXGW,522.0,",",2362.0,2363.0,522,",",2362,2363,equal,True,Equal,46,,False,False,DNGNFXGW_s046,
DNGNFXGW,523.0,shortening,2364.0,2374.0,523,shortening,2364,2374,equal,True,Equal,46,,False,False,DNGNFXGW_s046,
DNGNFXGW,524.0,the,2375.0,2378.0,524,the,2375,2378,equal,True,Equal,46,,False,False,DNGNFXGW_s046,
DNGNFXGW,525.0,distance,2379.0,2387.0,525,distance,2379,2387,equal,True,Equal,46,,False,False,DNGNFXGW_s046,
DNGNFXGW,526.0,between,2388.0,2395.0,526,between,2388,2395,equal,True,Equal,46,,False,False,DNGNFXGW_s046,
DNGNFXGW,527.0,them,2396.0,2400.0,527,them,2396,2400,equal,True,Equal,46,,False,False,DNGNFXGW_s046,
DNGNFXGW,528.0,.,2400.0,2401.0,528,.,2400,2401,equal,True,Equal,46,Sentence Ending,False,False,DNGNFXGW_s046,Correct Ending
DNGNFXGW,529.0,Just,2402.0,2406.0,529,Just,2402,2406,equal,True,Equal,47,Sentence Beginning,False,False,DNGNFXGW_s047,Correct Beginning
DNGNFXGW,530.0,as,2407.0,2409.0,530,as,2407,2409,equal,True,Equal,47,,False,False,DNGNFXGW_s047,
DNGNFXGW,531.0,the,2410.0,2413.0,531,the,2410,2413,equal,True,Equal,47,,False,False,DNGNFXGW_s047,
DNGNFXGW,532.0,dragon,2414.0,2420.0,532,dragon,2414,2420,equal,True,Equal,47,,False,False,DNGNFXGW_s047,
DNGNFXGW,533.0,inhaled,2421.0,2428.0,533,inhaled,2421,2428,equal,True,Equal,47,,False,False,DNGNFXGW_s047,
DNGNFXGW,534.0,mightily,2429.0,2437.0,534,mightily,2429,2437,equal,True,Equal,47,,False,False,DNGNFXGW_s047,
DNGNFXGW,535.0,",",2437.0,2438.0,535,",",2437,2438,equal,True,Equal,47,,False,False,DNGNFXGW_s047,
DNGNFXGW,536.0,Joel,2439.0,2443.0,536,Joel,2439,2443,equal,True,Equal,47,,False,False,DNGNFXGW_s047,
DNGNFXGW,537.0,clambered,2444.0,2453.0,537,clambered,2444,2453,equal,True,Equal,47,,False,False,DNGNFXGW_s047,
DNGNFXGW,538.0,up,2454.0,2456.0,538,up,2454,2456,equal,True,Equal,47,,False,False,DNGNFXGW_s047,
DNGNFXGW,539.0,a,2457.0,2458.0,539,a,2457,2458,equal,True,Equal,47,,False,False,DNGNFXGW_s047,
DNGNFXGW,540.0,diamond,2459.0,2466.0,540,diamond,2459,2466,equal,True,Equal,47,,False,False,DNGNFXGW_s047,
DNGNFXGW,541.0,throne,2467.0,2473.0,541,throne,2467,2473,equal,True,Equal,47,,False,False,DNGNFXGW_s047,
DNGNFXGW,542.0,and,2474.0,2477.0,542,and,2474,2477,equal,True,Equal,47,,False,False,DNGNFXGW_s047,
DNGNFXGW,543.0,leaped,2478.0,2484.0,543,leaped,2478,2484,equal,True,Equal,47,,False,False,DNGNFXGW_s047,
DNGNFXGW,544.0,onto,2485.0,2489.0,544,onto,2485,2489,equal,True,Equal,47,,False,False,DNGNFXGW_s047,
DNGNFXGW,545.0,the,2490.0,2493.0,545,the,2490,2493,equal,True,Equal,47,,False,False,DNGNFXGW_s047,
DNGNFXGW,546.0,dragon,2494.0,2500.0,546,dragon,2494,2500,equal,True,Equal,47,,False,False,DNGNFXGW_s047,
DNGNFXGW,547.0,',2500.0,2501.0,547,',2500,2501,equal,True,Equal,47,,False,False,DNGNFXGW_s047,
DNGNFXGW,548.0,s,2501.0,2502.0,548,s,2501,2502,equal,True,Equal,47,,False,False,DNGNFXGW_s047,
DNGNFXGW,549.0,head,2503.0,2507.0,549,head,2503,2507,equal,True,Equal,47,,False,False,DNGNFXGW_s047,
DNGNFXGW,550.0,",",2507.0,2508.0,550,",",2507,2508,equal,True,Equal,47,,False,False,DNGNFXGW_s047,
DNGNFXGW,551.0,sword,2509.0,2514.0,551,sword,2509,2514,equal,True,Equal,47,,False,False,DNGNFXGW_s047,
DNGNFXGW,552.0,clasped,2515.0,2522.0,552,clasped,2515,2522,equal,True,Equal,47,,False,False,DNGNFXGW_s047,
DNGNFXGW,553.0,in,2523.0,2525.0,553,in,2523,2525,equal,True,Equal,47,,False,False,DNGNFXGW_s047,
DNGNFXGW,554.0,both,2526.0,2530.0,554,both,2526,2530,equal,True,Equal,47,,False,False,DNGNFXGW_s047,
DNGNFXGW,555.0,hands,2531.0,2536.0,555,hands,2531,2536,equal,True,Equal,47,,False,False,DNGNFXGW_s047,
DNGNFXGW,556.0,.,2536.0,2537.0,556,.,2536,2537,equal,True,Equal,47,Sentence Ending,False,False,DNGNFXGW_s047,Correct Ending
DNGNFXGW,557.0,She,2538.0,2541.0,557,She,2538,2541,equal,True,Equal,48,Sentence Beginning,False,False,DNGNFXGW_s048,Correct Beginning
DNGNFXGW,558.0,thrust,2542.0,2548.0,558,thrust,2542,2548,equal,True,Equal,48,,False,False,DNGNFXGW_s048,
DNGNFXGW,559.0,downwards,2549.0,2558.0,559,downwards,2549,2558,equal,True,Equal,48,,False,False,DNGNFXGW_s048,
DNGNFXGW,560.0,",",2558.0,2559.0,560,",",2558,2559,equal,True,Equal,48,,False,False,DNGNFXGW_s048,
DNGNFXGW,561.0,and,2560.0,2563.0,561,and,2560,2563,equal,True,Equal,48,,False,False,DNGNFXGW_s048,
DNGNFXGW,562.0,the,2564.0,2567.0,562,the,2564,2567,equal,True,Equal,48,,False,False,DNGNFXGW_s048,
DNGNFXGW,563.0,dragon,2568.0,2574.0,563,dragon,2568,2574,equal,True,Equal,48,,False,False,DNGNFXGW_s048,
DNGNFXGW,564.0,shrieked,2575.0,2583.0,564,shrieked,2575,2583,equal,True,Equal,48,,False,False,DNGNFXGW_s048,
DNGNFXGW,565.0,",",2583.0,2584.0,565,",",2583,2584,equal,True,Equal,48,,False,False,DNGNFXGW_s048,
DNGNFXGW,566.0,and,2585.0,2588.0,566,and,2585,2588,equal,True,Equal,48,,False,False,DNGNFXGW_s048,
DNGNFXGW,567.0,shook,2589.0,2594.0,567,shook,2589,2594,equal,True,Equal,48,,False,False,DNGNFXGW_s048,
DNGNFXGW,568.0,.,2594.0,2595.0,568,.,2594,2595,equal,True,Equal,48,Sentence Ending,False,False,DNGNFXGW_s048,Correct Ending
DNGNFXGW,569.0,Until,2596.0,2601.0,569,Until,2596,2601,equal,True,Equal,49,Sentence Beginning,False,False,DNGNFXGW_s049,Correct Beginning
DNGNFXGW,570.0,finally,2602.0,2609.0,570,finally,2602,2609,equal,True,Equal,49,,False,False,DNGNFXGW_s049,
DNGNFXGW,571.0,",",2609.0,2610.0,571,",",2609,2610,equal,True,Equal,49,,False,False,DNGNFXGW_s049,
DNGNFXGW,572.0,silence,2611.0,2618.0,572,silence,2611,2618,equal,True,Equal,49,,False,False,DNGNFXGW_s049,
DNGNFXGW,573.0,filled,2619.0,2625.0,573,filled,2619,2625,equal,True,Equal,49,,False,False,DNGNFXGW_s049,
DNGNFXGW,574.0,the,2626.0,2629.0,574,the,2626,2629,equal,True,Equal,49,,False,False,DNGNFXGW_s049,
DNGNFXGW,575.0,room,2630.0,2634.0,575,room,2630,2634,equal,True,Equal,49,,False,False,DNGNFXGW_s049,
DNGNFXGW,576.0,",",2634.0,2635.0,576,",",2634,2635,equal,True,Equal,49,,False,False,DNGNFXGW_s049,
DNGNFXGW,577.0,and,2636.0,2639.0,577,and,2636,2639,equal,True,Equal,49,,False,False,DNGNFXGW_s049,
DNGNFXGW,578.0,a,2640.0,2641.0,578,a,2640,2641,equal,True,Equal,49,,False,False,DNGNFXGW_s049,
DNGNFXGW,579.0,mighty,2642.0,2648.0,579,mighty,2642,2648,equal,True,Equal,49,,False,False,DNGNFXGW_s049,
DNGNFXGW,580.0,impact,2649.0,2655.0,580,impact,2649,2655,equal,True,Equal,49,,False,False,DNGNFXGW_s049,
DNGNFXGW,581.0,shook,2656.0,2661.0,581,shook,2656,2661,equal,True,Equal,49,,False,False,DNGNFXGW_s049,
DNGNFXGW,582.0,the,2662.0,2665.0,582,the,2662,2665,equal,True,Equal,49,,False,False,DNGNFXGW_s049,
DNGNFXGW,583.0,treasure,2666.0,2674.0,583,treasure,2666,2674,equal,True,Equal,49,,False,False,DNGNFXGW_s049,
DNGNFXGW,584.0,.,2674.0,2675.0,584,.,2674,2675,equal,True,Equal,49,Sentence Ending,False,False,DNGNFXGW_s049,Correct Ending
DNGNFXGW,585.0,It,2675.0,2677.0,585,It,2675,2677,equal,True,Equal,50,Sentence Beginning,False,False,DNGNFXGW_s050,Correct Beginning
DNGNFXGW,586.0,is,2678.0,2680.0,586,is,2678,2680,equal,True,Equal,50,,False,False,DNGNFXGW_s050,
DNGNFXGW,587.0,done,2681.0,2685.0,587,done,2681,2685,equal,True,Equal,50,,False,False,DNGNFXGW_s050,
DNGNFXGW,588.0,.,2685.0,2686.0,588,.,2685,2686,equal,True,Equal,50,Sentence Ending,False,False,DNGNFXGW_s050,Correct Ending
DNGNFXGW,589.0,Noel,2687.0,2691.0,589,Noel,2687,2691,equal,True,Equal,51,Sentence Beginning,False,False,DNGNFXGW_s051,Correct Beginning
DNGNFXGW,590.0,grinned,2692.0,2699.0,590,grinned,2692,2699,equal,True,Equal,51,,False,False,DNGNFXGW_s051,
DNGNFXGW,591.0,",",2699.0,2700.0,591,",",2699,2700,equal,True,Equal,51,,False,False,DNGNFXGW_s051,
DNGNFXGW,592.0,thrilled,2701.0,2709.0,592,thrilled,2701,2709,equal,True,Equal,51,,False,False,DNGNFXGW_s051,
DNGNFXGW,593.0,and,2710.0,2713.0,593,and,2710,2713,equal,True,Equal,51,,False,False,DNGNFXGW_s051,
DNGNFXGW,594.0,exasperated,2714.0,2725.0,594,exasperated,2714,2725,equal,True,Equal,51,,False,False,DNGNFXGW_s051,
DNGNFXGW,595.0,.,2725.0,2726.0,595,.,2725,2726,equal,True,Equal,51,Sentence Ending,False,False,DNGNFXGW_s051,Correct Ending
DNGNFXGW,596.0,She,2727.0,2730.0,596,She,2727,2730,equal,True,Equal,52,Sentence Beginning,False,False,DNGNFXGW_s052,Correct Beginning
DNGNFXGW,597.0,searched,2731.0,2739.0,597,searched,2731,2739,equal,True,Equal,52,,False,False,DNGNFXGW_s052,
DNGNFXGW,598.0,the,2740.0,2743.0,598,the,2740,2743,equal,True,Equal,52,,False,False,DNGNFXGW_s052,
DNGNFXGW,599.0,room,2744.0,2748.0,599,room,2744,2748,equal,True,Equal,52,,False,False,DNGNFXGW_s052,
DNGNFXGW,600.0,",",2748.0,2749.0,600,",",2748,2749,equal,True,Equal,52,,False,False,DNGNFXGW_s052,
DNGNFXGW,601.0,and,2750.0,2753.0,601,and,2750,2753,equal,True,Equal,52,,False,False,DNGNFXGW_s052,
DNGNFXGW,602.0,gathered,2754.0,2762.0,602,gathered,2754,2762,equal,True,Equal,52,,False,False,DNGNFXGW_s052,
DNGNFXGW,603.0,samples,2763.0,2770.0,603,samples,2763,2770,equal,True,Equal,52,,False,False,DNGNFXGW_s052,
DNGNFXGW,604.0,of,2771.0,2773.0,604,of,2771,2773,equal,True,Equal,52,,False,False,DNGNFXGW_s052,
DNGNFXGW,605.0,the,2774.0,2777.0,605,the,2774,2777,equal,True,Equal,52,,False,False,DNGNFXGW_s052,
DNGNFXGW,606.0,treasure,2778.0,2786.0,606,treasure,2778,2786,equal,True,Equal,52,,False,False,DNGNFXGW_s052,
DNGNFXGW,607.0,.,2786.0,2787.0,607,.,2786,2787,equal,True,Equal,52,Sentence Ending,False,False,DNGNFXGW_s052,Correct Ending
DNGNFXGW,608.0,As,2788.0,2790.0,608,As,2788,2790,equal,True,Equal,53,Sentence Beginning,False,False,DNGNFXGW_s053,Correct Beginning
DNGNFXGW,609.0,she,2791.0,2794.0,609,she,2791,2794,equal,True,Equal,53,,False,False,DNGNFXGW_s053,
DNGNFXGW,610.0,happily,2795.0,2802.0,610,happily,2795,2802,equal,True,Equal,53,,False,False,DNGNFXGW_s053,
DNGNFXGW,611.0,skipped,2803.0,2810.0,611,skipped,2803,2810,equal,True,Equal,53,,False,False,DNGNFXGW_s053,
DNGNFXGW,612.0,the,2811.0,2814.0,612,the,2811,2814,equal,True,Equal,53,,False,False,DNGNFXGW_s053,
DNGNFXGW,613.0,way,2815.0,2818.0,613,way,2815,2818,equal,True,Equal,53,,False,False,DNGNFXGW_s053,
DNGNFXGW,614.0,she,2819.0,2822.0,614,she,2819,2822,equal,True,Equal,53,,False,False,DNGNFXGW_s053,
DNGNFXGW,615.0,came,2823.0,2827.0,615,came,2823,2827,equal,True,Equal,53,,False,False,DNGNFXGW_s053,
DNGNFXGW,616.0,",",2827.0,2828.0,616,",",2827,2828,equal,True,Equal,53,,False,False,DNGNFXGW_s053,
DNGNFXGW,617.0,she,2829.0,2832.0,617,she,2829,2832,equal,True,Equal,53,,False,False,DNGNFXGW_s053,
DNGNFXGW,618.0,thought,2833.0,2840.0,618,thought,2833,2840,equal,True,Equal,53,,False,False,DNGNFXGW_s053,
DNGNFXGW,619.0,to,2841.0,2843.0,619,to,2841,2843,equal,True,Equal,53,,False,False,DNGNFXGW_s053,
DNGNFXGW,620.0,herself,2844.0,2851.0,620,herself,2844,2851,equal,True,Equal,53,,False,False,DNGNFXGW_s053,
DNGNFXGW,621.0,.,2851.0,2852.0,621,.,2851,2852,equal,True,Equal,53,Sentence Ending,False,False,DNGNFXGW_s053,Correct Ending
DNGNFXGW,622.0,We,2852.0,2854.0,622,We,2852,2854,equal,True,Equal,54,Sentence Beginning,False,False,DNGNFXGW_s054,Correct Beginning
DNGNFXGW,623.0,',2854.0,2855.0,623,',2854,2855,equal,True,Equal,54,,False,False,DNGNFXGW_s054,
DNGNFXGW,624.0,re,2855.0,2857.0,624,re,2855,2857,equal,True,Equal,54,,False,False,DNGNFXGW_s054,
DNGNFXGW,625.0,going,2858.0,2863.0,625,going,2858,2863,equal,True,Equal,54,,False,False,DNGNFXGW_s054,
DNGNFXGW,626.0,to,2864.0,2866.0,626,to,2864,2866,equal,True,Equal,54,,False,False,DNGNFXGW_s054,
DNGNFXGW,627.0,need,2867.0,2871.0,627,need,2867,2871,equal,True,Equal,54,,False,False,DNGNFXGW_s054,
DNGNFXGW,628.0,more,2872.0,2876.0,628,more,2872,2876,equal,True,Equal,54,,False,False,DNGNFXGW_s054,
DNGNFXGW,629.0,people,2877.0,2883.0,629,people,2877,2883,equal,True,Equal,54,,False,False,DNGNFXGW_s054,
DNGNFXGW,630.0,to,2884.0,2886.0,630,to,2884,2886,equal,True,Equal,54,,False,False,DNGNFXGW_s054,
DNGNFXGW,631.0,collect,2887.0,2894.0,631,collect,2887,2894,equal,True,Equal,54,,False,False,DNGNFXGW_s054,
DNGNFXGW,632.0,all,2895.0,2898.0,632,all,2895,2898,equal,True,Equal,54,,False,False,DNGNFXGW_s054,
DNGNFXGW,633.0,this,2899.0,2903.0,633,this,2899,2903,equal,True,Equal,54,,False,False,DNGNFXGW_s054,
DNGNFXGW,634.0,!,2903.0,2904.0,634,!,2903,2904,equal,True,Equal,54,Sentence Ending,False,False,DNGNFXGW_s054,Correct Ending
